

Instance: ../Instances/CKP_Classical_Instances/25/1_70_25
RKO: SA | 
Sol: 0.154 0.824 0.743 0.944 0.105 0.872 0.869 0.036 0.084 0.661 0.321 0.529 0.778 0.982 0.048 0.749 0.878 0.440 0.816 0.868 0.733 0.912 0.539 0.855 0.510 0.498 0.257 0.020 0.855 0.473 0.954 0.744 0.906 0.942 0.434 0.518 0.600 0.993 0.717 0.781 0.257 0.689 0.053 0.802 0.819 0.832 0.849 0.904 0.880 0.083 0.234 0.105 0.018 0.526 0.906 0.959 0.247 0.584 0.232 0.888 0.383 0.561 0.793 0.037 0.285 0.771 0.957 0.822 0.525 0.535 
ofv: -1287712.000000
Best time: 9.352
Total time:10.157 


Instance: ../Instances/CKP_Classical_Instances/25/2_70_25
RKO: SA | 
Sol: 0.675 0.023 0.527 0.087 0.614 0.107 0.539 0.907 0.814 0.613 0.542 0.578 0.759 0.567 0.894 0.715 0.667 0.612 0.610 0.869 0.793 0.352 0.171 0.783 0.547 0.881 0.683 0.548 0.971 0.506 0.588 0.760 0.677 0.654 0.996 0.761 0.686 0.875 0.775 0.567 0.664 0.710 0.881 0.540 0.881 0.551 0.253 0.923 0.784 0.977 0.968 0.915 0.512 0.899 0.883 0.212 0.869 0.611 0.740 0.779 0.670 0.871 0.125 0.834 0.945 0.756 0.249 0.510 0.758 0.562 
ofv: -2697928.000000
Best time: 9.172
Total time:10.224 


Instance: ../Instances/CKP_Classical_Instances/25/3_70_25
RKO: SA | 
Sol: 0.578 0.093 0.084 0.212 0.868 0.024 0.132 0.961 0.800 0.738 0.835 0.737 0.414 0.441 0.842 0.648 0.067 0.085 0.834 0.997 0.070 0.679 0.500 0.042 0.537 0.387 0.941 0.281 0.218 0.259 0.302 0.786 0.384 0.111 0.515 0.874 0.967 0.735 0.694 0.864 0.685 0.620 0.150 0.379 0.098 0.364 0.535 0.434 0.774 0.966 0.916 0.603 0.657 0.539 0.042 0.868 0.660 0.445 0.409 0.263 0.668 0.874 0.746 0.697 0.619 0.069 0.958 0.464 0.234 0.761 
ofv: -721513.000000
Best time: 8.306
Total time:10.076 


Instance: ../Instances/CKP_Classical_Instances/25/4_70_25
RKO: SA | 
Sol: 0.931 0.689 0.916 0.540 0.910 0.972 0.666 0.897 0.906 0.710 0.747 0.883 0.997 0.512 0.871 0.909 0.599 0.846 0.572 0.875 0.987 0.668 0.511 0.735 0.982 0.615 0.710 0.854 0.977 0.953 0.902 0.720 0.545 0.908 0.755 0.847 0.860 0.723 0.803 0.675 0.974 0.692 0.762 0.701 0.677 0.947 0.709 0.766 0.716 0.741 0.516 0.883 0.721 0.649 0.869 0.842 0.630 0.594 0.874 0.099 0.938 0.907 0.889 0.705 0.803 0.974 0.710 0.832 0.897 0.892 
ofv: -4046545.000000
Best time: 8.397
Total time:10.262 


Instance: ../Instances/CKP_Classical_Instances/25/5_70_25
RKO: SA | 
Sol: 0.667 0.848 0.949 0.971 0.539 0.064 0.421 0.853 0.819 0.797 0.748 0.948 0.290 0.809 0.643 0.583 0.633 0.550 0.983 0.861 0.694 0.875 0.012 0.791 0.817 0.617 0.989 0.156 0.549 0.730 0.564 0.901 0.304 0.910 0.472 0.768 0.957 0.936 0.660 0.612 0.701 0.821 0.640 0.773 0.507 0.891 0.943 0.866 0.894 0.047 0.733 0.796 0.204 0.860 0.836 0.135 0.859 0.586 0.503 0.719 0.309 0.900 0.837 0.820 0.663 0.511 0.453 0.843 0.904 0.638 
ofv: -2395403.000000
Best time: 5.576
Total time:10.039 


Instance: ../Instances/CKP_Classical_Instances/25/6_70_25
RKO: SA | 
Sol: 0.944 0.242 0.849 0.642 0.916 0.363 0.982 0.769 0.674 0.934 0.982 0.563 0.978 0.664 0.720 0.765 0.878 0.742 0.924 0.023 0.958 0.796 0.022 0.613 0.849 0.913 0.893 0.730 0.494 0.608 0.434 0.639 0.669 0.522 0.892 0.662 0.660 0.569 0.626 0.502 0.399 0.642 0.698 0.810 0.544 0.799 0.670 0.374 0.964 0.665 0.964 0.034 0.774 0.652 0.704 0.885 0.561 0.193 0.524 0.956 0.656 0.725 0.983 0.277 0.790 0.722 0.875 0.887 0.996 0.630 
ofv: -2529810.000000
Best time: 9.625
Total time:10.151 


Instance: ../Instances/CKP_Classical_Instances/25/7_70_25
RKO: SA | 
Sol: 0.562 0.527 0.672 0.416 0.973 0.626 0.460 0.810 0.925 0.626 0.810 0.598 0.598 0.759 0.706 0.064 0.841 0.082 0.809 0.980 0.739 0.534 0.739 0.675 0.922 0.923 0.862 0.415 0.598 0.811 0.995 0.842 0.780 0.848 0.976 0.804 0.549 0.986 0.690 0.608 0.742 0.647 0.688 0.495 0.576 0.872 0.581 0.830 0.706 0.706 0.834 0.657 0.758 0.192 0.735 0.793 0.793 0.983 0.697 0.225 0.746 0.779 0.755 0.307 0.581 0.074 0.213 0.866 0.882 0.875 
ofv: -2560008.000000
Best time: 3.666
Total time:10.183 


Instance: ../Instances/CKP_Classical_Instances/25/8_70_25
RKO: SA | 
Sol: 0.481 0.006 0.202 0.289 0.919 0.538 0.653 0.154 0.334 0.470 0.799 0.424 0.855 0.687 0.518 0.357 0.925 0.681 0.833 0.976 0.094 0.564 0.307 0.186 0.009 0.405 0.376 0.813 0.538 0.133 0.081 0.979 0.792 0.479 0.710 0.740 0.114 0.930 0.499 0.858 0.321 0.687 0.526 0.727 0.482 0.101 0.475 0.100 0.925 0.045 0.659 0.119 0.605 0.563 0.303 0.452 0.428 0.989 0.458 0.509 0.500 0.569 0.807 0.189 0.269 0.930 0.184 0.438 0.003 0.494 
ofv: -388722.000000
Best time: 9.108
Total time:10.245 


Instance: ../Instances/CKP_Classical_Instances/25/9_70_25
RKO: SA | 
Sol: 0.336 0.182 0.276 0.396 0.456 0.471 0.405 0.655 0.516 0.035 0.141 0.726 0.379 0.407 0.346 0.303 0.310 0.041 0.891 0.911 0.543 0.178 0.518 0.592 0.143 0.008 0.810 0.959 0.206 0.357 0.413 0.706 0.984 0.268 0.308 0.609 0.209 0.856 0.368 0.979 0.721 0.214 0.441 0.369 0.467 0.431 0.753 0.481 0.866 0.144 0.433 0.665 0.307 0.070 0.378 0.429 0.190 0.329 0.415 0.336 0.406 0.340 0.584 0.672 0.158 0.572 0.307 0.757 0.751 0.836 
ofv: -187144.000000
Best time: 2.963
Total time:10.230 


Instance: ../Instances/CKP_Classical_Instances/25/10_70_25
RKO: SA | 
Sol: 0.827 0.969 0.837 0.690 0.686 0.734 0.918 0.563 0.750 0.773 0.842 0.701 0.918 0.666 0.946 0.819 0.622 0.692 0.921 0.564 0.772 0.906 0.727 0.768 0.329 0.554 0.516 0.850 0.271 0.594 0.724 0.792 0.730 0.827 0.551 0.935 0.027 0.590 0.782 0.676 0.744 0.756 0.329 0.979 0.657 0.726 0.648 0.809 0.897 0.620 0.837 0.686 0.094 0.728 0.455 0.954 0.743 0.379 0.853 0.724 0.850 0.569 0.769 0.597 0.917 0.606 0.821 0.870 0.529 0.677 
ofv: -3100082.000000
Best time: 7.897
Total time:10.171 


Instance: ../Instances/CKP_Classical_Instances/50/1_70_50
RKO: SA | 
Sol: 0.765 0.573 0.824 0.604 0.836 0.445 0.590 0.631 0.626 0.645 0.169 0.833 0.424 0.307 0.515 0.687 0.603 0.301 0.793 0.513 0.044 0.522 0.960 0.625 0.669 0.885 0.538 0.649 0.958 0.842 0.884 0.293 0.800 0.845 0.654 0.681 0.490 0.047 0.547 0.980 0.533 0.918 0.754 0.793 0.506 0.511 0.905 0.715 0.297 0.595 0.859 0.333 0.450 0.526 0.555 0.642 0.875 0.454 0.677 0.515 0.561 0.559 0.509 0.588 0.705 0.991 0.689 0.725 0.877 0.594 
ofv: -4535086.000000
Best time: 3.642
Total time:10.013 


Instance: ../Instances/CKP_Classical_Instances/50/2_70_50
RKO: SA | 
Sol: 0.050 0.283 0.077 0.229 0.152 0.028 0.409 0.335 0.455 0.019 0.391 0.952 0.121 0.898 0.585 0.994 0.424 0.826 0.412 0.457 0.676 0.042 0.371 0.772 0.097 0.406 0.203 0.232 0.803 0.507 0.306 0.956 0.174 0.431 0.349 0.778 0.318 0.358 0.219 0.916 0.990 0.245 0.596 0.477 0.435 0.589 0.994 0.164 0.713 0.446 0.156 0.396 0.185 0.436 0.411 0.009 0.896 0.006 0.640 0.502 0.283 0.732 0.292 0.342 0.362 0.825 0.247 0.330 0.477 0.564 
ofv: -303015.000000
Best time: 9.548
Total time:10.267 


Instance: ../Instances/CKP_Classical_Instances/50/3_70_50
RKO: SA | 
Sol: 0.522 0.908 0.631 0.458 0.945 0.704 0.589 0.748 0.514 0.822 0.660 0.101 0.206 0.112 0.923 0.094 0.433 0.964 0.964 0.991 0.728 0.495 0.637 0.723 0.417 0.514 0.238 0.848 0.925 0.587 0.741 0.663 0.793 0.726 0.676 0.824 0.173 0.720 0.814 0.625 0.308 0.668 0.897 0.806 0.728 0.228 0.334 0.897 0.639 0.689 0.387 0.486 0.792 0.700 0.690 0.911 0.853 0.633 0.075 0.495 0.934 0.897 0.108 0.762 0.875 0.948 0.951 0.661 0.887 0.099 
ofv: -3276272.000000
Best time: 7.813
Total time:10.050 


Instance: ../Instances/CKP_Classical_Instances/50/4_70_50
RKO: SA | 
Sol: 0.309 0.883 0.059 0.359 0.979 0.177 0.103 0.329 0.324 0.236 0.026 0.062 0.437 0.123 0.394 0.168 0.028 0.378 0.420 0.442 0.205 0.239 0.365 0.147 0.195 0.202 0.347 0.178 0.447 0.123 0.294 0.192 0.025 0.224 0.686 0.434 0.432 0.498 0.012 0.633 0.359 0.715 0.259 0.332 0.063 0.402 0.148 0.380 0.023 0.100 0.630 0.144 0.287 0.447 0.215 0.216 0.174 0.196 0.441 0.329 0.228 0.367 0.413 0.471 0.062 0.140 0.325 0.129 0.453 0.369 
ofv: -6558.000000
Best time: 7.256
Total time:10.121 


Instance: ../Instances/CKP_Classical_Instances/50/5_70_50
RKO: SA | 
Sol: 0.894 0.645 0.354 0.965 0.660 0.535 0.665 0.216 0.607 0.689 0.519 0.680 0.940 0.712 0.831 0.918 0.806 0.969 0.891 0.895 0.857 0.751 0.585 0.600 0.585 0.966 0.978 0.969 0.968 0.749 0.594 0.295 0.704 0.821 0.985 0.768 0.552 0.734 0.601 0.597 0.993 0.731 0.733 0.826 0.941 0.912 0.158 0.738 0.695 0.789 0.900 0.585 0.817 0.756 0.597 0.821 0.921 0.583 0.732 0.806 0.706 0.970 0.725 0.790 0.758 0.761 0.533 0.984 0.726 0.615 
ofv: -7137564.000000
Best time: 9.378
Total time:10.030 


Instance: ../Instances/CKP_Classical_Instances/50/6_70_50
RKO: SA | 
Sol: 0.975 0.115 0.635 0.606 0.133 0.733 0.511 0.039 0.312 0.505 0.349 0.767 0.387 0.778 0.750 0.694 0.714 0.896 0.294 0.871 0.009 0.507 0.328 0.348 0.533 0.904 0.394 0.619 0.286 0.992 0.566 0.301 0.681 0.977 0.741 0.612 0.516 0.227 0.379 0.325 0.595 0.654 0.589 0.271 0.565 0.276 0.304 0.596 0.851 0.569 0.154 0.830 0.975 0.202 0.275 0.722 0.680 0.323 0.973 0.377 0.536 0.041 0.829 0.749 0.043 0.214 0.821 0.379 0.871 0.572 
ofv: -1811170.000000
Best time: 5.483
Total time:10.175 


Instance: ../Instances/CKP_Classical_Instances/50/7_70_50
RKO: SA | 
Sol: 0.889 0.634 0.536 0.723 0.666 0.077 0.823 0.878 0.916 0.857 0.800 0.784 0.500 0.542 0.679 0.647 0.781 0.900 0.942 0.815 0.530 0.546 0.960 0.508 0.783 0.899 0.567 0.920 0.521 0.926 0.560 0.559 0.780 0.765 0.570 0.763 0.813 0.899 0.744 0.513 0.646 0.954 0.645 0.581 0.739 0.988 0.547 0.639 0.884 0.946 0.841 0.641 0.829 0.778 0.529 0.985 0.981 0.902 0.977 0.599 0.949 0.529 0.725 0.521 0.598 0.548 0.746 0.800 0.599 0.643 
ofv: -8082857.000000
Best time: 8.177
Total time:10.215 


Instance: ../Instances/CKP_Classical_Instances/50/8_70_50
RKO: SA | 
Sol: 0.807 0.933 0.731 0.949 0.846 0.838 0.914 0.928 0.777 0.808 0.929 0.716 0.858 0.501 0.890 0.534 0.511 0.953 0.992 0.403 0.997 0.807 0.129 0.527 0.567 0.142 0.909 0.747 0.883 0.893 0.557 0.889 0.104 0.909 0.765 0.670 0.715 0.351 0.932 0.959 0.827 0.739 0.044 0.094 0.698 0.740 0.841 0.544 0.981 0.652 0.837 0.924 0.936 0.079 0.643 0.807 0.869 0.536 0.852 0.508 0.583 0.579 0.646 0.752 0.927 0.166 0.597 0.968 0.952 0.718 
ofv: -5614088.000000
Best time: 8.122
Total time:10.035 


Instance: ../Instances/CKP_Classical_Instances/50/9_70_50
RKO: SA | 
Sol: 0.869 0.550 0.676 0.725 0.594 0.566 0.712 0.786 0.875 0.787 0.794 0.655 0.439 0.583 0.751 0.940 0.603 0.852 0.673 0.963 0.763 0.602 0.506 0.830 0.380 0.565 0.936 0.610 0.676 0.912 0.681 0.699 0.812 0.720 0.837 0.685 0.711 0.870 0.926 0.474 0.858 0.526 0.755 0.608 0.500 0.696 0.708 0.654 0.545 0.701 0.581 0.706 0.568 0.540 0.732 0.321 0.690 0.743 0.570 0.642 0.787 0.930 0.852 0.528 0.965 0.732 0.865 0.935 0.963 0.517 
ofv: -7055553.000000
Best time: 2.000
Total time:10.098 


Instance: ../Instances/CKP_Classical_Instances/50/10_70_50
RKO: SA | 
Sol: 0.080 0.879 0.751 0.736 0.838 0.926 0.764 0.941 0.877 0.947 0.667 0.809 0.762 0.590 0.911 0.769 0.786 0.595 0.946 0.739 0.811 0.987 0.838 0.785 0.925 0.659 0.602 0.777 0.646 0.522 0.945 0.863 0.825 0.886 0.991 0.831 0.691 0.942 0.921 0.938 0.465 0.922 0.030 0.991 0.927 0.918 0.820 0.779 0.760 0.993 0.850 0.809 0.590 0.608 0.398 0.579 0.515 0.692 0.712 0.869 0.917 0.547 0.816 0.283 0.683 0.642 0.658 0.933 0.883 0.514 
ofv: -6812522.000000
Best time: 7.406
Total time:10.047 


Instance: ../Instances/CKP_Classical_Instances/75/1_70_75
RKO: SA | 
Sol: 0.911 0.389 0.741 0.720 0.761 0.805 0.929 0.977 0.652 0.535 0.737 0.772 0.829 0.529 0.644 0.959 0.986 0.966 0.455 0.559 0.560 0.943 0.550 0.826 0.839 0.841 0.634 0.817 0.672 0.563 0.565 0.135 0.581 0.943 0.699 0.564 0.693 0.794 0.888 0.624 0.062 0.570 0.526 0.583 0.639 0.516 0.735 0.144 0.693 0.646 0.647 0.519 0.665 0.545 0.722 0.760 0.645 0.559 0.742 0.714 0.944 0.917 0.957 0.506 0.742 0.476 0.844 0.692 0.695 0.648 
ofv: -9627235.000000
Best time: 8.695
Total time:10.228 


Instance: ../Instances/CKP_Classical_Instances/75/2_70_75
RKO: SA | 
Sol: 0.833 0.485 0.096 0.732 0.116 0.811 0.250 0.135 0.996 0.171 0.786 0.837 0.757 0.725 0.840 0.964 0.924 0.680 0.551 0.885 0.820 0.953 0.888 0.518 0.146 0.663 0.664 0.746 0.143 0.093 0.578 0.506 0.551 0.749 0.777 0.807 0.570 0.705 0.726 0.883 0.559 0.779 0.918 0.842 0.993 0.860 0.876 0.382 0.063 0.096 0.785 0.480 0.931 0.021 0.735 0.918 0.011 0.705 0.567 0.588 0.871 0.820 0.939 0.633 0.546 0.891 0.844 0.082 0.530 0.930 
ofv: -5766677.000000
Best time: 10.062
Total time:10.062 


Instance: ../Instances/CKP_Classical_Instances/75/3_70_75
RKO: SA | 
Sol: 0.956 0.737 0.993 0.787 0.747 0.971 0.627 0.617 0.085 0.823 0.460 0.968 0.341 0.542 0.788 0.957 0.550 0.991 0.889 0.642 0.511 0.658 0.717 0.790 0.605 0.542 0.928 0.796 0.653 0.103 0.771 0.607 0.798 0.768 0.268 0.952 0.524 0.135 0.576 0.501 0.894 0.798 0.528 0.608 0.985 0.615 0.063 0.495 0.840 0.935 0.828 0.022 0.594 0.961 0.944 0.981 0.727 0.582 0.677 0.807 0.673 0.734 0.924 0.931 0.428 0.980 0.808 0.968 0.257 0.572 
ofv: -7524771.000000
Best time: 8.939
Total time:10.056 


Instance: ../Instances/CKP_Classical_Instances/75/4_70_75
RKO: SA | 
Sol: 0.253 0.083 0.497 0.315 0.242 0.089 0.270 0.949 0.183 0.003 0.865 0.382 0.357 0.002 0.122 0.151 0.239 0.629 0.096 0.298 0.137 0.912 0.148 0.184 0.303 0.277 0.185 0.166 0.276 0.428 0.856 0.237 0.519 0.382 0.251 0.192 0.386 0.418 0.084 0.400 0.849 0.028 0.286 0.087 0.073 0.407 0.383 0.349 0.002 0.214 0.265 0.104 0.327 0.261 0.014 0.685 0.414 0.781 0.127 0.407 0.430 0.098 0.029 0.183 0.418 0.411 0.100 0.377 0.446 0.283 
ofv: -27839.000000
Best time: 7.408
Total time:10.269 


Instance: ../Instances/CKP_Classical_Instances/75/5_70_75
RKO: SA | 
Sol: 0.586 0.652 0.954 0.958 0.632 0.941 0.158 0.164 0.667 0.478 0.620 0.777 0.082 0.762 0.060 0.159 0.760 0.270 0.578 0.456 0.631 0.422 0.534 0.125 0.591 0.481 0.858 0.950 0.037 0.787 0.258 0.279 0.208 0.082 0.938 0.335 0.519 0.226 0.543 0.168 0.712 0.374 0.600 0.279 0.391 0.406 0.834 0.309 0.593 0.522 0.982 0.614 0.092 0.216 0.447 0.668 0.945 0.246 0.208 0.214 0.615 0.658 0.257 0.174 0.302 0.210 0.791 0.791 0.360 0.386 
ofv: -1393951.000000
Best time: 8.254
Total time:10.176 


Instance: ../Instances/CKP_Classical_Instances/75/6_70_75
RKO: SA | 
Sol: 0.489 0.634 0.777 0.886 0.203 0.354 0.578 0.625 0.542 0.336 0.135 0.907 0.054 0.263 0.577 0.641 0.974 0.674 0.515 0.882 0.805 0.848 0.542 0.286 0.660 0.846 0.750 0.857 0.511 0.520 0.935 0.757 0.721 0.202 0.595 0.540 0.712 0.656 0.940 0.618 0.004 0.650 0.632 0.021 0.955 0.498 0.616 0.407 0.692 0.806 0.696 0.914 0.691 0.566 0.791 0.978 0.884 0.642 0.456 0.636 0.859 0.573 0.968 0.577 0.828 0.964 0.296 0.289 0.901 0.036 
ofv: -5454093.000000
Best time: 6.983
Total time:10.079 


Instance: ../Instances/CKP_Classical_Instances/75/7_70_75
RKO: SA | 
Sol: 0.015 0.409 0.331 0.111 0.263 0.312 0.071 0.379 0.094 0.080 0.202 0.109 0.189 0.359 0.194 0.532 0.366 0.065 0.237 0.313 0.225 0.693 0.456 0.202 0.293 0.080 0.766 0.700 0.481 0.138 0.377 0.333 0.221 0.366 0.376 0.097 0.142 0.483 0.442 0.129 0.159 0.851 0.407 0.201 0.320 0.480 0.114 0.438 0.250 0.005 0.271 0.178 0.488 0.454 0.435 0.708 0.306 0.325 0.905 0.417 0.062 0.382 0.320 0.377 0.125 0.471 0.134 0.666 0.414 0.996 
ofv: -19859.000000
Best time: 7.931
Total time:10.075 


Instance: ../Instances/CKP_Classical_Instances/75/8_70_75
RKO: SA | 
Sol: 0.081 0.184 0.235 0.405 0.493 0.410 0.100 0.084 0.139 0.264 0.427 0.203 0.457 0.484 0.568 0.128 0.369 0.495 0.744 0.390 0.430 0.280 0.073 0.341 0.237 0.186 0.184 0.283 0.373 0.715 0.913 0.733 0.370 0.172 0.364 0.241 0.084 0.456 0.411 0.095 0.954 0.453 0.347 0.476 0.500 0.468 0.102 0.692 0.348 0.274 0.266 0.257 0.042 0.060 0.060 0.167 0.373 0.073 0.260 0.033 0.243 0.366 0.078 0.128 0.829 0.200 0.220 0.077 0.356 0.037 
ofv: -17304.000000
Best time: 10.317
Total time:10.317 


Instance: ../Instances/CKP_Classical_Instances/75/9_70_75
RKO: SA | 
Sol: 0.147 0.534 0.086 0.564 0.203 0.742 0.029 0.256 0.060 0.030 0.685 0.729 0.432 0.802 0.540 0.258 0.391 0.027 0.907 0.754 0.991 0.553 0.283 0.259 0.497 0.461 0.631 0.914 0.988 0.551 0.748 0.749 0.925 0.923 0.384 0.041 0.987 0.483 0.430 0.775 0.812 0.782 0.800 0.266 0.385 0.943 0.440 0.267 0.147 0.531 0.796 0.957 0.152 0.240 0.823 0.329 0.660 0.150 0.619 0.901 0.962 0.534 0.876 0.653 0.484 0.925 0.032 0.244 0.909 0.791 
ofv: -2150313.000000
Best time: 1.360
Total time:10.227 


Instance: ../Instances/CKP_Classical_Instances/75/10_70_75
RKO: SA | 
Sol: 0.532 0.393 0.753 0.670 0.595 0.993 0.648 0.957 0.972 0.113 0.776 0.611 0.764 0.933 0.682 0.703 0.011 0.920 0.143 0.917 0.079 0.661 0.647 0.658 0.115 0.892 0.789 0.976 0.410 0.851 0.424 0.797 0.626 0.869 0.112 0.620 0.359 0.675 0.863 0.659 0.524 0.562 0.708 0.869 0.659 0.858 0.651 0.554 0.554 0.859 0.981 0.605 0.536 0.843 0.618 0.777 0.832 0.899 0.620 0.766 0.508 0.760 0.995 0.864 0.069 0.520 0.597 0.112 0.136 0.780 
ofv: -6840803.000000
Best time: 8.418
Total time:10.081 


Instance: ../Instances/CKP_Classical_Instances/100/1_70_100
RKO: SA | 
Sol: 0.782 0.771 0.665 0.869 0.675 0.574 0.791 0.871 0.207 0.040 0.760 0.035 0.986 0.872 0.986 0.552 0.612 0.929 0.255 0.971 0.576 0.032 0.559 0.552 0.952 0.897 0.291 0.951 0.148 0.977 0.899 0.808 0.755 0.942 0.517 0.533 0.836 0.139 0.648 0.513 0.094 0.942 0.069 0.824 0.694 0.971 0.768 0.783 0.905 0.582 0.952 0.964 0.846 0.505 0.810 0.888 0.770 0.748 0.392 0.270 0.468 0.646 0.533 0.673 0.223 0.976 0.874 0.978 0.778 0.886 
ofv: -8630617.000000
Best time: 7.062
Total time:10.132 


Instance: ../Instances/CKP_Classical_Instances/100/2_70_100
RKO: SA | 
Sol: 0.815 0.295 0.654 0.419 0.216 0.349 0.131 0.421 0.171 0.678 0.530 0.263 0.538 0.274 0.639 0.171 0.391 0.504 0.807 0.470 0.276 0.084 0.565 0.211 0.003 0.922 0.082 0.978 0.542 0.719 0.017 0.876 0.215 0.017 0.450 0.184 0.985 0.509 0.826 0.690 0.626 0.603 0.298 0.435 0.323 0.383 0.417 0.817 0.204 0.438 0.541 0.169 0.811 0.230 0.321 0.435 0.096 0.586 0.210 0.785 0.345 0.438 0.094 0.547 0.105 0.286 0.003 0.149 0.132 0.498 
ofv: -844398.000000
Best time: 9.600
Total time:10.021 


Instance: ../Instances/CKP_Classical_Instances/100/3_70_100
RKO: SA | 
Sol: 0.277 0.738 0.217 0.268 0.225 0.492 0.175 0.276 0.358 0.161 0.416 0.558 0.725 0.911 0.814 0.280 0.796 0.370 0.629 0.158 0.934 0.436 0.168 0.107 0.142 0.224 0.080 0.373 0.276 0.539 0.307 0.656 0.487 0.667 0.065 0.479 0.217 0.116 0.155 0.071 0.777 0.463 0.875 0.064 0.892 0.112 0.508 0.074 0.248 0.763 0.479 0.260 0.234 0.186 0.207 0.763 0.307 0.770 0.413 0.858 0.264 0.511 0.388 0.223 0.974 0.456 0.647 0.640 0.897 0.742 
ofv: -739296.000000
Best time: 6.465
Total time:10.301 


Instance: ../Instances/CKP_Classical_Instances/100/4_70_100
RKO: SA | 
Sol: 0.299 0.678 0.917 0.355 0.887 0.746 0.575 0.654 0.736 0.472 0.396 0.728 0.241 0.390 0.375 0.062 0.096 0.905 0.682 0.774 0.854 0.203 0.100 0.733 0.047 0.102 0.809 0.955 0.565 0.686 0.947 0.775 0.190 0.842 0.187 0.396 0.586 0.396 0.015 0.597 0.060 0.565 0.339 0.602 0.593 0.582 0.786 0.503 0.125 0.913 0.518 0.385 0.001 0.127 0.638 0.301 0.258 0.667 0.479 0.976 0.855 0.110 0.903 0.744 0.673 0.209 0.854 0.149 0.168 0.822 
ofv: -2836556.000000
Best time: 9.717
Total time:10.250 


Instance: ../Instances/CKP_Classical_Instances/100/5_70_100
RKO: SA | 
Sol: 0.950 0.068 0.290 0.384 0.389 0.546 0.066 0.854 0.142 0.969 0.105 0.784 0.944 0.084 0.448 0.042 0.902 0.338 0.458 0.306 0.188 0.020 0.200 0.358 0.019 0.290 0.659 0.567 0.020 0.268 0.181 0.351 0.327 0.457 0.979 0.444 0.047 0.447 0.457 0.376 0.475 0.483 0.232 0.070 0.080 0.673 0.276 0.554 0.210 0.270 0.004 0.881 0.322 0.019 0.154 0.498 0.223 0.436 0.281 0.420 0.108 0.762 0.019 0.685 0.146 0.097 0.363 0.041 0.093 0.063 
ofv: -160192.000000
Best time: 7.810
Total time:10.138 


Instance: ../Instances/CKP_Classical_Instances/100/6_70_100
RKO: SA | 
Sol: 0.083 0.128 0.024 0.765 0.439 0.024 0.429 0.133 0.319 0.205 0.823 0.331 0.290 0.682 0.065 0.446 0.236 0.380 0.042 0.774 0.059 0.141 0.335 0.449 0.030 0.449 0.232 0.958 0.598 0.024 0.442 0.127 0.002 0.243 0.218 0.288 0.066 0.286 0.040 0.341 0.415 0.015 0.132 0.480 0.476 0.096 0.416 0.061 0.105 0.612 0.417 0.178 0.137 0.746 0.154 0.154 0.024 0.367 0.147 0.396 0.495 0.585 0.477 0.316 0.492 0.199 0.119 0.907 0.446 0.306 
ofv: -41967.000000
Best time: 4.597
Total time:10.035 


Instance: ../Instances/CKP_Classical_Instances/100/7_70_100
RKO: SA | 
Sol: 0.979 0.210 0.809 0.793 0.200 0.779 0.905 0.329 0.422 0.131 0.979 0.855 0.082 0.806 0.289 0.748 0.032 0.621 0.523 0.075 0.255 0.968 0.690 0.990 0.341 0.803 0.098 0.509 0.862 0.347 0.491 0.606 0.627 0.033 0.427 0.292 0.832 0.842 0.498 0.572 0.367 0.755 0.529 0.609 0.273 0.381 0.744 0.013 0.930 0.517 0.173 0.437 0.669 0.328 0.354 0.738 0.199 0.375 0.932 0.886 0.642 0.808 0.409 0.016 0.122 0.683 0.022 0.198 0.421 0.201 
ofv: -2045985.000000
Best time: 4.721
Total time:10.018 


Instance: ../Instances/CKP_Classical_Instances/100/8_70_100
RKO: SA | 
Sol: 0.482 0.445 0.106 0.852 0.637 0.676 0.327 0.356 0.040 0.493 0.366 0.559 0.019 0.866 0.315 0.506 0.976 0.147 0.738 0.874 0.961 0.289 0.466 0.126 0.369 0.810 0.368 0.495 0.093 0.164 0.483 0.340 0.310 0.030 0.041 0.444 0.028 0.264 0.275 0.011 0.716 0.156 0.149 0.990 0.540 0.229 0.376 0.857 0.397 0.088 0.176 0.346 0.262 0.405 0.946 0.205 0.248 0.247 0.843 0.441 0.523 0.484 0.486 0.932 0.039 0.392 0.881 0.065 0.633 0.625 
ofv: -500594.000000
Best time: 3.145
Total time:10.218 


Instance: ../Instances/CKP_Classical_Instances/100/9_70_100
RKO: SA | 
Sol: 0.651 0.515 0.728 0.510 0.945 0.736 0.564 0.712 0.804 0.748 0.336 0.622 0.074 0.503 0.920 0.879 0.928 0.919 0.749 0.963 0.860 0.509 0.714 0.854 0.933 0.543 0.645 0.569 0.538 0.538 0.738 0.968 0.659 0.854 0.579 0.565 0.622 0.530 0.840 0.915 0.768 0.899 0.927 0.572 0.817 0.792 0.984 0.882 0.684 0.890 0.724 0.922 0.718 0.676 0.698 0.782 0.514 0.880 0.680 0.618 0.537 0.568 0.519 0.600 0.778 0.867 0.650 0.645 0.816 0.773 
ofv: -15445143.000000
Best time: 1.363
Total time:10.231 


Instance: ../Instances/CKP_Classical_Instances/100/10_70_100
RKO: SA | 
Sol: 0.087 0.153 0.625 0.841 0.865 0.915 0.680 0.982 0.621 0.849 0.785 0.948 0.711 0.226 0.778 0.389 0.158 0.568 0.786 0.065 0.521 0.305 0.850 0.925 0.122 0.648 0.452 0.393 0.138 0.874 0.720 0.949 0.832 0.083 0.513 0.623 0.280 0.997 0.380 0.268 0.432 0.080 0.016 0.973 0.553 0.280 0.249 0.529 0.862 0.833 0.616 0.768 0.760 0.009 0.201 0.198 0.659 0.900 0.110 0.674 0.402 0.600 0.499 0.431 0.282 0.895 0.584 0.105 0.645 0.766 
ofv: -3319423.000000
Best time: 9.839
Total time:10.106 


Instance: ../Instances/CKP_Classical_Instances/25/1_70_25
RKO: ILS | 
Sol: 0.564 0.577 0.790 0.069 0.947 0.277 0.453 0.269 0.061 0.124 0.511 0.028 0.334 0.717 0.037 0.569 0.639 0.797 0.658 0.667 0.998 0.340 0.914 0.708 0.595 0.749 0.189 0.095 0.859 0.129 0.326 0.343 0.559 0.967 0.670 0.682 0.695 0.865 0.672 0.759 0.294 0.673 0.076 0.901 0.900 0.722 0.206 0.800 0.770 0.533 0.497 0.226 0.885 0.734 0.614 0.842 0.219 0.986 0.238 0.893 0.589 0.503 0.624 0.419 0.189 0.865 0.559 0.900 0.975 0.636 
ofv: -1288610.000000
Best time: 6.507
Total time:14.642 


Instance: ../Instances/CKP_Classical_Instances/25/2_70_25
RKO: ILS | 
Sol: 0.516 0.889 0.518 0.996 0.392 0.594 0.952 0.521 0.540 0.409 0.555 0.743 0.547 0.712 0.501 0.319 0.522 0.511 0.565 0.879 0.519 0.517 0.518 0.772 0.724 0.809 0.973 0.504 0.649 0.513 0.763 0.893 0.645 0.569 0.848 0.044 0.056 0.505 0.524 0.787 0.903 0.936 0.627 0.508 0.769 0.661 0.179 0.593 0.655 0.509 0.559 0.855 0.906 0.880 0.832 0.435 0.501 0.519 0.257 0.500 0.868 0.714 0.365 0.550 0.548 0.023 0.505 0.833 0.529 0.536 
ofv: -2723946.000000
Best time: 20.751
Total time:20.751 


Instance: ../Instances/CKP_Classical_Instances/25/3_70_25
RKO: ILS | 
Sol: 0.926 0.974 0.259 0.608 0.918 0.547 0.097 0.776 0.669 0.626 0.575 0.778 0.531 0.168 0.179 0.970 0.171 0.058 0.743 0.855 0.333 0.903 0.372 0.499 0.828 0.249 0.996 0.683 0.913 0.429 0.873 0.671 0.972 0.815 0.574 0.973 0.237 0.706 0.099 0.570 0.140 0.808 0.139 0.444 0.322 0.855 0.327 0.273 0.626 0.508 0.075 0.253 0.585 0.157 0.361 0.916 0.691 0.490 0.243 0.479 0.651 0.332 0.643 0.081 0.168 0.437 0.302 0.300 0.134 0.350 
ofv: -636102.000000
Best time: 14.086
Total time:14.086 


Instance: ../Instances/CKP_Classical_Instances/25/4_70_25
RKO: ILS | 
Sol: 0.530 0.549 0.604 0.837 0.537 0.543 0.560 0.871 0.532 0.865 0.513 0.504 0.566 0.894 0.548 0.747 0.517 0.504 0.526 0.522 0.833 0.506 0.551 0.974 0.533 0.503 0.514 0.571 0.553 0.563 0.545 0.597 0.551 0.540 0.547 0.526 0.526 0.757 0.879 0.800 0.513 0.598 0.865 0.590 0.511 0.941 0.551 0.831 0.703 0.581 0.527 0.732 0.533 0.996 0.513 0.540 0.788 0.583 0.557 0.012 0.537 0.597 0.510 0.651 0.664 0.519 0.564 0.632 0.512 0.509 
ofv: -4046545.000000
Best time: 16.035
Total time:16.035 


Instance: ../Instances/CKP_Classical_Instances/25/5_70_25
RKO: ILS | 
Sol: 0.690 0.545 0.532 0.955 0.922 0.530 0.572 0.753 0.689 0.504 0.317 0.211 0.866 0.541 0.512 0.038 0.245 0.530 0.456 0.539 0.650 0.772 0.719 0.632 0.548 0.404 0.503 0.743 0.171 0.802 0.453 0.588 0.954 0.566 0.570 0.888 0.396 0.164 0.172 0.614 0.686 0.562 0.756 0.502 0.726 0.687 0.837 0.767 0.225 0.704 0.537 0.553 0.550 0.440 0.529 0.004 0.832 0.764 0.999 0.501 0.513 0.683 0.877 0.750 0.553 0.542 0.554 0.582 0.852 0.994 
ofv: -2249392.000000
Best time: 11.729
Total time:11.732 


Instance: ../Instances/CKP_Classical_Instances/25/6_70_25
RKO: ILS | 
Sol: 0.421 0.515 0.800 0.865 0.545 0.983 0.683 0.858 0.825 0.971 0.965 0.340 0.997 0.107 0.635 0.518 0.998 0.620 0.535 0.310 0.372 0.788 0.928 0.959 0.819 0.555 0.539 0.927 0.904 0.470 0.547 0.851 0.514 0.892 0.005 0.503 0.583 0.970 0.537 0.680 0.528 0.503 0.670 0.555 0.210 0.386 0.938 0.559 0.590 0.657 0.981 0.874 0.902 0.514 0.289 0.990 0.701 0.416 0.554 0.650 0.271 0.954 0.555 0.328 0.795 0.555 0.726 0.744 0.525 0.633 
ofv: -2373837.000000
Best time: 15.936
Total time:15.936 


Instance: ../Instances/CKP_Classical_Instances/25/7_70_25
RKO: ILS | 
Sol: 0.614 0.907 0.715 0.213 0.513 0.522 0.959 0.875 0.561 0.327 0.607 0.760 0.095 0.161 0.554 0.515 0.798 0.240 0.540 0.791 0.771 0.556 0.570 0.543 0.950 0.507 0.786 0.506 0.824 0.558 0.552 0.852 0.599 0.996 0.524 0.559 0.766 0.555 0.683 0.615 0.556 0.725 0.514 0.770 0.566 0.683 0.794 0.559 0.537 0.544 0.522 0.817 0.661 0.006 0.172 0.385 0.871 0.513 0.347 0.523 0.669 0.536 0.523 0.895 0.550 0.079 0.149 0.557 0.306 0.507 
ofv: -2494397.000000
Best time: 6.010
Total time:12.545 


Instance: ../Instances/CKP_Classical_Instances/25/8_70_25
RKO: ILS | 
Sol: 0.095 0.259 0.028 0.420 0.708 0.332 0.452 0.013 0.412 0.041 0.811 0.113 0.031 0.856 0.573 0.289 0.814 0.674 0.123 0.678 0.598 0.192 0.244 0.059 0.108 0.487 0.518 0.898 0.673 0.477 0.357 0.511 0.510 0.163 0.305 0.173 0.117 0.973 0.106 0.680 0.071 0.641 0.582 0.888 0.091 0.158 0.067 0.306 0.229 0.989 0.770 0.737 0.049 0.512 0.681 0.329 0.082 0.842 0.919 0.756 0.100 0.125 0.517 0.914 0.002 0.071 0.835 0.764 0.064 0.056 
ofv: -375466.000000
Best time: 11.682
Total time:11.682 


Instance: ../Instances/CKP_Classical_Instances/25/9_70_25
RKO: ILS | 
Sol: 0.315 0.106 0.528 0.522 0.956 0.021 0.356 0.241 0.908 0.426 0.059 0.353 0.256 0.801 0.262 0.321 0.409 0.966 0.411 0.432 0.536 0.332 0.035 0.243 0.224 0.245 0.539 0.702 0.415 0.484 0.248 0.308 0.246 0.454 0.580 0.760 0.065 0.523 0.745 0.452 0.547 0.008 0.279 0.304 0.110 0.166 0.272 0.602 0.555 0.267 0.337 0.230 0.105 0.433 0.036 0.395 0.386 0.579 0.008 0.330 0.638 0.733 0.969 0.798 0.692 0.006 0.278 0.420 0.286 0.681 
ofv: -180842.000000
Best time: 13.293
Total time:13.293 


Instance: ../Instances/CKP_Classical_Instances/25/10_70_25
RKO: ILS | 
Sol: 0.519 0.535 0.789 0.501 0.719 0.535 0.536 0.765 0.522 0.018 0.976 0.692 0.552 0.523 0.594 0.542 0.501 0.660 0.519 0.535 0.966 0.564 0.262 0.879 0.726 0.564 0.556 0.543 0.336 0.786 0.525 0.593 0.817 0.251 0.771 0.528 0.143 0.709 0.558 0.548 0.776 0.567 0.301 0.506 0.836 0.587 0.532 0.564 0.909 0.521 0.933 0.582 0.556 0.553 0.502 0.791 0.553 0.437 0.540 0.791 0.947 0.526 0.547 0.904 0.813 0.815 0.381 0.857 0.529 0.566 
ofv: -2994891.000000
Best time: 5.609
Total time:12.151 


Instance: ../Instances/CKP_Classical_Instances/50/1_70_50
RKO: ILS | 
Sol: 0.553 0.559 0.545 0.198 0.884 0.773 0.540 0.083 0.728 0.040 0.662 0.558 0.570 0.494 0.920 0.524 0.737 0.904 0.783 0.688 0.559 0.731 0.520 0.901 0.945 0.521 0.701 0.863 0.558 0.871 0.453 0.402 0.830 0.536 0.634 0.482 0.514 0.883 0.535 0.889 0.528 0.193 0.509 0.761 0.716 0.598 0.179 0.166 0.655 0.570 0.606 0.509 0.505 0.692 0.715 0.330 0.852 0.334 0.870 0.439 0.327 0.527 0.787 0.239 0.984 0.737 0.555 0.048 0.514 0.565 
ofv: -4020900.000000
Best time: 8.119
Total time:11.632 


Instance: ../Instances/CKP_Classical_Instances/50/2_70_50
RKO: ILS | 
Sol: 0.050 0.289 0.071 0.168 0.791 0.761 0.427 0.145 0.545 0.130 0.754 0.663 0.274 0.589 0.172 0.125 0.204 0.544 0.130 0.022 0.099 0.514 0.165 0.053 0.114 0.243 0.143 0.350 0.458 0.039 0.023 0.556 0.602 0.363 0.061 0.734 0.245 0.419 0.272 0.509 0.132 0.470 0.571 0.203 0.138 0.125 0.894 0.031 0.044 0.286 0.854 0.815 0.874 0.382 0.080 0.093 0.435 0.245 0.062 0.094 0.915 0.443 0.478 0.139 0.111 0.556 0.269 0.244 0.481 0.598 
ofv: -220216.000000
Best time: 17.624
Total time:17.624 


Instance: ../Instances/CKP_Classical_Instances/50/3_70_50
RKO: ILS | 
Sol: 0.365 0.600 0.491 0.725 0.577 0.510 0.759 0.957 0.872 0.590 0.733 0.523 0.196 0.510 0.804 0.117 0.175 0.960 0.461 0.569 0.571 0.401 0.542 0.890 0.261 0.522 0.144 0.433 0.722 0.847 0.574 0.433 0.497 0.611 0.792 0.783 0.901 0.358 0.885 0.848 0.043 0.995 0.999 0.309 0.767 0.147 0.021 0.032 0.533 0.512 0.087 0.584 0.797 0.708 0.697 0.060 0.537 0.812 0.685 0.182 0.575 0.709 0.536 0.575 0.611 0.543 0.785 0.604 0.541 0.988 
ofv: -2983365.000000
Best time: 9.908
Total time:11.633 


Instance: ../Instances/CKP_Classical_Instances/50/4_70_50
RKO: ILS | 
Sol: 0.015 0.768 0.043 0.113 0.553 0.299 0.357 0.027 0.004 0.451 0.081 0.032 0.089 0.040 0.058 0.028 0.378 0.134 0.370 0.279 0.296 0.232 0.043 0.136 0.208 0.136 0.427 0.213 0.231 0.127 0.456 0.005 0.169 0.124 0.924 0.135 0.108 0.120 0.171 0.222 0.362 0.558 0.085 0.659 0.112 0.097 0.392 0.269 0.332 0.014 0.129 0.032 0.142 0.005 0.075 0.120 0.367 0.133 0.066 0.023 0.372 0.102 0.051 0.398 0.885 0.076 0.538 0.127 0.141 0.086 
ofv: -8649.000000
Best time: 10.856
Total time:10.856 


Instance: ../Instances/CKP_Classical_Instances/50/5_70_50
RKO: ILS | 
Sol: 0.507 0.531 0.545 0.568 0.521 0.575 0.903 0.088 0.669 0.508 0.537 0.632 0.816 0.690 0.534 0.963 0.545 0.519 0.531 0.547 0.518 0.512 0.543 0.535 0.696 0.659 0.522 0.517 0.552 0.507 0.558 0.366 0.532 0.531 0.798 0.506 0.557 0.502 0.549 0.508 0.600 0.542 0.600 0.528 0.555 0.559 0.011 0.517 0.514 0.571 0.801 0.548 0.885 0.563 0.924 0.550 0.517 0.864 0.552 0.702 0.533 0.875 0.516 0.541 0.529 0.476 0.533 0.539 0.535 0.630 
ofv: -7154127.000000
Best time: 4.635
Total time:10.492 


Instance: ../Instances/CKP_Classical_Instances/50/6_70_50
RKO: ILS | 
Sol: 0.919 0.284 0.200 0.550 0.096 0.001 0.923 0.466 0.729 0.636 0.791 0.784 0.231 0.421 0.998 0.842 0.189 0.067 0.076 0.783 0.471 0.800 0.197 0.008 0.507 0.558 0.418 0.278 0.827 0.537 0.994 0.353 0.799 0.764 0.905 0.416 0.382 0.061 0.445 0.358 0.980 0.952 0.998 0.525 0.259 0.355 0.236 0.704 0.607 0.819 0.034 0.719 0.646 0.239 0.977 0.526 0.886 0.784 0.903 0.806 0.821 0.742 0.343 0.014 0.702 0.183 0.727 0.405 0.672 0.100 
ofv: -1544583.000000
Best time: 10.593
Total time:10.593 


Instance: ../Instances/CKP_Classical_Instances/50/7_70_50
RKO: ILS | 
Sol: 0.757 0.839 0.544 0.508 0.763 0.208 0.527 0.505 0.544 0.730 0.906 0.518 0.534 0.702 0.686 0.533 0.919 0.564 0.511 0.910 0.564 0.609 0.567 0.506 0.555 0.519 0.713 0.529 0.822 0.750 0.761 0.551 0.626 0.554 0.548 0.540 0.510 0.501 0.532 0.570 0.546 0.521 0.570 0.680 0.525 0.562 0.853 0.557 0.642 0.680 0.514 0.554 0.570 0.641 0.558 0.597 0.538 0.920 0.809 0.534 0.739 0.672 0.546 0.605 0.550 0.540 0.518 0.513 0.522 0.855 
ofv: -8082857.000000
Best time: 3.718
Total time:10.534 


Instance: ../Instances/CKP_Classical_Instances/50/8_70_50
RKO: ILS | 
Sol: 0.515 0.737 0.504 0.547 0.502 0.713 0.640 0.521 0.725 0.908 0.567 0.567 0.516 0.765 0.772 0.716 0.058 0.559 0.444 0.417 0.562 0.506 0.457 0.810 0.685 0.972 0.147 0.641 0.541 0.393 0.565 0.516 0.632 0.556 0.903 0.991 0.507 0.136 0.741 0.578 0.533 0.947 0.503 0.970 0.908 0.760 0.505 0.774 0.900 0.548 0.357 0.588 0.811 0.091 0.549 0.970 0.569 0.511 0.570 0.531 0.566 0.610 0.666 0.553 0.157 0.510 0.743 0.583 0.858 0.578 
ofv: -5415927.000000
Best time: 10.126
Total time:10.126 


Instance: ../Instances/CKP_Classical_Instances/50/9_70_50
RKO: ILS | 
Sol: 0.502 0.521 0.963 0.540 0.898 0.503 0.556 0.785 0.547 0.532 0.805 0.758 0.517 0.567 0.976 0.554 0.090 0.527 0.762 0.640 0.570 0.567 0.672 0.568 0.514 0.523 0.571 0.527 0.793 0.528 0.503 0.895 0.054 0.556 0.568 0.536 0.510 0.509 0.621 0.907 0.554 0.848 0.505 0.784 0.569 0.522 0.505 0.558 0.856 0.104 0.830 0.524 0.565 0.705 0.445 0.899 0.957 0.316 0.505 0.525 0.710 0.700 0.562 0.793 0.545 0.787 0.503 0.568 0.687 0.510 
ofv: -6790289.000000
Best time: 3.646
Total time:10.231 


Instance: ../Instances/CKP_Classical_Instances/50/10_70_50
RKO: ILS | 
Sol: 0.378 0.918 1.000 0.699 0.560 0.704 0.762 0.718 0.530 0.767 0.852 0.504 0.552 0.961 0.540 0.531 0.736 0.528 0.620 0.838 0.529 0.992 0.528 0.786 0.971 0.570 0.508 0.527 0.535 0.714 0.948 0.858 0.712 0.762 0.828 0.557 0.953 0.618 0.506 0.534 0.511 0.553 0.291 0.549 0.561 0.658 0.523 0.888 0.718 0.558 0.802 0.182 0.785 0.297 0.377 0.564 0.863 0.974 0.654 0.534 0.625 0.556 0.911 0.862 0.561 0.904 0.527 0.623 0.527 0.519 
ofv: -6830733.000000
Best time: 15.378
Total time:15.379 


Instance: ../Instances/CKP_Classical_Instances/75/1_70_75
RKO: ILS | 
Sol: 0.536 0.701 0.957 0.501 0.568 0.742 0.519 0.569 0.534 0.785 0.501 0.519 0.894 0.776 0.670 0.538 0.549 0.502 0.423 0.811 0.999 0.926 0.513 0.563 0.818 0.700 0.588 0.723 0.735 0.569 0.834 0.274 0.459 0.508 0.531 0.810 0.551 0.359 0.037 0.520 0.311 0.812 0.765 0.515 0.665 0.611 0.953 0.544 0.554 0.548 0.895 0.547 0.834 0.564 0.507 0.516 0.870 0.938 0.693 0.869 0.548 0.946 0.745 0.509 0.480 0.268 0.552 0.899 0.532 0.565 
ofv: -8805428.000000
Best time: 16.399
Total time:16.399 


Instance: ../Instances/CKP_Classical_Instances/75/2_70_75
RKO: ILS | 
Sol: 0.639 0.253 0.272 0.707 0.885 0.993 0.775 0.081 0.935 0.594 0.458 0.555 0.548 0.646 0.819 0.606 0.636 0.774 0.902 0.908 0.701 0.532 0.454 0.332 0.587 0.530 0.060 0.530 0.319 0.993 0.369 0.876 0.919 0.562 0.147 0.652 0.723 0.510 0.500 0.817 0.583 0.725 0.139 0.578 0.824 0.935 0.745 0.309 0.496 0.815 0.537 0.227 0.100 0.676 0.581 0.517 0.337 0.843 0.436 0.740 0.952 0.776 0.059 0.826 0.975 0.808 0.712 0.079 0.133 0.695 
ofv: -4669010.000000
Best time: 10.279
Total time:10.279 


Instance: ../Instances/CKP_Classical_Instances/75/3_70_75
RKO: ILS | 
Sol: 0.547 0.544 0.908 0.383 0.960 0.014 0.990 0.643 0.376 0.839 0.517 0.775 0.706 0.544 0.513 0.748 0.874 0.933 0.415 0.563 0.428 0.757 0.555 0.633 0.937 0.522 0.322 0.487 0.603 0.982 0.508 0.963 0.568 0.770 0.620 0.022 0.101 0.431 0.895 0.637 0.966 0.555 0.170 0.515 0.522 0.502 0.295 0.514 0.940 0.506 0.768 0.560 0.962 0.811 0.904 0.738 0.840 0.703 0.739 0.771 0.926 0.960 0.566 0.154 0.881 0.566 0.591 0.519 0.726 0.069 
ofv: -6553627.000000
Best time: 11.711
Total time:11.711 


Instance: ../Instances/CKP_Classical_Instances/75/4_70_75
RKO: ILS | 
Sol: 0.405 0.323 0.056 0.039 0.062 0.552 0.316 0.052 0.033 0.104 0.979 0.060 0.087 0.239 0.404 0.298 0.105 0.934 0.135 0.178 0.073 0.379 0.303 0.281 0.035 0.334 0.262 0.107 0.112 0.038 0.500 0.429 0.378 0.154 0.320 0.060 0.203 0.001 0.221 0.371 0.095 0.072 0.134 0.790 0.394 0.035 0.073 0.023 0.722 0.008 0.537 0.361 0.107 0.232 0.041 0.138 0.101 0.163 0.011 0.054 0.487 0.145 0.359 0.184 0.971 0.032 0.049 0.677 0.176 0.074 
ofv: -28532.000000
Best time: 15.308
Total time:15.308 


Instance: ../Instances/CKP_Classical_Instances/75/5_70_75
RKO: ILS | 
Sol: 0.721 0.732 0.094 0.873 0.632 0.227 0.538 0.219 0.159 0.007 0.374 0.143 0.077 0.458 0.039 0.771 0.722 0.033 0.672 0.295 0.757 0.263 0.677 0.118 0.621 0.391 0.482 0.984 0.068 0.608 0.441 0.438 0.383 0.631 0.380 0.205 0.354 0.378 0.620 0.112 0.575 0.052 0.775 0.388 0.255 0.937 0.582 0.848 0.743 0.512 0.984 0.613 0.970 0.125 0.256 0.718 0.825 0.228 0.562 0.591 0.041 0.402 0.123 0.291 0.327 0.128 0.460 0.375 0.920 0.140 
ofv: -1024740.000000
Best time: 9.007
Total time:11.463 


Instance: ../Instances/CKP_Classical_Instances/75/6_70_75
RKO: ILS | 
Sol: 0.592 0.916 0.934 0.533 0.332 0.312 0.717 0.531 0.526 0.954 0.696 0.910 0.458 0.131 0.411 0.516 0.736 0.235 0.775 0.732 0.075 0.640 0.540 0.517 0.003 0.222 0.823 0.630 0.404 0.734 0.938 0.531 0.838 0.544 0.477 0.508 0.425 0.701 0.647 0.699 0.515 0.705 0.502 0.993 0.081 0.500 0.786 0.292 0.608 0.490 0.896 0.882 0.566 0.881 0.662 0.793 0.534 0.887 0.520 0.670 0.383 0.050 0.844 0.542 0.888 0.582 0.345 0.820 0.728 0.073 
ofv: -4677344.000000
Best time: 15.028
Total time:15.028 


Instance: ../Instances/CKP_Classical_Instances/75/7_70_75
RKO: ILS | 
Sol: 0.014 0.139 0.051 0.089 0.142 0.197 0.080 0.094 0.224 0.076 0.233 0.014 0.071 0.042 0.339 0.139 0.563 0.262 0.021 0.630 0.268 0.074 0.747 0.352 0.043 0.023 0.070 0.455 0.051 0.136 0.522 0.138 0.128 0.120 0.032 0.358 0.276 0.005 0.378 0.015 0.096 0.566 0.013 0.293 0.313 0.082 0.020 0.093 0.385 0.102 0.008 0.444 0.037 0.103 0.159 0.125 0.006 0.375 0.146 0.198 0.301 0.389 0.475 0.117 0.945 0.263 0.306 0.085 0.018 0.137 
ofv: -9665.000000
Best time: 6.724
Total time:10.709 


Instance: ../Instances/CKP_Classical_Instances/75/8_70_75
RKO: ILS | 
Sol: 0.100 0.029 0.267 0.008 0.101 0.061 0.216 0.288 0.179 0.473 0.007 0.034 0.139 0.047 0.982 0.506 0.390 0.081 0.498 0.097 0.112 0.094 0.373 0.319 0.351 0.088 0.142 0.095 0.145 0.144 0.023 0.914 0.062 0.384 0.129 0.107 0.034 0.120 0.984 0.474 0.689 0.117 0.002 0.064 0.315 0.029 0.043 0.826 0.201 0.216 0.034 0.152 0.849 0.083 0.027 0.357 0.052 0.115 0.303 0.077 0.436 0.133 0.107 0.048 0.795 0.006 0.459 0.075 0.062 0.246 
ofv: -19340.000000
Best time: 8.409
Total time:15.217 


Instance: ../Instances/CKP_Classical_Instances/75/9_70_75
RKO: ILS | 
Sol: 0.287 0.492 0.444 0.709 0.287 0.830 0.170 0.012 0.443 0.517 0.502 0.603 0.286 0.675 0.735 0.134 0.983 0.808 0.965 0.986 0.674 0.734 0.017 0.823 0.154 0.313 0.502 0.802 0.191 0.285 0.348 0.675 0.082 0.068 0.019 0.719 0.769 0.702 0.107 0.724 0.603 0.892 0.384 0.706 0.562 0.738 0.200 0.276 0.129 0.285 0.064 0.523 0.509 0.160 0.814 0.889 0.397 0.343 0.870 0.697 0.531 0.142 0.603 0.517 0.183 0.545 0.378 0.572 0.871 0.219 
ofv: -2065290.000000
Best time: 15.852
Total time:15.853 


Instance: ../Instances/CKP_Classical_Instances/75/10_70_75
RKO: ILS | 
Sol: 0.574 0.873 0.560 0.392 0.524 0.884 0.058 0.997 0.632 0.514 0.514 0.515 0.200 0.990 0.533 0.559 0.024 0.947 0.186 0.348 0.571 0.975 0.926 0.754 0.065 0.130 0.632 0.431 0.501 0.511 0.744 0.943 0.846 0.980 0.264 0.928 0.506 0.723 0.002 0.595 0.857 0.502 0.774 0.851 0.525 0.535 0.518 0.556 0.603 0.787 0.566 0.298 0.795 0.994 0.531 0.617 0.562 0.526 0.504 0.525 0.747 0.827 0.718 0.793 0.410 0.709 0.509 0.536 0.317 0.573 
ofv: -6563902.000000
Best time: 10.672
Total time:10.672 


Instance: ../Instances/CKP_Classical_Instances/100/1_70_100
RKO: ILS | 
Sol: 0.862 0.795 0.520 0.846 0.691 0.380 0.717 0.813 0.021 0.095 0.789 0.387 0.688 0.783 0.813 0.634 0.114 0.519 0.476 0.753 0.502 0.571 0.529 0.510 0.003 0.563 0.653 0.895 0.662 0.074 0.767 0.799 0.723 0.708 0.577 0.560 0.635 0.940 0.550 0.511 0.185 0.847 0.123 0.896 0.130 0.232 0.558 0.632 0.484 0.868 0.651 0.559 0.976 0.923 0.729 0.534 0.514 0.703 0.238 0.174 0.575 0.785 0.529 0.176 0.799 0.821 0.931 0.592 0.899 0.860 
ofv: -7809751.000000
Best time: 9.434
Total time:15.034 


Instance: ../Instances/CKP_Classical_Instances/100/2_70_100
RKO: ILS | 
Sol: 0.276 0.352 0.607 0.011 0.362 0.080 0.141 0.233 0.221 0.936 0.521 0.149 0.119 0.723 0.930 0.277 0.354 0.358 0.516 0.239 0.618 0.213 0.576 0.911 0.212 0.942 0.426 0.554 0.050 0.421 0.900 0.074 0.143 0.088 0.052 0.299 0.494 0.354 0.949 0.268 0.462 0.990 0.004 0.215 0.099 0.288 0.914 0.706 0.161 0.794 0.939 0.777 0.409 0.120 0.330 0.276 0.009 0.600 0.999 0.967 0.280 0.271 0.104 0.085 0.771 0.404 0.245 0.118 0.022 0.427 
ofv: -610935.000000
Best time: 17.788
Total time:17.788 


Instance: ../Instances/CKP_Classical_Instances/100/3_70_100
RKO: ILS | 
Sol: 0.964 0.820 0.858 0.003 0.061 0.425 0.327 0.734 0.409 0.164 0.714 0.487 0.000 0.622 0.365 0.122 0.039 0.092 0.808 0.387 0.383 0.208 0.053 0.451 0.452 0.448 0.548 0.579 0.365 0.123 0.073 0.933 0.673 0.758 0.005 0.247 0.648 0.269 0.124 0.018 0.107 0.433 0.884 0.210 0.303 0.056 0.402 0.238 0.442 0.180 0.132 0.374 0.392 0.046 0.892 0.086 0.144 0.588 0.967 0.078 0.513 0.758 0.737 0.422 0.542 0.397 0.216 0.528 0.742 0.311 
ofv: -598547.000000
Best time: 8.922
Total time:14.618 


Instance: ../Instances/CKP_Classical_Instances/100/4_70_100
RKO: ILS | 
Sol: 0.273 0.976 0.512 0.770 0.917 0.024 0.706 0.868 0.935 0.862 0.348 0.425 0.041 0.101 0.571 0.034 0.156 0.844 0.355 0.721 0.987 0.985 0.036 0.061 0.468 0.181 0.443 0.874 0.908 0.160 0.778 0.971 0.516 0.702 0.805 0.063 0.024 0.573 0.537 0.418 0.582 0.584 0.034 0.377 0.485 0.063 0.592 0.661 0.426 0.348 0.669 0.653 0.221 0.760 0.207 0.667 0.096 0.349 0.255 0.815 0.403 0.181 0.276 0.510 0.885 0.233 0.090 0.321 0.023 0.127 
ofv: -1791498.000000
Best time: 19.335
Total time:19.335 


Instance: ../Instances/CKP_Classical_Instances/100/5_70_100
RKO: ILS | 
Sol: 0.039 0.196 0.090 0.030 0.045 0.554 0.049 0.250 0.131 0.976 0.010 0.393 0.129 0.951 0.141 0.043 0.192 0.954 0.045 0.045 0.138 0.026 0.176 0.369 0.179 0.406 0.481 0.319 0.075 0.075 0.657 0.973 0.201 0.071 0.234 0.463 0.779 0.195 0.430 0.508 0.077 0.325 0.219 0.470 0.119 0.220 0.105 0.924 0.132 0.831 0.244 0.126 0.021 0.000 0.282 0.474 0.071 0.465 0.019 0.003 0.075 0.257 0.303 0.075 0.258 0.924 0.036 0.010 0.112 0.056 
ofv: -68734.000000
Best time: 12.921
Total time:12.921 


Instance: ../Instances/CKP_Classical_Instances/100/6_70_100
RKO: ILS | 
Sol: 0.025 0.010 0.637 0.221 0.015 0.458 0.071 0.082 0.019 0.455 0.509 0.364 0.170 0.182 0.140 0.324 0.199 0.207 0.494 0.206 0.086 0.128 0.444 0.043 0.327 0.136 0.565 0.138 0.407 0.011 0.098 0.692 0.026 0.133 0.356 0.190 0.064 0.026 0.132 0.236 0.107 0.029 0.003 0.197 0.078 0.059 0.098 0.328 0.059 0.062 0.318 0.031 0.296 0.287 0.025 0.091 0.092 0.040 0.568 0.017 0.075 0.050 0.082 0.120 0.069 0.087 0.444 0.785 0.887 0.097 
ofv: -18534.000000
Best time: 6.651
Total time:15.422 


Instance: ../Instances/CKP_Classical_Instances/100/7_70_100
RKO: ILS | 
Sol: 0.072 0.013 0.729 0.804 0.006 0.323 0.644 0.698 0.380 0.060 0.568 0.876 0.466 0.270 0.045 0.616 0.215 0.578 0.997 0.988 0.932 0.692 0.512 0.675 0.146 0.646 0.335 0.267 0.473 0.412 0.022 0.071 0.304 0.803 0.051 0.235 0.195 0.884 0.235 0.442 0.052 0.604 0.739 0.292 0.802 0.403 0.476 0.286 0.777 0.778 0.094 0.107 0.061 0.142 0.198 0.918 0.936 0.319 0.592 0.711 0.405 0.832 0.469 0.021 0.674 0.653 0.456 0.681 0.874 0.085 
ofv: -1482913.000000
Best time: 11.065
Total time:11.065 


Instance: ../Instances/CKP_Classical_Instances/100/8_70_100
RKO: ILS | 
Sol: 0.051 0.735 0.018 0.008 0.102 0.041 0.433 0.014 0.042 0.360 0.507 0.506 0.558 0.546 0.050 0.274 0.927 0.165 0.111 0.079 0.935 0.690 0.170 0.662 0.162 0.527 0.301 0.096 0.027 0.210 0.337 0.384 0.370 0.157 0.108 0.153 0.095 0.330 0.223 0.370 0.123 0.182 0.235 0.401 0.747 0.112 0.410 0.868 0.633 0.121 0.357 0.007 0.338 0.440 0.206 0.635 0.804 0.478 0.653 0.002 0.342 0.884 0.302 0.092 0.140 0.942 0.448 0.494 0.847 0.048 
ofv: -342398.000000
Best time: 10.504
Total time:10.505 


Instance: ../Instances/CKP_Classical_Instances/100/9_70_100
RKO: ILS | 
Sol: 0.561 0.981 0.755 0.752 0.902 0.879 0.502 0.677 0.889 0.534 0.488 0.506 0.529 0.537 0.919 0.742 0.930 0.994 0.553 0.977 0.511 0.559 0.705 0.565 0.813 0.644 0.507 0.591 0.922 0.558 0.711 0.641 0.506 0.786 0.717 0.502 0.066 0.545 0.777 0.547 0.606 0.533 0.557 0.718 0.927 0.743 0.555 0.542 0.849 0.657 0.908 0.525 0.992 0.886 0.620 0.884 0.943 0.874 0.591 0.517 0.549 0.737 0.506 0.510 0.538 0.556 0.636 0.789 0.532 0.504 
ofv: -15446837.000000
Best time: 4.446
Total time:13.969 


Instance: ../Instances/CKP_Classical_Instances/100/10_70_100
RKO: ILS | 
Sol: 0.950 0.313 0.504 0.736 0.558 0.526 0.613 0.556 0.946 0.673 0.778 0.658 0.515 0.868 0.511 0.127 0.033 0.839 0.775 0.183 0.177 0.261 0.773 0.414 0.124 0.829 0.113 0.434 0.306 0.180 0.574 0.551 0.538 0.387 0.220 0.906 0.279 0.539 0.988 0.574 0.738 0.172 0.401 0.224 0.705 0.414 0.398 0.067 0.753 0.661 0.141 0.280 0.797 0.364 0.115 0.205 0.055 0.554 0.116 0.899 0.121 0.452 0.214 0.619 0.010 0.812 0.620 0.389 0.890 0.811 
ofv: -2508824.000000
Best time: 5.667
Total time:10.211 


Instance: ../Instances/CKP_Classical_Instances/25/1_70_25
RKO: VNS | 
Sol: 0.060 0.609 0.560 0.393 0.524 0.093 0.350 0.439 0.225 0.319 0.817 0.431 0.099 0.702 0.395 0.502 0.504 0.556 0.918 0.907 0.494 0.152 0.714 0.560 0.692 0.910 0.400 0.169 0.063 0.219 0.567 0.002 0.751 0.567 0.541 0.392 0.849 0.780 0.873 0.913 0.498 0.888 0.683 0.964 0.797 0.679 0.399 0.712 0.702 0.901 0.377 0.030 0.534 0.619 0.899 0.574 0.811 0.962 0.174 0.559 0.595 0.898 0.809 0.476 0.426 0.950 0.803 0.936 0.501 0.556 
ofv: -1210681.000000
Best time: 7.478
Total time:13.735 


Instance: ../Instances/CKP_Classical_Instances/25/2_70_25
RKO: VNS | 
Sol: 0.887 0.951 0.570 0.527 0.099 0.361 0.993 0.019 0.959 0.100 0.569 0.270 0.716 0.534 0.558 0.516 0.570 0.524 0.764 0.518 0.929 0.567 0.552 0.522 0.745 0.961 0.554 0.955 0.676 0.953 0.571 0.546 0.568 0.548 0.902 0.367 0.220 0.563 0.538 0.833 0.769 0.516 0.578 0.551 0.507 0.503 0.136 0.566 0.567 0.646 0.824 0.654 0.670 0.852 0.831 0.175 0.974 0.931 0.712 0.624 0.868 0.718 0.807 0.769 0.511 0.137 0.508 0.505 0.515 0.947 
ofv: -2723066.000000
Best time: 14.421
Total time:14.421 


Instance: ../Instances/CKP_Classical_Instances/25/3_70_25
RKO: VNS | 
Sol: 0.939 0.914 0.395 0.348 0.939 0.269 0.408 0.634 0.832 0.642 0.502 0.927 0.363 0.920 0.150 0.777 0.156 0.260 0.757 0.737 0.406 0.770 0.565 0.143 0.764 0.121 0.923 0.108 0.038 0.148 0.491 0.463 0.837 0.678 0.854 0.937 0.041 0.945 0.643 0.275 0.973 0.923 0.691 0.051 0.688 0.174 0.090 0.249 0.871 0.862 0.675 0.865 0.704 0.795 0.071 0.458 0.321 0.509 0.186 0.205 0.291 0.488 0.137 0.754 0.508 0.104 0.266 0.916 0.464 0.569 
ofv: -686673.000000
Best time: 15.135
Total time:15.135 


Instance: ../Instances/CKP_Classical_Instances/25/4_70_25
RKO: VNS | 
Sol: 0.503 0.681 0.538 0.560 0.853 0.886 0.648 0.515 0.519 0.570 0.531 0.991 0.762 0.821 0.540 0.569 0.825 0.976 0.974 0.722 0.980 0.544 0.569 0.518 0.804 0.529 0.506 0.507 0.524 0.697 0.869 0.516 0.551 0.566 0.508 0.571 0.749 0.534 0.539 0.997 0.814 0.554 0.559 0.965 0.518 0.960 0.653 0.701 0.609 0.714 0.506 0.601 0.514 0.798 0.560 0.525 0.536 0.506 0.929 0.496 0.998 0.842 0.943 0.931 0.540 0.683 0.533 0.704 0.560 0.808 
ofv: -4046545.000000
Best time: 6.754
Total time:10.483 


Instance: ../Instances/CKP_Classical_Instances/25/5_70_25
RKO: VNS | 
Sol: 0.510 0.541 0.811 0.802 0.880 0.550 0.756 0.855 0.505 0.551 0.365 0.544 0.819 0.640 0.876 0.562 0.123 0.946 0.532 0.801 0.914 0.538 0.821 0.847 0.961 0.124 0.898 0.252 0.410 0.680 0.699 0.518 0.105 0.549 0.788 0.537 0.300 0.314 0.163 0.613 0.897 0.747 0.790 0.599 0.746 0.816 0.614 0.969 0.476 0.519 0.901 0.645 0.944 0.151 0.753 0.061 0.803 0.811 0.524 0.590 0.917 0.813 0.771 0.519 0.598 0.181 0.683 0.603 0.922 0.648 
ofv: -2350413.000000
Best time: 13.107
Total time:13.107 


Instance: ../Instances/CKP_Classical_Instances/25/6_70_25
RKO: VNS | 
Sol: 0.496 0.616 0.511 0.513 0.544 0.991 0.521 0.894 0.537 0.515 0.535 0.035 0.550 0.504 0.575 0.758 0.837 0.600 0.643 0.413 0.263 0.533 0.868 0.166 0.881 0.595 0.503 0.793 0.503 0.722 0.921 0.694 0.560 0.502 0.408 0.550 0.532 0.560 0.847 0.777 0.637 0.655 0.611 0.315 0.194 0.036 0.539 0.598 0.621 0.717 0.513 0.743 0.874 0.603 0.064 0.767 0.528 0.197 0.504 0.569 0.328 0.948 0.977 0.408 0.615 0.202 0.504 0.505 0.993 0.557 
ofv: -2264111.000000
Best time: 5.774
Total time:10.973 


Instance: ../Instances/CKP_Classical_Instances/25/7_70_25
RKO: VNS | 
Sol: 0.671 0.608 0.716 0.349 0.550 0.826 0.751 0.820 0.776 0.949 0.701 0.571 0.137 0.339 0.514 0.750 0.815 0.066 0.686 0.766 0.909 0.010 0.584 0.556 0.705 0.559 0.858 0.544 0.598 0.734 0.538 0.502 0.907 0.405 0.892 0.672 0.510 0.764 0.906 0.523 0.545 0.568 0.653 0.913 0.637 0.974 0.541 0.932 0.932 0.809 0.515 0.512 0.995 0.206 0.292 0.105 0.544 0.950 0.247 0.739 0.531 0.521 0.563 0.558 0.807 0.251 0.223 0.520 0.264 0.532 
ofv: -2378632.000000
Best time: 6.870
Total time:10.101 


Instance: ../Instances/CKP_Classical_Instances/25/8_70_25
RKO: VNS | 
Sol: 0.079 0.977 0.027 0.189 0.502 0.894 0.235 0.970 0.353 0.221 0.573 0.350 0.281 0.858 0.939 0.371 0.969 0.668 0.494 0.935 0.062 0.368 0.139 0.216 0.154 0.076 0.156 0.772 0.697 0.382 0.339 0.780 0.138 0.293 0.240 0.835 0.207 0.663 0.155 0.844 0.408 0.591 0.093 0.613 0.361 0.402 0.001 0.648 0.479 0.189 0.652 0.770 0.285 0.529 0.345 0.412 0.368 0.697 0.598 0.756 0.813 0.920 0.783 0.796 0.321 0.894 0.343 0.608 0.861 0.348 
ofv: -439850.000000
Best time: 16.652
Total time:16.652 


Instance: ../Instances/CKP_Classical_Instances/25/9_70_25
RKO: VNS | 
Sol: 0.139 0.342 0.348 0.912 0.652 0.417 0.970 0.588 0.190 0.406 0.762 0.060 0.129 0.257 0.226 0.370 0.238 0.319 0.530 0.131 0.634 0.100 0.130 0.051 0.355 0.161 0.831 0.750 0.405 0.160 0.066 0.323 0.455 0.111 0.736 0.736 0.356 0.357 0.176 0.606 0.262 0.175 0.092 0.423 0.903 0.101 0.103 0.046 0.918 0.088 0.543 0.203 0.302 0.009 0.335 0.262 0.010 0.782 0.820 0.497 0.452 0.361 0.287 0.558 0.997 0.969 0.091 0.394 0.702 0.954 
ofv: -165961.000000
Best time: 13.011
Total time:13.011 


Instance: ../Instances/CKP_Classical_Instances/25/10_70_25
RKO: VNS | 
Sol: 0.541 0.563 0.544 0.518 0.539 0.931 0.763 0.715 0.806 0.140 0.814 0.975 0.502 0.900 0.537 0.543 0.545 0.598 0.871 0.803 0.634 0.624 0.363 0.818 0.998 0.542 0.558 0.532 0.141 0.927 0.746 0.743 0.678 0.059 0.587 0.569 0.295 0.881 0.767 0.559 0.991 0.655 0.463 0.561 0.743 0.895 0.725 0.592 0.784 0.994 0.539 0.941 0.617 0.501 0.590 0.540 0.713 0.241 0.533 0.879 0.537 0.620 0.508 0.536 0.569 0.538 0.275 0.522 0.781 0.637 
ofv: -2994891.000000
Best time: 12.731
Total time:12.732 


Instance: ../Instances/CKP_Classical_Instances/50/1_70_50
RKO: VNS | 
Sol: 0.541 0.616 0.786 0.506 0.737 0.751 0.767 0.407 0.530 0.315 0.549 0.550 0.762 0.690 0.540 0.993 0.698 0.888 0.511 0.737 0.833 0.589 0.568 0.544 0.610 0.996 0.515 0.521 0.633 0.754 0.142 0.098 0.507 0.738 0.500 0.464 0.546 0.432 0.694 0.530 0.700 0.876 0.565 0.143 0.525 0.589 0.066 0.789 0.944 0.585 0.937 0.005 0.675 0.710 0.522 0.215 0.944 0.478 0.558 0.099 0.349 0.553 0.504 0.299 0.704 0.741 0.799 0.112 0.854 0.555 
ofv: -4228207.000000
Best time: 9.328
Total time:11.325 


Instance: ../Instances/CKP_Classical_Instances/50/2_70_50
RKO: VNS | 
Sol: 0.920 0.053 0.379 0.364 0.484 0.071 0.151 0.406 0.287 0.431 0.092 0.457 0.114 0.274 0.303 0.233 0.358 0.073 0.892 0.925 0.840 0.452 0.752 0.316 0.225 0.492 0.181 0.827 0.697 0.126 0.064 0.506 0.044 0.711 0.121 0.123 0.234 0.542 0.018 0.091 0.148 0.272 0.181 0.133 0.007 0.772 0.513 0.656 0.466 0.469 0.318 0.051 0.614 0.468 0.239 0.367 0.147 0.066 0.219 0.253 0.209 0.643 0.230 0.138 0.126 0.775 0.254 0.015 0.912 0.139 
ofv: -143621.000000
Best time: 12.170
Total time:12.170 


Instance: ../Instances/CKP_Classical_Instances/50/3_70_50
RKO: VNS | 
Sol: 0.564 0.505 0.041 0.061 0.543 0.726 0.611 0.792 0.857 0.678 0.862 0.545 0.224 0.976 0.469 0.209 0.332 0.898 0.424 0.091 0.955 0.347 0.689 0.881 0.439 0.228 0.188 0.563 0.908 0.923 0.648 0.630 0.554 0.805 0.552 0.758 0.174 0.022 0.642 0.527 0.698 0.856 0.507 0.143 0.682 0.486 0.094 0.534 0.592 0.526 0.688 0.685 0.658 0.753 0.120 0.367 0.888 0.880 0.982 0.905 0.602 0.765 0.264 0.707 0.566 0.931 0.517 0.942 0.427 0.433 
ofv: -2803869.000000
Best time: 14.323
Total time:14.323 


Instance: ../Instances/CKP_Classical_Instances/50/4_70_50
RKO: VNS | 
Sol: 0.134 0.022 0.050 0.072 0.561 0.084 0.291 0.130 0.110 0.073 0.084 0.269 0.185 0.213 0.129 0.032 0.041 0.069 0.239 0.233 0.127 0.015 0.325 0.017 0.026 0.493 0.368 0.082 0.063 0.092 0.019 0.293 0.195 0.087 0.041 0.076 0.123 0.056 0.056 0.057 0.112 0.554 0.342 0.922 0.120 0.430 0.059 0.138 0.067 0.018 0.046 0.045 0.081 0.027 0.033 0.040 0.021 0.036 0.099 0.027 0.133 0.429 0.056 0.930 0.991 0.072 0.516 0.036 0.255 0.026 
ofv: -6966.000000
Best time: 15.391
Total time:15.391 


Instance: ../Instances/CKP_Classical_Instances/50/5_70_50
RKO: VNS | 
Sol: 0.503 0.659 0.606 0.921 0.707 0.920 0.759 0.199 0.796 0.567 0.511 0.570 0.592 0.550 0.528 0.503 0.509 0.545 0.506 0.535 0.537 0.545 0.544 0.697 0.881 0.540 0.522 0.836 0.554 0.855 0.821 0.162 0.574 0.972 0.674 0.540 0.546 0.553 0.933 0.564 0.771 0.906 0.965 0.969 0.570 0.560 0.126 0.946 0.636 0.537 0.514 0.553 0.941 0.560 0.702 0.753 0.518 0.659 0.993 0.502 0.539 0.557 0.529 0.520 0.687 0.495 0.703 0.767 0.539 0.703 
ofv: -7154127.000000
Best time: 6.998
Total time:16.001 


Instance: ../Instances/CKP_Classical_Instances/50/6_70_50
RKO: VNS | 
Sol: 0.894 0.384 0.276 0.553 0.365 0.317 0.786 0.085 0.982 0.963 0.297 0.991 0.353 0.040 0.901 0.528 0.476 0.047 0.213 0.634 0.327 0.912 0.420 0.413 0.786 0.588 0.177 0.129 0.559 0.111 0.588 0.183 0.594 0.067 0.665 0.256 0.561 0.356 0.207 0.267 0.843 0.590 0.784 0.927 0.201 0.451 0.420 0.505 0.052 0.600 0.624 0.772 0.695 0.291 0.973 0.988 0.593 0.615 0.167 0.708 0.972 0.668 0.860 0.543 0.940 0.037 0.591 0.538 0.519 0.508 
ofv: -1649180.000000
Best time: 13.078
Total time:13.078 


Instance: ../Instances/CKP_Classical_Instances/50/7_70_50
RKO: VNS | 
Sol: 0.853 0.540 0.995 0.570 0.506 0.123 0.602 0.725 0.513 0.531 0.517 0.554 0.512 0.518 0.783 0.544 0.503 0.518 0.503 0.739 0.628 0.666 0.841 0.568 0.529 0.665 0.502 0.525 0.540 0.567 0.566 0.524 0.525 0.697 0.633 0.635 0.562 0.574 0.537 0.515 0.531 0.521 0.518 0.741 0.547 0.559 0.962 0.540 0.540 0.563 0.928 0.512 0.828 0.897 0.559 0.925 0.648 0.597 0.943 0.550 0.530 0.554 0.998 0.782 0.545 0.591 0.535 0.776 0.994 0.769 
ofv: -8082857.000000
Best time: 3.768
Total time:11.853 


Instance: ../Instances/CKP_Classical_Instances/50/8_70_50
RKO: VNS | 
Sol: 0.549 0.548 0.350 0.543 0.554 0.282 0.841 0.650 0.285 0.556 0.543 0.803 0.771 0.850 0.686 0.505 0.240 0.632 0.865 0.266 0.548 0.079 0.388 0.890 0.526 0.566 0.513 0.673 0.815 0.980 0.653 0.646 0.896 0.689 0.783 0.690 0.509 0.692 0.562 0.235 0.504 0.798 0.617 0.510 1.000 0.762 0.527 0.509 0.849 0.509 0.211 0.963 0.836 0.484 0.587 0.502 0.536 0.807 0.884 0.680 0.544 0.524 0.513 0.344 0.509 0.225 0.502 0.934 0.516 0.859 
ofv: -4906628.000000
Best time: 8.207
Total time:10.183 


Instance: ../Instances/CKP_Classical_Instances/50/9_70_50
RKO: VNS | 
Sol: 0.984 0.560 0.544 0.521 0.555 0.819 0.940 0.510 0.597 0.559 0.529 0.531 0.890 0.805 0.773 0.800 0.380 0.509 0.629 0.516 0.550 0.530 0.540 0.568 0.557 0.531 0.519 0.522 0.934 0.524 0.517 0.565 0.414 0.521 0.556 0.746 0.550 0.909 0.789 0.591 0.897 0.550 0.509 0.553 0.591 0.793 0.694 0.961 0.633 0.120 0.501 0.540 0.975 0.642 0.005 0.883 0.644 0.283 0.529 0.520 0.598 0.510 0.520 0.501 0.561 0.512 0.512 0.825 0.518 0.551 
ofv: -6790289.000000
Best time: 8.670
Total time:10.429 


Instance: ../Instances/CKP_Classical_Instances/50/10_70_50
RKO: VNS | 
Sol: 0.555 0.760 0.551 0.555 0.901 0.559 0.839 0.582 0.505 0.545 0.533 0.746 0.533 0.548 0.436 0.849 0.524 0.518 0.938 0.512 0.509 0.748 0.560 0.852 0.872 0.502 0.567 0.663 0.514 0.555 0.544 0.564 0.828 0.839 0.543 0.516 0.726 0.555 0.544 0.601 0.609 0.500 0.051 0.502 0.564 0.793 0.987 0.501 0.561 0.392 0.992 0.225 0.731 0.468 0.860 0.744 0.506 0.649 0.676 0.727 0.937 0.827 0.999 0.411 0.553 0.664 0.502 0.517 0.815 0.517 
ofv: -6537525.000000
Best time: 5.676
Total time:10.182 


Instance: ../Instances/CKP_Classical_Instances/75/1_70_75
RKO: VNS | 
Sol: 0.813 0.983 0.882 0.576 0.684 0.734 0.859 0.892 0.553 0.911 0.942 0.730 0.643 0.821 0.784 0.638 0.948 0.936 0.358 0.537 0.865 0.921 0.508 0.577 0.833 0.900 0.707 0.957 0.734 0.958 0.644 0.387 0.085 0.527 0.947 0.559 0.553 0.410 0.153 0.965 0.401 0.900 0.899 0.501 0.642 0.521 0.675 0.547 0.833 0.869 0.903 0.785 0.942 0.550 0.511 0.714 0.637 0.511 0.702 0.518 0.614 0.555 0.848 0.669 0.144 0.186 0.746 0.801 0.908 0.912 
ofv: -8805428.000000
Best time: 6.137
Total time:10.152 


Instance: ../Instances/CKP_Classical_Instances/75/2_70_75
RKO: VNS | 
Sol: 0.755 0.795 0.394 0.845 0.561 0.519 0.427 0.062 0.836 0.782 0.194 0.376 0.504 0.562 0.558 0.551 0.505 0.859 0.206 0.639 0.117 0.600 0.819 0.263 0.998 0.558 0.984 0.545 0.048 0.952 0.484 0.547 0.533 0.832 0.640 0.136 0.049 0.088 0.933 0.849 0.557 0.741 0.391 0.926 0.692 0.568 0.548 0.790 0.089 0.856 0.778 0.348 0.948 0.547 0.857 0.943 0.486 0.559 0.498 0.813 0.651 0.568 0.457 0.501 0.556 0.189 0.866 0.874 0.470 0.543 
ofv: -4421869.000000
Best time: 12.528
Total time:12.528 


Instance: ../Instances/CKP_Classical_Instances/75/3_70_75
RKO: VNS | 
Sol: 0.592 0.688 0.778 0.327 0.535 0.273 0.643 0.547 0.547 0.267 0.548 0.755 0.262 0.719 0.528 0.636 0.497 0.535 0.204 0.552 0.229 0.513 0.973 0.625 0.581 0.709 0.339 0.210 0.737 0.520 0.714 0.736 0.738 0.537 0.509 0.809 0.368 0.065 0.973 0.633 0.538 0.840 0.386 0.902 0.721 0.501 0.959 0.624 0.639 0.874 0.618 0.583 0.548 0.556 0.567 0.563 0.680 0.913 0.904 0.560 0.714 0.545 0.657 0.422 0.521 0.347 0.704 0.907 0.516 0.231 
ofv: -6229259.000000
Best time: 5.858
Total time:10.520 


Instance: ../Instances/CKP_Classical_Instances/75/4_70_75
RKO: VNS | 
Sol: 0.271 0.095 0.416 0.043 0.136 0.134 0.361 0.670 0.302 0.059 0.923 0.258 0.055 0.063 0.134 0.310 0.004 0.872 0.379 0.133 0.475 0.737 0.267 0.018 0.081 0.060 0.904 0.104 0.130 0.014 0.292 0.321 0.048 0.089 0.467 0.316 0.149 0.393 0.056 0.372 0.447 0.369 0.326 0.010 0.121 0.701 0.127 0.008 0.136 0.324 0.015 0.410 0.334 0.496 0.337 0.864 0.027 0.534 0.151 0.063 0.352 0.403 0.024 0.073 0.074 0.093 0.494 0.493 0.012 0.120 
ofv: -21300.000000
Best time: 12.077
Total time:12.077 


Instance: ../Instances/CKP_Classical_Instances/75/5_70_75
RKO: VNS | 
Sol: 0.324 0.238 0.330 0.827 0.475 0.416 0.154 0.943 0.024 0.563 0.456 0.302 0.073 0.068 0.208 0.677 0.336 0.391 0.801 0.200 0.483 0.497 0.858 0.790 0.628 0.307 0.724 0.417 0.119 0.855 0.442 0.163 0.240 0.972 0.820 0.850 0.593 0.512 0.939 0.337 0.368 0.511 0.933 0.095 0.656 0.388 0.587 0.577 0.494 0.835 0.168 0.728 0.987 0.806 0.163 0.778 0.761 0.120 0.255 0.212 0.143 0.569 0.238 0.233 0.221 0.072 0.094 0.843 0.464 0.489 
ofv: -934380.000000
Best time: 11.514
Total time:11.517 


Instance: ../Instances/CKP_Classical_Instances/75/6_70_75
RKO: VNS | 
Sol: 0.925 0.946 0.656 0.910 0.651 0.249 0.572 0.413 0.517 0.680 0.309 0.546 0.535 0.660 0.643 0.503 0.535 0.479 0.966 0.559 0.329 0.499 0.280 0.304 0.014 0.464 0.506 0.566 0.541 0.441 0.421 0.617 0.505 0.824 0.902 0.092 0.531 0.566 0.533 0.566 0.981 0.830 0.612 0.625 0.634 0.076 0.948 0.348 0.095 0.008 0.964 0.524 0.239 0.540 0.247 0.503 0.531 0.621 0.570 0.954 0.783 0.908 0.094 0.570 0.988 0.522 0.766 0.249 0.538 0.511 
ofv: -4403725.000000
Best time: 11.786
Total time:11.786 


Instance: ../Instances/CKP_Classical_Instances/75/7_70_75
RKO: VNS | 
Sol: 0.134 0.085 0.379 0.202 0.032 0.126 0.450 0.115 0.020 0.994 0.329 0.239 0.265 0.314 0.104 0.341 0.188 0.180 0.050 0.894 0.059 0.264 0.291 0.108 0.854 0.246 0.014 0.865 0.238 0.135 0.116 0.099 0.175 0.048 0.349 0.289 0.044 0.126 0.111 0.039 0.123 0.552 0.052 0.240 0.092 0.245 0.016 0.113 0.476 0.104 0.356 0.091 0.000 0.089 0.130 0.425 0.066 0.115 0.619 0.286 0.154 0.489 0.237 0.007 0.446 0.134 0.142 0.034 0.196 0.104 
ofv: -9725.000000
Best time: 11.294
Total time:11.294 


Instance: ../Instances/CKP_Classical_Instances/75/8_70_75
RKO: VNS | 
Sol: 0.119 0.037 0.491 0.387 0.109 0.288 0.049 0.025 0.500 0.083 0.117 0.036 0.025 0.017 0.524 0.393 0.192 0.069 0.127 0.577 0.112 0.437 0.093 0.404 0.043 0.074 0.094 0.438 0.061 0.078 0.130 0.357 0.012 0.557 0.354 0.089 0.265 0.089 0.132 0.498 0.678 0.096 0.023 0.119 0.487 0.799 0.037 0.034 0.284 0.041 0.055 0.115 0.020 0.281 0.081 0.078 0.042 0.013 0.171 0.266 0.242 0.012 0.036 0.026 0.011 0.112 0.466 0.225 0.450 0.050 
ofv: -5633.000000
Best time: 10.771
Total time:10.771 


Instance: ../Instances/CKP_Classical_Instances/75/9_70_75
RKO: VNS | 
Sol: 0.094 0.043 0.308 0.859 0.140 0.631 0.039 0.328 0.129 0.944 0.676 0.882 0.130 0.878 0.711 0.806 0.596 0.829 0.808 0.011 0.778 0.546 0.221 0.646 0.163 0.428 0.522 0.815 0.031 0.223 0.368 0.833 0.343 0.132 0.078 0.736 0.906 0.806 0.072 1.000 0.543 0.837 0.160 0.851 0.754 0.624 0.150 0.430 0.049 0.269 0.799 0.266 0.247 0.109 0.256 0.641 0.649 0.217 0.631 0.725 0.911 0.422 0.514 0.603 0.151 0.715 0.347 0.829 0.552 0.827 
ofv: -2062265.000000
Best time: 20.035
Total time:20.035 


Instance: ../Instances/CKP_Classical_Instances/75/10_70_75
RKO: VNS | 
Sol: 0.989 0.776 0.897 0.183 0.898 0.785 0.001 0.533 0.429 0.986 0.509 0.553 0.513 0.559 0.645 0.656 0.500 0.531 0.913 0.006 0.564 0.978 0.559 0.070 0.488 0.592 0.793 0.161 0.737 0.548 0.123 0.508 0.853 0.513 0.339 0.559 0.544 0.502 0.839 0.614 0.711 0.537 0.698 0.500 0.328 0.798 0.537 0.501 0.534 0.521 0.551 0.032 0.520 0.549 0.759 0.531 0.630 0.986 0.835 0.330 0.873 0.521 0.517 0.788 0.178 0.652 0.980 0.927 0.363 0.519 
ofv: -6239757.000000
Best time: 12.347
Total time:12.347 


Instance: ../Instances/CKP_Classical_Instances/100/1_70_100
RKO: VNS | 
Sol: 0.819 0.706 0.650 0.957 0.927 0.143 0.751 0.936 0.081 0.473 0.971 0.445 0.568 0.557 0.561 0.945 0.501 0.534 0.286 0.569 0.839 0.549 0.846 0.790 0.207 0.860 0.661 0.559 0.938 0.266 0.948 0.544 0.932 0.941 0.750 0.551 0.555 0.965 0.544 0.542 0.303 0.696 0.089 0.200 0.146 0.167 0.804 0.785 0.103 0.526 0.791 0.741 0.528 0.926 0.524 0.705 0.916 0.648 0.653 0.170 0.711 0.802 0.662 0.179 0.100 0.667 0.749 0.967 0.977 0.577 
ofv: -7803052.000000
Best time: 15.631
Total time:15.631 


Instance: ../Instances/CKP_Classical_Instances/100/2_70_100
RKO: VNS | 
Sol: 0.045 0.130 0.337 0.511 0.021 0.105 0.087 0.178 0.294 0.049 0.755 0.016 0.040 0.811 0.133 0.408 0.396 0.137 0.016 0.080 0.198 0.697 0.005 0.843 0.769 0.862 0.138 0.477 0.042 0.507 0.083 0.016 0.353 0.038 0.004 0.025 0.204 0.544 0.302 0.147 0.238 0.915 0.162 0.182 0.057 0.223 0.697 0.547 0.173 0.092 0.715 0.619 0.029 0.119 0.048 0.183 0.980 0.945 0.523 0.565 0.968 0.133 0.010 0.089 0.559 0.148 0.435 0.051 0.071 0.030 
ofv: -408728.000000
Best time: 13.711
Total time:13.805 


Instance: ../Instances/CKP_Classical_Instances/100/3_70_100
RKO: VNS | 
Sol: 0.343 0.664 0.954 0.010 0.358 0.161 0.114 0.940 0.445 0.432 0.531 0.045 0.010 0.764 0.029 0.380 0.093 0.175 0.521 0.107 0.040 0.140 0.412 0.218 0.627 0.114 0.913 0.795 0.142 0.867 0.337 0.709 0.374 0.297 0.308 0.123 0.682 0.288 0.131 0.080 0.980 0.141 0.705 0.200 0.792 0.144 0.181 0.163 0.576 0.056 0.374 0.355 0.212 0.300 0.135 0.129 0.482 0.975 0.564 0.031 0.953 0.680 0.554 0.364 0.701 0.068 0.192 0.641 0.535 0.142 
ofv: -673435.000000
Best time: 15.120
Total time:15.120 


Instance: ../Instances/CKP_Classical_Instances/100/4_70_100
RKO: VNS | 
Sol: 0.040 0.699 0.845 0.521 0.897 0.835 0.835 0.055 0.811 0.935 0.367 0.073 0.276 0.037 0.716 0.054 0.426 0.114 0.526 0.025 0.770 0.796 0.927 0.783 0.175 0.361 0.965 0.380 0.758 0.592 0.661 0.750 0.715 0.665 0.658 0.246 0.052 0.403 0.687 0.839 0.422 0.538 0.066 0.314 0.665 0.139 0.742 0.740 0.369 0.276 0.944 0.208 0.320 0.465 0.401 0.491 0.117 0.054 0.283 0.538 0.875 0.441 0.661 0.770 0.619 0.463 0.069 0.521 0.422 0.165 
ofv: -2116032.000000
Best time: 18.878
Total time:18.878 


Instance: ../Instances/CKP_Classical_Instances/100/5_70_100
RKO: VNS | 
Sol: 0.658 0.023 0.144 0.034 0.036 0.540 0.061 0.437 0.496 0.078 0.268 0.089 0.075 0.025 0.490 0.288 0.084 0.087 0.030 0.287 0.477 0.308 0.086 0.014 0.546 0.242 0.023 0.317 0.063 0.114 0.017 0.165 0.034 0.075 0.241 0.215 0.729 0.788 0.378 0.082 0.235 0.287 0.024 0.079 0.025 0.517 0.579 0.024 0.868 0.108 0.150 0.017 0.125 0.027 0.129 0.104 0.090 0.436 0.034 0.065 0.015 0.601 0.197 0.825 0.505 0.867 0.184 0.037 0.138 0.116 
ofv: -91584.000000
Best time: 14.352
Total time:14.352 


Instance: ../Instances/CKP_Classical_Instances/100/6_70_100
RKO: VNS | 
Sol: 0.067 0.537 0.111 0.006 0.077 0.059 0.032 0.043 0.436 0.028 0.041 0.470 0.052 0.923 0.147 0.276 0.282 0.301 0.083 0.738 0.168 0.225 0.168 0.023 0.121 0.095 0.484 0.026 0.528 0.288 0.094 0.362 0.086 0.072 0.147 0.228 0.091 0.118 0.304 0.099 0.358 0.380 0.429 0.499 0.094 0.304 0.698 0.093 0.083 0.463 0.165 0.139 0.132 0.744 0.094 0.184 0.058 0.132 0.498 0.125 0.363 0.438 0.579 0.033 0.051 0.013 0.068 0.160 0.530 0.298 
ofv: -26033.000000
Best time: 8.290
Total time:11.317 


Instance: ../Instances/CKP_Classical_Instances/100/7_70_100
RKO: VNS | 
Sol: 0.038 0.035 0.828 0.735 0.101 0.276 0.940 0.650 0.013 0.106 0.911 0.631 0.280 0.371 0.276 0.735 0.233 0.718 0.926 0.241 0.758 0.539 0.673 0.017 0.357 0.964 0.383 0.091 0.488 0.248 0.721 0.432 0.100 0.796 0.496 0.064 0.501 0.618 0.114 0.111 0.441 0.259 0.767 0.326 0.249 0.483 0.228 0.269 0.843 0.676 0.252 0.693 0.223 0.144 0.450 0.347 0.618 0.001 0.615 0.812 0.405 0.561 0.783 0.124 0.917 0.859 0.335 0.868 0.872 0.012 
ofv: -1355192.000000
Best time: 7.032
Total time:10.794 


Instance: ../Instances/CKP_Classical_Instances/100/8_70_100
RKO: VNS | 
Sol: 0.279 0.951 0.155 0.270 0.792 0.951 0.114 0.843 0.021 0.458 0.923 0.502 0.037 0.142 0.353 0.238 0.943 0.385 0.030 0.026 0.635 0.145 0.151 0.313 0.363 0.022 0.698 0.001 0.099 0.698 0.347 0.152 0.545 0.389 0.231 0.362 0.129 0.098 0.828 0.051 0.548 0.006 0.203 0.063 0.189 0.096 0.002 0.090 0.037 0.064 0.307 0.336 0.043 0.035 0.159 0.970 0.141 0.084 0.189 0.107 0.593 0.770 0.193 0.847 0.906 0.123 0.939 0.029 0.791 0.054 
ofv: -397212.000000
Best time: 4.512
Total time:11.399 


Instance: ../Instances/CKP_Classical_Instances/100/9_70_100
RKO: VNS | 
Sol: 0.629 0.522 0.657 0.922 0.913 0.535 0.505 0.519 0.557 0.707 0.490 0.711 0.554 0.781 0.837 0.890 0.986 0.756 0.670 0.512 0.515 0.511 0.503 0.998 0.523 0.551 0.501 0.545 0.662 0.539 0.561 0.839 0.558 0.509 0.552 0.573 0.145 0.929 0.514 0.697 0.660 0.694 0.517 0.529 0.526 0.786 0.541 0.782 0.824 0.984 0.530 0.882 0.507 0.892 0.923 0.649 0.892 0.547 0.555 0.923 0.629 0.805 0.527 0.814 0.675 0.526 0.637 0.547 0.565 0.566 
ofv: -15446837.000000
Best time: 3.694
Total time:10.541 


Instance: ../Instances/CKP_Classical_Instances/100/10_70_100
RKO: VNS | 
Sol: 0.567 0.016 0.775 0.167 0.501 0.779 0.936 0.363 0.572 0.602 0.963 0.514 0.516 0.613 0.815 0.318 0.203 0.719 0.110 0.136 0.312 0.277 0.746 0.233 0.046 0.529 0.094 0.471 0.266 0.301 0.737 0.814 0.913 0.401 0.514 0.771 0.080 0.521 0.950 0.572 0.125 0.514 0.046 0.414 0.864 0.303 0.252 0.336 0.866 0.637 0.300 0.758 0.617 0.429 0.312 0.380 0.153 0.934 0.452 0.522 0.365 0.960 0.486 0.702 0.040 0.565 0.505 0.293 0.758 0.491 
ofv: -2316877.000000
Best time: 15.980
Total time:15.981 


Instance: ../Instances/CKP_Classical_Instances/25/1_70_25
RKO: BRKGA | 
Sol: 0.045 0.948 0.909 0.556 0.735 0.698 0.135 0.425 0.247 0.760 0.545 0.691 0.573 0.890 0.959 0.440 0.014 0.633 0.870 0.853 0.828 0.429 0.753 0.847 0.487 0.964 0.795 0.783 0.740 0.056 0.462 0.836 0.804 0.644 0.713 0.979 0.506 0.883 0.770 0.575 0.251 0.993 0.436 0.577 0.846 0.841 0.172 0.907 0.584 0.922 0.423 0.246 0.541 0.121 0.881 0.953 0.082 0.687 0.314 0.756 0.885 0.650 0.741 0.731 0.206 0.799 0.289 0.676 0.864 0.662 
ofv: -1551139.000000
Best time: 10.093
Total time:10.093 


Instance: ../Instances/CKP_Classical_Instances/25/2_70_25
RKO: BRKGA | 
Sol: 0.537 0.646 0.873 0.684 0.591 0.040 0.834 0.428 0.980 0.467 0.752 0.379 0.625 0.798 0.315 0.803 0.959 0.948 0.853 0.604 0.770 0.818 0.685 0.516 0.503 0.535 0.764 0.721 0.935 0.574 0.596 0.763 0.934 0.551 0.672 0.750 0.445 0.842 0.853 0.867 0.755 0.880 0.939 0.552 0.691 0.574 0.017 0.720 0.783 0.543 0.680 0.868 0.504 0.792 0.500 0.251 0.657 0.817 0.750 0.586 0.974 0.779 0.014 0.647 0.875 0.722 0.811 0.648 0.664 0.948 
ofv: -2829984.000000
Best time: 9.962
Total time:10.242 


Instance: ../Instances/CKP_Classical_Instances/25/3_70_25
RKO: BRKGA | 
Sol: 0.863 0.321 0.333 0.145 0.532 0.880 0.246 0.968 0.649 0.602 0.879 0.727 0.949 0.625 0.134 0.667 0.007 0.233 0.972 0.608 0.252 0.767 0.706 0.399 0.513 0.017 0.817 0.852 0.471 0.455 0.275 0.504 0.494 0.198 0.557 0.622 0.934 0.935 0.967 0.903 0.651 0.047 0.119 0.100 0.039 0.595 0.778 0.217 0.811 0.808 0.866 0.602 0.505 0.506 0.050 0.524 0.997 0.296 0.126 0.471 0.966 0.285 0.697 0.621 0.931 0.169 0.389 0.140 0.028 0.723 
ofv: -842677.000000
Best time: 10.012
Total time:10.012 


Instance: ../Instances/CKP_Classical_Instances/25/4_70_25
RKO: BRKGA | 
Sol: 0.555 0.523 0.707 0.937 0.509 0.992 0.528 0.595 0.961 0.748 0.858 0.853 0.590 0.987 0.509 0.523 0.676 0.953 0.635 0.905 0.884 0.924 0.774 0.548 0.836 0.598 0.843 0.891 0.682 0.574 0.953 0.883 0.999 0.517 0.660 0.532 0.513 0.920 0.525 0.608 0.683 0.866 0.938 0.972 0.811 0.614 0.958 0.972 0.887 0.818 0.617 0.616 0.993 0.637 0.992 0.664 0.839 0.763 0.641 0.235 0.687 0.629 0.572 0.535 0.722 0.899 0.892 0.673 0.792 0.508 
ofv: -4046545.000000
Best time: 3.630
Total time:10.138 


Instance: ../Instances/CKP_Classical_Instances/25/5_70_25
RKO: BRKGA | 
Sol: 0.687 0.600 0.596 0.954 0.862 0.896 0.030 0.764 0.834 0.517 0.086 0.932 0.777 0.956 0.991 0.834 0.486 0.694 0.635 0.784 0.962 0.699 0.683 0.959 0.589 0.428 0.926 0.965 0.765 0.553 0.793 0.918 0.832 0.984 0.110 0.750 0.099 0.242 0.130 0.956 0.851 0.574 0.875 0.915 0.587 0.907 0.354 0.733 0.967 0.953 0.730 0.983 0.878 0.023 0.643 0.409 0.548 0.526 0.628 0.745 0.832 0.732 0.694 0.589 0.642 0.697 0.731 0.902 0.870 0.595 
ofv: -2564896.000000
Best time: 9.009
Total time:10.029 


Instance: ../Instances/CKP_Classical_Instances/25/6_70_25
RKO: BRKGA | 
Sol: 0.893 0.718 0.846 0.545 0.656 0.657 0.810 0.936 0.766 0.559 0.646 0.917 0.802 0.747 0.988 0.914 0.813 0.778 0.736 0.557 0.445 0.911 0.232 0.793 0.567 0.997 0.900 0.283 0.209 0.592 0.324 0.929 0.605 0.521 0.324 0.599 0.876 0.790 0.553 0.723 0.623 0.819 0.917 0.564 0.355 0.983 0.599 0.845 0.744 0.726 0.993 0.852 0.869 0.501 0.821 0.813 0.726 0.671 0.792 0.372 0.887 0.542 0.593 0.418 0.847 0.664 0.693 0.228 0.553 0.735 
ofv: -2686674.000000
Best time: 8.237
Total time:10.101 


Instance: ../Instances/CKP_Classical_Instances/25/7_70_25
RKO: BRKGA | 
Sol: 0.841 0.815 0.764 0.610 0.681 0.792 0.121 0.937 0.755 0.371 0.671 0.627 0.799 0.313 0.735 0.708 0.955 0.387 0.591 0.971 0.970 0.857 0.816 0.539 0.535 0.537 0.610 0.741 0.786 0.607 0.981 0.828 0.704 0.732 0.949 0.700 0.166 0.624 0.988 0.989 0.561 0.720 0.929 0.779 0.734 0.982 0.981 0.668 0.849 0.796 0.871 0.524 0.921 0.019 0.822 0.027 0.921 0.790 0.725 0.999 0.960 0.504 0.938 0.875 0.544 0.109 0.064 0.490 0.649 0.807 
ofv: -2710692.000000
Best time: 6.584
Total time:10.132 


Instance: ../Instances/CKP_Classical_Instances/25/8_70_25
RKO: BRKGA | 
Sol: 0.021 0.515 0.371 0.070 0.827 0.485 0.963 0.430 0.215 0.251 0.986 0.177 0.543 0.822 0.919 0.030 0.809 0.942 0.421 0.992 0.749 0.690 0.247 0.221 0.366 0.242 0.358 0.628 0.970 0.314 0.396 0.911 0.687 0.261 0.041 0.141 0.120 0.750 0.105 0.584 0.345 0.620 0.619 0.892 0.127 0.455 0.247 0.553 0.745 0.455 0.972 0.288 0.969 0.867 0.713 0.161 0.448 0.047 0.674 0.970 0.986 0.972 0.795 0.056 0.106 0.902 0.046 0.976 0.690 0.351 
ofv: -524068.000000
Best time: 9.733
Total time:10.107 


Instance: ../Instances/CKP_Classical_Instances/25/9_70_25
RKO: BRKGA | 
Sol: 0.151 0.222 0.264 0.878 0.952 0.027 0.830 0.377 0.548 0.284 0.880 0.053 0.949 0.076 0.443 0.179 0.204 0.591 0.914 0.003 0.915 0.379 0.060 0.555 0.129 0.116 0.534 0.648 0.264 0.037 0.159 0.015 0.914 0.018 0.144 0.748 0.350 0.669 0.171 0.932 0.546 0.150 0.136 0.283 0.069 0.341 0.583 0.978 0.632 0.267 0.069 0.645 0.337 0.169 0.216 0.179 0.346 0.455 0.203 0.381 0.099 0.177 0.782 0.828 0.757 0.360 0.448 0.934 0.591 0.800 
ofv: -249318.000000
Best time: 9.892
Total time:10.066 


Instance: ../Instances/CKP_Classical_Instances/25/10_70_25
RKO: BRKGA | 
Sol: 0.857 0.981 0.516 0.580 0.895 0.893 0.597 0.667 0.258 0.759 0.820 0.859 0.954 0.730 0.760 0.491 0.793 0.985 0.880 0.771 0.579 0.539 0.775 0.760 0.653 0.603 0.540 0.812 0.204 0.696 0.541 0.988 0.529 0.866 0.744 0.571 0.974 0.625 0.689 0.670 0.942 0.726 0.363 0.974 0.846 0.518 0.961 0.694 0.925 0.289 0.564 0.856 0.786 0.743 0.511 0.837 0.541 0.442 0.931 0.755 0.917 0.631 0.933 0.580 0.731 0.772 0.337 0.790 0.922 0.799 
ofv: -3115559.000000
Best time: 7.067
Total time:10.034 


Instance: ../Instances/CKP_Classical_Instances/50/1_70_50
RKO: BRKGA | 
Sol: 0.561 0.715 0.895 0.577 0.813 0.827 0.971 0.090 0.514 0.238 0.643 0.912 0.050 0.711 0.064 0.295 0.768 0.574 0.602 0.822 0.604 0.655 0.973 0.773 0.968 0.715 0.751 0.689 0.714 0.625 0.940 0.269 0.725 0.807 0.532 0.041 0.752 0.003 0.927 0.951 0.656 0.722 0.760 0.598 0.690 0.838 0.896 0.722 0.480 0.785 0.494 0.519 0.020 0.710 0.544 0.634 0.698 0.213 0.736 0.678 0.527 0.709 0.937 0.852 0.796 0.649 0.722 0.290 0.718 0.983 
ofv: -4619994.000000
Best time: 9.916
Total time:10.123 


Instance: ../Instances/CKP_Classical_Instances/50/2_70_50
RKO: BRKGA | 
Sol: 0.490 0.162 0.422 0.024 0.909 0.400 0.492 0.041 0.988 0.430 0.262 0.839 0.384 0.489 0.052 0.872 0.458 0.805 0.052 0.786 0.602 0.014 0.447 0.719 0.341 0.340 0.357 0.391 0.281 0.830 0.329 0.867 0.140 0.970 0.392 0.924 0.434 0.391 0.380 0.161 0.392 0.993 0.928 0.023 0.254 0.823 0.523 0.966 0.748 0.419 0.299 0.324 0.838 0.129 0.327 0.274 0.421 0.266 0.738 0.732 0.102 0.789 0.962 0.004 0.391 0.684 0.438 0.019 0.365 0.796 
ofv: -389642.000000
Best time: 8.958
Total time:10.183 


Instance: ../Instances/CKP_Classical_Instances/50/3_70_50
RKO: BRKGA | 
Sol: 0.658 0.719 0.642 0.599 0.910 0.569 0.777 0.786 0.524 0.902 0.515 0.070 0.247 0.518 0.864 0.194 0.392 0.750 0.057 0.747 0.860 0.163 0.725 0.958 0.186 0.805 0.047 0.524 0.584 0.773 0.802 0.936 0.917 0.507 0.878 0.912 0.167 0.533 0.529 0.898 0.160 0.650 0.520 0.407 0.813 0.050 0.089 0.422 0.539 0.779 0.046 0.782 0.949 0.814 0.981 0.774 0.913 0.979 0.725 0.358 0.551 0.543 0.255 0.900 0.644 0.439 0.793 0.533 0.771 0.916 
ofv: -3494016.000000
Best time: 9.441
Total time:10.151 


Instance: ../Instances/CKP_Classical_Instances/50/4_70_50
RKO: BRKGA | 
Sol: 0.169 0.742 0.330 0.223 0.728 0.456 0.487 0.176 0.171 0.439 0.107 0.346 0.354 0.380 0.204 0.473 0.227 0.360 0.075 0.370 0.167 0.271 0.396 0.168 0.226 0.212 0.080 0.408 0.116 0.341 0.137 0.226 0.330 0.283 0.904 0.009 0.407 0.203 0.087 0.962 0.386 0.786 0.092 0.864 0.344 0.271 0.089 0.317 0.314 0.041 0.396 0.494 0.073 0.475 0.392 0.359 0.432 0.479 0.007 0.068 0.012 0.241 0.021 0.372 0.395 0.616 0.123 0.027 0.171 0.121 
ofv: -8569.000000
Best time: 5.491
Total time:10.212 


Instance: ../Instances/CKP_Classical_Instances/50/5_70_50
RKO: BRKGA | 
Sol: 0.665 0.878 0.775 0.972 0.652 0.904 0.794 0.827 0.502 0.924 0.749 0.964 0.544 0.828 0.821 0.969 0.525 0.557 0.971 0.984 0.736 0.976 0.824 0.991 0.607 0.533 0.759 0.990 0.618 0.751 0.766 0.960 0.868 0.515 0.822 0.850 0.856 0.995 0.502 0.948 0.672 0.192 0.718 0.507 0.910 0.578 0.432 0.682 0.564 0.725 0.588 0.522 0.599 0.640 0.180 0.873 0.710 0.509 0.889 0.959 0.945 0.965 0.594 0.680 0.648 0.020 0.956 0.666 0.677 0.817 
ofv: -7145337.000000
Best time: 9.955
Total time:10.116 


Instance: ../Instances/CKP_Classical_Instances/50/6_70_50
RKO: BRKGA | 
Sol: 0.503 0.015 0.004 0.963 0.084 0.333 0.680 0.125 0.598 0.802 0.781 0.570 0.016 0.732 0.921 0.666 0.208 0.291 0.094 0.854 0.292 0.747 0.432 0.471 0.701 0.845 0.603 0.435 0.109 0.236 0.765 0.301 0.154 0.055 0.834 0.246 0.790 0.888 0.410 0.366 0.936 0.559 0.591 0.177 0.661 0.214 0.361 0.959 0.686 0.751 0.920 0.569 0.984 0.591 0.599 0.584 0.639 0.756 0.686 0.830 0.595 0.395 0.661 0.630 0.950 0.170 0.753 0.351 0.671 0.770 
ofv: -1972930.000000
Best time: 9.915
Total time:10.154 


Instance: ../Instances/CKP_Classical_Instances/50/7_70_50
RKO: BRKGA | 
Sol: 0.768 0.665 0.567 0.942 0.565 0.441 0.934 0.804 0.909 0.551 0.911 0.637 0.895 0.759 0.697 0.674 0.716 0.623 0.756 0.917 0.824 0.547 0.704 0.584 0.583 0.538 0.721 0.610 0.665 0.802 0.969 0.992 0.689 0.902 0.897 0.830 0.775 0.764 0.724 0.676 0.601 0.662 0.660 0.641 0.540 0.939 0.665 0.616 0.780 0.994 0.635 0.898 0.636 0.754 0.639 0.779 0.632 0.960 0.789 0.748 0.807 0.546 0.812 0.748 0.918 0.672 0.709 0.766 0.531 0.985 
ofv: -8082857.000000
Best time: 3.636
Total time:10.051 


Instance: ../Instances/CKP_Classical_Instances/50/8_70_50
RKO: BRKGA | 
Sol: 0.745 0.958 0.223 0.866 0.584 0.691 0.601 0.892 0.724 0.639 0.638 0.821 0.998 0.739 0.881 0.781 0.355 0.830 0.399 0.567 0.770 0.888 0.392 0.944 0.541 0.883 0.529 0.718 0.554 0.359 0.745 0.874 0.932 0.694 0.920 0.993 0.863 0.422 0.722 0.944 0.984 0.973 0.533 0.758 0.663 0.743 0.709 0.844 0.540 0.925 0.823 0.996 0.737 0.074 0.866 0.746 0.441 0.547 0.667 0.692 0.614 0.667 0.623 0.681 0.341 0.995 0.772 0.946 0.941 0.982 
ofv: -5646184.000000
Best time: 10.170
Total time:10.170 


Instance: ../Instances/CKP_Classical_Instances/50/9_70_50
RKO: BRKGA | 
Sol: 0.869 0.674 0.904 0.869 0.943 0.645 0.943 0.895 0.899 0.700 0.888 0.624 0.775 0.695 0.887 0.923 0.945 0.742 0.503 0.923 0.914 0.757 0.780 0.783 0.746 0.920 0.510 0.622 0.668 0.519 0.940 0.935 0.755 0.946 0.861 0.597 0.802 0.850 0.966 0.312 0.784 0.995 0.695 0.952 0.554 0.650 0.697 0.638 0.770 0.027 0.387 0.782 0.913 0.517 0.573 0.674 0.685 0.408 0.735 0.733 0.933 0.790 0.513 0.525 0.929 0.875 0.797 0.550 0.725 0.968 
ofv: -7075235.000000
Best time: 8.727
Total time:10.169 


Instance: ../Instances/CKP_Classical_Instances/50/10_70_50
RKO: BRKGA | 
Sol: 0.088 0.981 0.704 0.506 0.646 0.877 0.663 0.286 0.682 0.716 0.554 0.737 0.550 0.514 0.775 0.917 0.649 0.897 0.713 0.045 0.605 0.959 0.604 0.603 0.950 0.610 0.678 0.805 0.662 0.851 0.699 0.916 0.940 0.748 0.587 0.809 0.582 0.937 0.845 0.721 0.829 0.867 0.806 0.642 0.797 0.847 0.657 0.630 0.745 0.951 0.972 0.784 0.922 0.657 0.700 0.583 0.619 0.604 0.651 0.139 0.558 0.995 0.870 0.652 0.826 0.696 0.891 0.654 0.618 0.537 
ofv: -7099067.000000
Best time: 4.065
Total time:10.005 


Instance: ../Instances/CKP_Classical_Instances/75/1_70_75
RKO: BRKGA | 
Sol: 0.627 0.177 0.884 0.596 0.675 0.797 0.946 0.151 0.509 0.932 0.879 0.851 0.942 0.647 0.279 0.924 0.530 0.927 0.976 0.616 0.782 0.881 0.801 0.593 0.632 0.875 0.837 0.890 0.772 0.572 0.932 0.923 0.624 0.296 0.996 0.508 0.525 0.689 0.560 0.598 0.394 0.799 0.586 0.698 0.891 0.798 0.781 0.784 0.890 0.910 0.610 0.932 0.636 0.624 0.591 0.906 0.633 0.933 0.925 0.605 0.763 0.997 0.695 0.909 0.613 0.740 0.710 0.956 0.952 0.252 
ofv: -9629157.000000
Best time: 5.284
Total time:10.046 


Instance: ../Instances/CKP_Classical_Instances/75/2_70_75
RKO: BRKGA | 
Sol: 0.566 0.367 0.003 0.511 0.621 0.511 0.406 0.228 0.937 0.879 0.150 0.614 0.744 0.784 0.850 0.510 0.738 0.912 0.527 0.829 0.810 0.533 0.070 0.805 0.491 0.137 0.768 0.674 0.359 0.631 0.290 0.693 0.696 0.588 0.860 0.373 0.574 0.700 0.877 0.985 0.693 0.857 0.939 0.561 0.652 0.992 0.933 0.555 0.057 0.542 0.645 0.425 0.845 0.150 0.564 0.918 0.866 0.733 0.205 0.755 0.504 0.773 0.557 0.905 0.515 0.886 0.960 0.027 0.603 0.870 
ofv: -5798010.000000
Best time: 9.701
Total time:10.103 


Instance: ../Instances/CKP_Classical_Instances/75/3_70_75
RKO: BRKGA | 
Sol: 0.645 0.585 0.528 0.738 0.195 0.838 0.794 0.596 0.277 0.739 0.996 0.890 0.166 0.800 0.782 0.808 0.742 0.855 0.500 0.663 0.841 0.978 0.521 0.943 0.963 0.691 0.657 0.700 0.523 0.349 0.615 0.752 0.661 0.742 0.394 0.611 0.634 0.298 0.826 0.942 0.809 0.898 0.840 0.839 0.792 0.526 0.715 0.698 0.949 0.927 0.697 0.460 0.806 0.808 0.626 0.274 0.962 0.636 0.727 0.608 0.612 0.629 0.334 0.934 0.953 0.730 0.560 0.808 0.208 0.664 
ofv: -7458758.000000
Best time: 8.347
Total time:10.070 


Instance: ../Instances/CKP_Classical_Instances/75/4_70_75
RKO: BRKGA | 
Sol: 0.368 0.403 0.267 0.326 0.238 0.866 0.721 0.439 0.481 0.301 0.928 0.256 0.258 0.352 0.278 0.179 0.209 0.126 0.338 0.192 0.349 0.291 0.201 0.396 0.111 0.205 0.358 0.233 0.235 0.434 0.678 0.125 0.183 0.323 0.370 0.494 0.449 0.523 0.329 0.026 0.803 0.244 0.198 0.781 0.099 0.487 0.493 0.414 0.184 0.330 0.373 0.010 0.316 0.741 0.378 0.420 0.042 0.008 0.116 0.436 0.135 0.042 0.447 0.238 0.435 0.083 0.437 0.895 0.045 0.234 
ofv: -26373.000000
Best time: 6.774
Total time:10.065 


Instance: ../Instances/CKP_Classical_Instances/75/5_70_75
RKO: BRKGA | 
Sol: 0.413 0.931 0.887 0.870 0.528 0.482 0.245 0.310 0.190 0.398 0.522 0.071 0.016 0.221 0.416 0.858 0.611 0.152 0.723 0.301 0.551 0.178 0.938 0.551 0.893 0.136 0.944 0.623 0.619 0.809 0.348 0.247 0.359 0.319 0.591 0.128 0.752 0.054 0.972 0.279 0.343 0.068 0.808 0.343 0.215 0.245 0.746 0.500 0.461 0.740 0.497 0.505 0.922 0.011 0.050 0.976 0.827 0.330 0.639 0.333 0.878 0.642 0.448 0.938 0.376 0.995 0.526 0.586 0.846 0.237 
ofv: -1425328.000000
Best time: 7.652
Total time:10.125 


Instance: ../Instances/CKP_Classical_Instances/75/6_70_75
RKO: BRKGA | 
Sol: 0.273 0.555 0.859 0.189 0.561 0.276 0.590 0.938 0.913 0.506 0.048 0.813 0.220 0.160 0.765 0.639 0.856 0.255 0.746 0.522 0.932 0.758 0.521 0.723 0.915 0.499 0.978 0.677 0.905 0.816 0.821 0.877 0.689 0.772 0.008 0.544 0.874 0.675 0.550 0.524 0.483 0.618 0.617 0.540 0.893 0.169 0.862 0.344 0.885 0.121 0.746 0.764 0.627 0.941 0.958 0.530 0.635 0.976 0.736 0.742 0.731 0.974 0.049 0.512 0.828 0.975 0.629 0.216 0.538 0.354 
ofv: -5776227.000000
Best time: 9.935
Total time:10.205 


Instance: ../Instances/CKP_Classical_Instances/75/7_70_75
RKO: BRKGA | 
Sol: 0.059 0.023 0.176 0.403 0.479 0.442 0.391 0.048 0.010 0.123 0.045 0.480 0.470 0.189 0.387 0.201 0.316 0.251 0.140 0.001 0.491 0.811 0.612 0.241 0.012 0.184 0.750 0.184 0.306 0.278 0.243 0.311 0.290 0.334 0.323 0.328 0.239 0.471 0.299 0.065 0.081 0.805 0.352 0.185 0.030 0.066 0.214 0.308 0.477 0.712 0.291 0.407 0.178 0.476 0.415 0.966 0.011 0.400 0.804 0.312 0.120 0.410 0.173 0.293 0.217 0.311 0.063 0.382 0.785 0.819 
ofv: -24044.000000
Best time: 9.367
Total time:10.132 


Instance: ../Instances/CKP_Classical_Instances/75/8_70_75
RKO: BRKGA | 
Sol: 0.430 0.030 0.444 0.194 0.140 0.087 0.093 0.248 0.427 0.456 0.171 0.359 0.396 0.152 0.990 0.974 0.056 0.397 0.127 0.109 0.067 0.203 0.094 0.080 0.073 0.009 0.346 0.362 0.004 0.465 0.320 0.601 0.430 0.285 0.496 0.077 0.348 0.002 0.819 0.433 0.897 0.351 0.244 0.012 0.230 0.405 0.180 0.781 0.019 0.268 0.237 0.113 0.629 0.421 0.201 0.130 0.088 0.266 0.051 0.394 0.142 0.099 0.470 0.241 0.878 0.268 0.261 0.298 0.457 0.446 
ofv: -19340.000000
Best time: 6.975
Total time:10.119 


Instance: ../Instances/CKP_Classical_Instances/75/9_70_75
RKO: BRKGA | 
Sol: 0.175 0.490 0.276 0.924 0.384 0.899 0.493 0.445 0.030 0.152 0.697 0.890 0.359 0.938 0.571 0.256 0.876 0.013 0.800 0.590 0.520 0.502 0.155 0.733 0.904 0.349 0.749 0.973 0.017 0.852 0.372 0.686 0.644 0.660 0.332 0.287 0.502 0.287 0.149 0.539 0.637 0.678 0.062 0.706 0.065 0.858 0.199 0.463 0.484 0.718 0.614 0.363 0.570 0.530 0.957 0.475 0.997 0.500 0.575 0.968 0.736 0.260 0.765 0.778 0.080 0.740 0.392 0.796 0.770 0.590 
ofv: -2542095.000000
Best time: 8.591
Total time:10.197 


Instance: ../Instances/CKP_Classical_Instances/75/10_70_75
RKO: BRKGA | 
Sol: 0.706 0.520 0.635 0.999 0.867 0.641 0.247 0.748 0.667 0.162 0.709 0.757 0.681 0.547 0.992 0.994 0.354 0.181 0.188 0.920 0.926 0.941 0.692 0.886 0.407 0.693 0.159 0.182 0.841 0.909 0.477 0.673 0.998 0.806 0.623 0.947 0.193 0.810 0.746 0.679 0.602 0.658 0.861 0.524 0.842 0.902 0.753 0.694 0.671 0.742 0.973 0.051 0.724 0.617 0.732 0.552 0.767 0.739 0.986 0.562 0.800 0.792 0.794 0.869 0.246 0.911 0.586 0.994 0.341 0.940 
ofv: -6871765.000000
Best time: 10.191
Total time:10.191 


Instance: ../Instances/CKP_Classical_Instances/100/1_70_100
RKO: BRKGA | 
Sol: 0.895 0.614 0.146 0.749 0.936 0.150 0.868 0.547 0.869 0.617 0.989 0.140 0.556 0.668 0.443 0.753 0.910 0.860 0.025 0.832 0.951 0.011 0.677 0.643 0.869 0.608 0.713 0.595 0.857 0.683 0.844 0.763 0.597 0.784 0.732 0.234 0.970 0.418 0.650 0.663 0.189 0.736 0.528 0.139 0.622 0.569 0.544 0.643 0.504 0.536 0.974 0.461 0.905 0.815 0.590 0.757 0.907 0.588 0.388 0.108 0.874 0.508 0.605 0.817 0.977 0.883 0.883 0.594 0.965 0.771 
ofv: -8729724.000000
Best time: 10.076
Total time:10.076 


Instance: ../Instances/CKP_Classical_Instances/100/2_70_100
RKO: BRKGA | 
Sol: 0.979 0.023 0.612 0.226 0.351 0.900 0.939 0.037 0.365 0.659 0.909 0.401 0.611 0.445 0.676 0.322 0.299 0.089 0.719 0.023 0.154 0.126 0.510 0.626 0.286 0.810 0.232 0.625 0.865 0.698 0.648 0.702 0.386 0.407 0.018 0.059 0.011 0.861 0.732 0.766 0.049 0.806 0.244 0.467 0.366 0.243 0.961 0.676 0.045 0.030 0.854 0.043 0.577 0.099 0.041 0.481 0.466 0.406 0.521 0.042 0.303 0.361 0.060 0.565 0.784 0.373 0.047 0.295 0.486 0.161 
ofv: -1055635.000000
Best time: 9.232
Total time:10.033 


Instance: ../Instances/CKP_Classical_Instances/100/3_70_100
RKO: BRKGA | 
Sol: 0.358 0.658 0.363 0.414 0.945 0.122 0.149 0.158 0.408 0.039 0.953 0.104 0.448 0.610 0.387 0.888 0.176 0.211 0.769 0.199 0.920 0.330 0.207 0.034 0.821 0.499 0.969 0.929 0.295 0.699 0.171 0.866 0.146 0.550 0.293 0.361 0.394 0.440 0.154 0.393 0.174 0.007 0.937 0.260 0.678 0.416 0.957 0.305 0.306 0.803 0.608 0.327 0.495 0.714 0.168 0.648 0.287 0.723 0.225 0.194 0.931 0.534 0.071 0.122 0.510 0.352 0.750 0.693 0.936 0.792 
ofv: -1029399.000000
Best time: 9.462
Total time:10.109 


Instance: ../Instances/CKP_Classical_Instances/100/4_70_100
RKO: BRKGA | 
Sol: 0.409 0.609 0.723 0.868 0.993 0.896 0.794 0.930 0.535 0.205 0.389 0.138 0.833 0.004 0.430 0.341 0.177 0.996 0.982 0.801 0.938 0.963 0.180 0.694 0.460 0.352 0.925 0.520 0.767 0.751 0.911 0.589 0.554 0.764 0.300 0.403 0.726 0.486 0.199 0.788 0.173 0.677 0.364 0.725 0.942 0.349 0.695 0.879 0.464 0.441 0.683 0.244 0.193 0.879 0.997 0.110 0.057 0.726 0.347 0.533 0.359 0.370 0.700 0.581 0.508 0.289 0.188 0.549 0.374 0.821 
ofv: -2896571.000000
Best time: 9.025
Total time:10.059 


Instance: ../Instances/CKP_Classical_Instances/100/5_70_100
RKO: BRKGA | 
Sol: 0.932 0.277 0.053 0.292 0.272 0.199 0.012 0.333 0.104 0.663 0.366 0.059 0.384 0.101 0.218 0.059 0.522 0.202 0.235 0.414 0.365 0.732 0.035 0.350 0.134 0.473 0.982 0.206 0.848 0.189 0.044 0.551 0.152 0.356 0.970 0.250 0.419 0.408 0.572 0.431 0.011 0.167 0.180 0.353 0.487 0.949 0.015 0.985 0.129 0.367 0.278 0.912 0.429 0.117 0.189 0.020 0.104 0.847 0.433 0.303 0.117 0.950 0.340 0.546 0.869 0.521 0.132 0.290 0.249 0.133 
ofv: -228250.000000
Best time: 7.942
Total time:10.037 


Instance: ../Instances/CKP_Classical_Instances/100/6_70_100
RKO: BRKGA | 
Sol: 0.176 0.721 0.236 0.197 0.312 0.050 0.938 0.093 0.259 0.076 0.919 0.273 0.400 0.705 0.039 0.161 0.192 0.158 0.433 0.942 0.372 0.051 0.414 0.417 0.402 0.249 0.175 0.396 0.718 0.067 0.363 0.113 0.220 0.223 0.074 0.134 0.256 0.190 0.374 0.335 0.048 0.318 0.115 0.188 0.041 0.426 0.431 0.497 0.179 0.044 0.379 0.120 0.108 0.355 0.014 0.274 0.473 0.820 0.042 0.294 0.189 0.826 0.033 0.348 0.024 0.290 0.198 0.660 0.349 0.558 
ofv: -45363.000000
Best time: 8.735
Total time:10.077 


Instance: ../Instances/CKP_Classical_Instances/100/7_70_100
RKO: BRKGA | 
Sol: 0.655 0.344 0.923 0.916 0.366 0.356 0.621 0.751 0.218 0.380 0.973 0.257 0.896 0.168 0.180 0.366 0.784 0.729 0.968 0.033 0.355 0.779 0.942 0.543 0.118 0.917 0.107 0.560 0.768 0.252 0.937 0.112 0.803 0.686 0.051 0.959 0.088 0.913 0.415 0.109 0.121 0.513 0.534 0.426 0.381 0.134 0.967 0.080 0.902 0.860 0.319 0.594 0.626 0.464 0.420 0.647 0.194 0.262 0.847 0.691 0.132 0.850 0.413 0.072 0.011 0.579 0.188 0.753 0.662 0.771 
ofv: -2274214.000000
Best time: 9.422
Total time:10.043 


Instance: ../Instances/CKP_Classical_Instances/100/8_70_100
RKO: BRKGA | 
Sol: 0.011 0.989 0.193 0.249 0.651 0.991 0.471 0.071 0.084 0.142 0.981 0.922 0.672 0.453 0.446 0.440 0.608 0.607 0.597 0.804 0.955 0.369 0.155 0.231 0.456 0.744 0.960 0.187 0.235 0.306 0.353 0.161 0.379 0.273 0.375 0.109 0.460 0.266 0.656 0.006 0.580 0.371 0.216 0.730 0.537 0.406 0.255 0.953 0.282 0.758 0.328 0.151 0.181 0.325 0.873 0.085 0.076 0.393 0.083 0.254 0.975 0.704 0.243 0.838 0.487 0.347 0.547 0.100 0.557 0.004 
ofv: -738703.000000
Best time: 9.495
Total time:10.127 


Instance: ../Instances/CKP_Classical_Instances/100/9_70_100
RKO: BRKGA | 
Sol: 0.785 0.739 0.890 0.994 0.653 0.765 0.674 0.677 0.816 0.603 0.030 0.605 0.878 0.864 0.788 0.825 0.576 0.875 0.955 0.507 0.924 0.762 0.577 0.698 0.747 0.555 0.581 0.659 0.772 0.532 0.887 0.913 0.873 0.162 0.978 0.955 0.948 0.973 0.704 0.806 0.607 0.534 0.967 0.809 0.563 0.596 0.959 0.613 0.921 0.959 0.931 0.580 0.507 0.602 0.787 0.503 0.586 0.684 0.526 0.771 0.728 0.624 0.727 0.571 0.643 0.762 0.830 0.743 0.705 0.762 
ofv: -15446665.000000
Best time: 4.121
Total time:10.079 


Instance: ../Instances/CKP_Classical_Instances/100/10_70_100
RKO: BRKGA | 
Sol: 0.393 0.013 0.920 1.000 0.746 0.787 0.875 0.755 0.181 0.686 0.565 0.579 0.524 0.856 0.946 0.133 0.318 0.887 0.928 0.337 0.833 0.430 0.509 0.956 0.268 0.858 0.361 0.198 0.114 0.811 0.767 0.958 0.867 0.015 0.402 0.525 0.200 0.827 0.796 0.668 0.280 0.065 0.346 0.839 0.254 0.368 0.488 0.843 0.826 0.857 0.914 0.294 0.917 0.695 0.240 0.069 0.570 0.503 0.084 0.762 0.465 0.865 0.099 0.904 0.113 0.969 0.916 0.049 0.919 0.493 
ofv: -3344251.000000
Best time: 9.927
Total time:10.197 


Instance: ../Instances/CKP_Classical_Instances/25/1_70_25
RKO: BRKGA-CS | 
Sol: 0.332 0.990 0.865 0.598 0.820 0.644 0.014 0.003 0.315 0.873 0.829 0.824 0.204 0.545 0.057 0.096 0.969 0.806 0.807 0.744 0.069 0.307 0.652 0.701 0.846 0.445 0.738 0.361 0.983 0.229 0.589 0.712 0.823 0.719 0.792 0.438 0.710 0.795 0.922 0.975 0.067 0.687 0.403 0.806 0.500 0.998 0.973 0.822 0.864 0.724 0.500 0.122 0.964 0.256 0.825 0.597 0.907 0.539 0.188 0.557 0.690 0.887 0.614 0.656 0.333 0.926 0.906 0.655 0.477 0.502 
ofv: -1464823.000000
Best time: 16.496
Total time:16.611 


Instance: ../Instances/CKP_Classical_Instances/25/2_70_25
RKO: BRKGA-CS | 
Sol: 0.552 0.622 0.851 0.580 0.102 0.634 0.717 0.767 0.888 0.121 0.945 0.566 0.515 0.503 0.523 0.336 0.953 0.758 0.538 0.780 0.505 0.909 0.780 0.779 0.689 0.955 0.682 0.655 0.751 0.553 0.749 0.564 0.711 0.631 0.781 0.381 0.357 0.877 0.664 0.811 0.539 0.700 0.635 0.596 0.968 0.956 0.173 0.685 0.538 0.931 0.784 0.549 0.917 0.564 0.717 0.206 0.956 0.523 0.400 0.557 0.944 0.735 0.454 0.767 0.721 0.107 0.586 0.829 0.809 0.684 
ofv: -2723946.000000
Best time: 10.107
Total time:12.111 


Instance: ../Instances/CKP_Classical_Instances/25/3_70_25
RKO: BRKGA-CS | 
Sol: 0.737 0.244 0.069 0.309 0.625 0.462 0.393 0.720 0.863 1.000 0.866 0.919 0.352 0.618 0.190 0.371 0.062 0.133 0.757 0.534 0.022 0.783 0.935 0.224 0.836 0.152 0.634 0.307 0.176 0.269 0.185 0.438 0.061 0.867 0.821 0.599 0.045 0.973 0.992 0.276 0.580 0.546 0.809 0.338 0.590 0.050 0.530 0.005 0.806 0.650 0.861 0.991 0.518 0.584 0.463 0.108 0.849 0.621 0.046 0.206 0.697 0.957 0.275 0.975 0.629 0.439 0.438 0.707 0.284 0.960 
ofv: -730668.000000
Best time: 18.793
Total time:19.197 


Instance: ../Instances/CKP_Classical_Instances/25/4_70_25
RKO: BRKGA-CS | 
Sol: 0.982 0.543 0.747 0.798 0.565 0.567 0.565 0.570 0.556 0.769 0.772 0.802 0.749 0.837 0.920 0.982 0.776 0.702 0.741 0.961 0.639 0.583 1.000 0.686 0.766 0.525 0.528 0.740 0.546 0.515 0.953 0.953 0.995 0.560 0.901 0.540 0.567 0.682 0.957 0.542 0.634 0.527 0.682 0.524 0.663 0.938 0.857 0.526 0.588 0.895 0.554 0.964 0.531 0.836 0.518 0.685 0.899 0.899 0.915 0.227 0.868 0.899 0.500 0.519 0.727 0.614 0.566 0.711 0.569 0.571 
ofv: -4046545.000000
Best time: 7.589
Total time:11.104 


Instance: ../Instances/CKP_Classical_Instances/25/5_70_25
RKO: BRKGA-CS | 
Sol: 0.960 0.865 0.891 0.836 0.985 0.947 0.555 0.896 0.745 0.503 0.075 0.956 0.667 0.793 0.187 0.512 0.482 0.682 0.746 0.107 0.768 0.569 0.227 0.512 0.885 0.550 0.514 0.530 0.678 0.871 0.803 0.743 0.620 0.653 0.589 0.757 0.359 0.159 0.511 0.986 0.584 0.785 0.754 0.593 0.558 0.557 0.286 0.572 0.782 0.694 0.866 0.574 0.878 0.210 0.167 0.230 0.822 0.722 0.722 0.690 0.521 0.763 0.676 0.878 0.742 0.813 0.544 0.569 0.553 0.688 
ofv: -2550190.000000
Best time: 10.549
Total time:11.238 


Instance: ../Instances/CKP_Classical_Instances/25/6_70_25
RKO: BRKGA-CS | 
Sol: 0.959 0.914 0.962 0.983 0.718 0.139 0.774 0.722 0.895 0.110 0.742 0.576 0.502 0.655 0.571 0.661 0.852 0.178 0.766 0.264 0.126 0.936 0.665 0.936 0.838 0.936 0.872 0.685 0.529 0.915 0.357 0.503 0.199 0.645 0.651 0.509 0.789 0.416 0.535 0.685 0.730 0.630 0.888 0.585 0.936 0.637 0.013 0.723 0.714 0.569 0.893 0.317 0.828 0.626 0.742 0.524 0.981 0.943 0.560 0.013 0.855 0.950 0.829 0.966 0.940 0.933 0.622 0.218 0.751 0.956 
ofv: -2416156.000000
Best time: 9.845
Total time:10.024 


Instance: ../Instances/CKP_Classical_Instances/25/7_70_25
RKO: BRKGA-CS | 
Sol: 0.843 0.889 0.838 0.520 0.604 0.555 0.377 0.986 0.531 0.093 0.809 0.593 0.004 0.138 0.874 0.365 0.942 0.496 0.824 0.627 0.723 0.501 0.567 0.611 0.704 0.873 0.702 0.806 0.630 0.737 0.942 0.872 0.645 0.635 0.910 0.824 0.986 0.603 0.618 0.509 0.506 0.975 0.555 0.567 0.695 0.729 0.979 0.612 0.675 0.628 0.965 0.632 0.795 0.405 0.749 0.890 0.904 0.874 0.489 0.746 0.807 0.320 0.981 0.799 0.857 0.165 0.082 0.541 0.622 0.505 
ofv: -2609586.000000
Best time: 14.145
Total time:14.774 


Instance: ../Instances/CKP_Classical_Instances/25/8_70_25
RKO: BRKGA-CS | 
Sol: 0.437 0.858 0.876 0.292 0.807 0.811 0.454 0.267 0.385 0.201 0.587 0.145 0.194 0.654 0.898 0.048 0.898 0.624 0.038 0.770 0.061 0.190 0.095 0.423 0.067 0.436 0.348 0.622 0.890 0.190 0.065 0.802 0.661 0.280 0.406 0.115 0.117 0.506 0.473 0.764 0.268 0.900 0.543 0.697 0.436 0.334 0.462 0.547 0.272 0.189 0.900 0.763 0.175 0.553 0.845 0.111 0.101 0.412 0.710 0.714 0.778 0.714 0.932 0.825 0.467 0.776 0.223 0.197 0.522 0.349 
ofv: -442885.000000
Best time: 18.725
Total time:18.726 


Instance: ../Instances/CKP_Classical_Instances/25/9_70_25
RKO: BRKGA-CS | 
Sol: 0.224 0.794 0.814 0.625 0.409 0.118 0.107 0.260 0.296 0.340 0.996 0.926 0.288 0.402 0.298 0.282 0.202 0.676 0.221 0.019 0.923 0.258 0.335 0.918 0.080 0.228 0.566 0.443 0.452 0.336 0.033 0.389 0.379 0.484 0.263 0.888 0.003 0.789 0.934 0.616 0.621 0.415 0.131 0.350 0.761 0.317 0.636 0.458 0.992 0.726 0.806 0.313 0.433 0.497 0.665 0.825 0.397 0.062 0.176 0.110 0.144 0.250 0.400 0.330 0.714 0.167 0.359 0.515 0.919 0.624 
ofv: -182164.000000
Best time: 8.741
Total time:10.048 


Instance: ../Instances/CKP_Classical_Instances/25/10_70_25
RKO: BRKGA-CS | 
Sol: 0.639 0.631 0.720 0.503 0.508 0.724 0.502 0.900 0.383 0.076 0.847 0.563 0.541 0.579 0.779 0.613 0.548 0.501 0.885 0.770 0.799 0.530 0.514 0.698 0.675 0.760 0.667 0.725 0.245 0.942 0.465 0.660 0.563 0.603 0.503 0.719 0.519 0.920 0.538 0.944 0.509 0.538 0.169 0.940 0.575 0.502 0.570 0.703 0.686 0.982 0.935 0.948 0.777 0.587 0.681 0.526 0.652 0.492 0.777 0.692 0.661 0.575 0.935 0.874 0.658 0.577 0.432 0.622 0.602 0.502 
ofv: -3118151.000000
Best time: 11.792
Total time:12.472 


Instance: ../Instances/CKP_Classical_Instances/50/1_70_50
RKO: BRKGA-CS | 
Sol: 0.858 0.719 0.738 0.864 0.051 0.875 0.673 0.651 0.666 0.458 0.328 0.550 0.810 0.555 0.655 0.106 0.390 0.683 0.530 0.506 0.651 0.375 0.857 0.798 0.710 0.722 0.236 0.840 0.941 0.658 0.815 0.778 0.902 0.579 0.297 0.734 0.110 0.526 0.936 0.781 0.084 0.936 0.708 0.567 0.678 0.852 0.326 0.337 0.969 0.520 0.648 0.731 0.844 0.933 0.925 0.895 0.943 0.341 0.996 0.386 0.654 0.965 0.824 0.821 0.821 0.587 0.723 0.024 0.579 0.963 
ofv: -4112738.000000
Best time: 11.674
Total time:11.893 


Instance: ../Instances/CKP_Classical_Instances/50/2_70_50
RKO: BRKGA-CS | 
Sol: 0.474 0.499 0.200 0.224 0.765 0.079 0.053 0.495 0.617 0.151 0.073 0.034 0.188 0.173 0.370 0.939 0.105 0.109 0.303 0.341 0.048 0.200 0.851 0.548 0.001 0.471 0.267 0.135 0.067 0.718 0.467 0.831 0.420 0.364 0.196 0.226 0.338 0.326 0.330 0.704 0.528 0.267 0.824 0.414 0.493 0.598 0.909 0.697 0.731 0.164 0.096 0.786 0.039 0.394 0.160 0.210 0.254 0.625 0.965 0.593 0.339 0.155 0.920 0.115 0.121 0.689 0.694 0.265 0.221 0.702 
ofv: -278361.000000
Best time: 11.583
Total time:11.625 


Instance: ../Instances/CKP_Classical_Instances/50/3_70_50
RKO: BRKGA-CS | 
Sol: 0.720 0.976 0.979 0.794 0.600 0.845 0.871 0.701 0.212 0.642 0.759 0.969 0.470 0.981 0.071 0.246 0.807 0.754 0.144 0.575 0.940 0.297 0.960 0.605 0.267 0.643 0.034 0.534 0.680 0.713 0.594 0.518 0.975 0.660 0.697 0.577 0.060 0.949 0.898 0.974 0.060 0.549 0.659 0.008 0.011 0.250 0.294 0.088 0.822 0.612 0.098 0.379 0.853 0.919 0.591 0.795 0.505 0.949 0.825 0.246 0.753 0.847 0.629 0.639 0.539 0.657 0.888 0.571 0.832 0.353 
ofv: -3294982.000000
Best time: 14.717
Total time:14.764 


Instance: ../Instances/CKP_Classical_Instances/50/4_70_50
RKO: BRKGA-CS | 
Sol: 0.161 0.496 0.084 0.203 0.310 0.487 0.125 0.067 0.383 0.029 0.492 0.061 0.214 0.931 0.246 0.178 0.110 0.095 0.225 0.091 0.095 0.041 0.191 0.221 0.421 0.179 0.006 0.302 0.247 0.349 0.032 0.366 0.218 0.071 0.094 0.176 0.077 0.267 0.195 0.165 0.235 0.886 0.054 0.006 0.474 0.669 0.256 0.207 0.003 0.028 0.544 0.086 0.451 0.108 0.015 0.078 0.312 0.226 0.039 0.063 0.262 0.090 0.294 0.258 0.309 0.108 0.107 0.123 0.404 0.382 
ofv: -2918.000000
Best time: 7.904
Total time:10.429 


Instance: ../Instances/CKP_Classical_Instances/50/5_70_50
RKO: BRKGA-CS | 
Sol: 0.679 0.981 0.833 0.664 0.951 0.731 0.617 0.443 0.562 0.922 0.702 0.508 0.598 0.727 0.939 0.944 0.787 0.586 0.711 0.526 0.618 0.579 0.526 0.560 0.748 0.537 0.869 0.780 0.612 0.943 0.654 0.324 0.891 0.990 0.784 0.819 0.679 0.884 0.944 0.730 0.581 0.708 0.516 0.984 0.508 0.511 0.262 0.519 0.552 0.659 0.562 0.643 0.583 0.746 0.537 0.813 0.682 0.595 0.904 0.555 0.579 0.983 0.939 0.801 0.566 0.154 0.783 0.731 0.936 0.756 
ofv: -7154127.000000
Best time: 6.152
Total time:10.281 


Instance: ../Instances/CKP_Classical_Instances/50/6_70_50
RKO: BRKGA-CS | 
Sol: 0.634 0.235 0.269 0.684 0.047 0.108 0.714 0.077 0.797 0.173 0.065 0.852 0.111 0.931 0.931 0.375 0.023 0.303 0.988 0.851 0.218 0.887 0.334 0.868 0.543 0.797 0.651 0.065 0.059 0.848 0.014 0.464 0.865 0.630 0.531 0.279 0.690 0.860 0.868 0.257 0.884 0.622 0.397 0.044 0.948 0.827 0.924 0.661 0.778 0.706 0.771 0.914 0.707 0.290 0.304 0.493 0.594 0.618 0.301 0.865 0.937 0.179 0.784 0.924 0.933 0.029 0.926 0.209 0.801 0.582 
ofv: -1832959.000000
Best time: 16.431
Total time:16.733 


Instance: ../Instances/CKP_Classical_Instances/50/7_70_50
RKO: BRKGA-CS | 
Sol: 0.901 0.602 0.870 0.589 0.549 0.227 0.769 0.532 0.569 0.922 0.728 0.575 0.882 0.988 0.621 0.685 0.638 0.766 0.740 0.687 0.520 0.623 0.903 0.848 0.569 0.667 0.841 0.511 0.885 0.508 0.503 0.981 0.640 0.746 0.865 0.591 0.534 0.868 0.689 0.795 0.553 0.958 0.552 0.576 0.762 0.513 0.793 0.557 0.564 0.528 0.951 0.631 0.533 0.554 0.706 0.991 0.718 0.524 0.534 0.798 0.695 0.506 0.714 0.549 0.557 0.871 0.523 0.701 0.727 0.729 
ofv: -8082857.000000
Best time: 4.486
Total time:10.298 


Instance: ../Instances/CKP_Classical_Instances/50/8_70_50
RKO: BRKGA-CS | 
Sol: 0.562 0.836 0.828 0.572 0.663 0.597 0.512 0.063 0.031 0.647 0.856 0.827 0.890 0.641 0.559 0.899 0.411 0.920 0.394 0.092 0.910 0.552 0.364 0.771 0.614 0.674 0.833 0.661 0.544 0.031 0.609 0.914 0.981 0.647 0.994 0.556 0.531 0.481 0.793 0.554 0.568 0.885 0.879 0.554 0.606 0.818 0.563 0.606 0.982 0.944 0.095 0.846 0.928 0.109 0.562 0.568 0.984 0.562 0.862 0.994 0.635 0.546 0.704 0.931 0.218 0.540 0.628 0.787 0.868 0.651 
ofv: -5165731.000000
Best time: 7.289
Total time:10.141 


Instance: ../Instances/CKP_Classical_Instances/50/9_70_50
RKO: BRKGA-CS | 
Sol: 0.537 0.998 0.793 0.876 0.775 0.524 0.790 0.871 0.529 0.982 0.974 0.958 0.861 0.503 0.779 0.554 0.379 0.511 0.523 0.562 0.729 0.584 0.835 0.510 0.739 0.828 0.535 0.911 0.562 0.971 0.549 0.535 0.134 0.991 0.936 0.547 0.885 0.900 0.619 0.973 0.555 0.970 0.517 0.525 0.970 0.739 0.826 0.983 0.639 0.448 0.645 0.925 0.619 0.562 0.428 0.904 0.993 0.241 0.763 0.853 0.534 0.792 0.672 0.842 0.569 0.683 0.997 0.531 0.829 0.527 
ofv: -6790289.000000
Best time: 6.246
Total time:12.003 


Instance: ../Instances/CKP_Classical_Instances/50/10_70_50
RKO: BRKGA-CS | 
Sol: 0.607 0.723 0.520 0.794 0.766 0.546 0.876 0.986 0.553 0.791 0.930 0.613 0.541 0.704 0.559 0.660 0.556 0.549 0.550 0.989 0.624 0.503 0.535 0.512 0.506 0.950 0.541 0.779 0.554 0.890 0.520 0.575 0.592 0.450 0.787 0.846 0.596 0.565 0.548 0.529 0.601 0.580 0.333 0.300 0.762 0.544 0.913 0.647 0.885 0.504 0.858 0.408 0.947 0.532 0.374 0.576 0.792 0.561 0.536 0.540 0.584 0.856 0.571 0.925 0.559 0.557 0.595 0.587 0.570 0.740 
ofv: -6826564.000000
Best time: 4.805
Total time:10.721 


Instance: ../Instances/CKP_Classical_Instances/75/1_70_75
RKO: BRKGA-CS | 
Sol: 0.755 0.942 0.870 0.968 0.230 0.972 0.961 0.784 0.554 0.839 0.927 0.753 0.549 0.308 0.894 0.401 0.518 0.831 0.685 0.771 0.655 0.783 0.923 0.951 0.562 0.906 0.775 0.520 0.507 0.787 0.669 0.818 0.690 0.437 0.616 0.698 0.624 0.666 0.631 0.715 0.365 0.670 0.565 0.550 0.998 0.551 0.550 0.594 0.749 0.820 0.539 0.747 0.557 0.533 0.832 0.586 0.570 0.963 0.869 0.728 0.979 0.662 0.613 0.956 0.889 0.372 0.982 0.998 0.951 0.728 
ofv: -9505966.000000
Best time: 8.193
Total time:10.227 


Instance: ../Instances/CKP_Classical_Instances/75/2_70_75
RKO: BRKGA-CS | 
Sol: 0.566 0.515 0.489 0.753 0.649 0.907 0.520 0.156 0.665 0.501 0.311 0.954 0.850 0.615 0.568 0.674 0.766 0.878 0.873 0.291 0.231 0.835 0.452 0.256 0.756 0.945 0.994 0.971 0.463 0.903 0.014 0.761 0.826 0.723 0.603 0.333 0.305 0.991 0.679 0.957 0.668 0.797 0.753 0.584 0.558 0.570 0.513 0.668 0.072 0.518 0.872 0.167 0.909 0.263 0.986 0.629 0.137 0.619 0.353 0.996 0.780 0.732 0.147 0.553 0.606 0.314 0.540 0.915 0.222 0.600 
ofv: -4954046.000000
Best time: 13.795
Total time:14.710 


Instance: ../Instances/CKP_Classical_Instances/75/3_70_75
RKO: BRKGA-CS | 
Sol: 0.637 0.808 0.726 0.534 0.277 0.530 0.613 0.621 0.737 0.823 0.195 0.007 0.259 0.543 0.660 0.984 0.928 0.680 0.844 0.800 0.739 0.806 0.668 0.740 0.569 0.525 0.839 0.969 0.839 0.428 0.882 0.580 0.946 0.801 0.296 0.549 0.518 0.293 0.855 0.660 0.725 0.926 0.983 0.509 0.669 0.949 0.773 0.166 0.773 0.918 0.962 0.938 0.953 0.560 0.833 0.835 0.504 0.712 0.576 0.260 0.765 1.000 0.274 0.585 0.453 0.510 0.558 0.636 0.522 0.922 
ofv: -7498276.000000
Best time: 17.087
Total time:17.321 


Instance: ../Instances/CKP_Classical_Instances/75/4_70_75
RKO: BRKGA-CS | 
Sol: 0.290 0.107 0.210 0.137 0.041 0.516 0.936 0.008 0.023 0.000 0.048 0.060 0.116 0.323 0.431 0.134 0.385 0.077 0.271 0.408 0.448 0.356 0.317 0.329 0.898 0.115 0.162 0.378 0.098 0.394 0.830 0.112 0.731 0.237 0.319 0.069 0.124 0.327 0.398 0.005 0.482 0.211 0.003 0.047 0.493 0.915 0.135 0.076 0.237 0.268 0.943 0.468 0.062 0.062 0.045 0.389 0.248 0.121 0.048 0.178 0.234 0.350 0.745 0.019 0.045 0.277 0.191 0.053 0.254 0.093 
ofv: -20902.000000
Best time: 20.112
Total time:20.171 


Instance: ../Instances/CKP_Classical_Instances/75/5_70_75
RKO: BRKGA-CS | 
Sol: 0.425 0.526 0.630 0.761 0.406 0.583 0.349 0.806 0.073 0.099 0.674 0.465 0.807 0.331 0.497 0.799 0.520 0.852 0.731 0.416 0.691 0.303 0.813 0.485 0.771 0.243 0.829 0.117 0.594 0.414 0.861 0.600 0.293 0.473 0.988 0.261 0.936 0.250 0.618 0.075 0.370 0.310 0.756 0.476 0.841 0.222 0.805 0.269 0.635 0.556 0.370 0.890 0.463 0.442 0.249 0.670 0.974 0.433 0.444 0.453 0.573 0.714 0.337 0.492 0.177 0.496 0.389 0.608 0.653 0.265 
ofv: -1285414.000000
Best time: 16.643
Total time:16.677 


Instance: ../Instances/CKP_Classical_Instances/75/6_70_75
RKO: BRKGA-CS | 
Sol: 0.271 0.562 0.731 0.657 0.762 0.076 0.640 0.708 0.551 0.556 0.062 0.849 0.072 0.328 0.548 0.795 0.661 0.477 0.926 0.741 0.535 0.846 0.877 0.626 0.992 0.514 0.757 0.766 0.551 0.961 0.094 0.635 0.841 0.720 0.718 0.714 0.190 0.447 0.980 0.633 0.602 0.995 0.686 0.676 0.129 0.321 0.900 0.482 0.281 0.458 0.887 0.873 0.854 0.774 0.010 0.918 0.732 0.557 0.643 0.854 0.768 0.891 0.310 0.606 0.649 0.680 0.228 0.608 0.633 0.348 
ofv: -5183563.000000
Best time: 7.479
Total time:10.242 


Instance: ../Instances/CKP_Classical_Instances/75/7_70_75
RKO: BRKGA-CS | 
Sol: 0.185 0.323 0.132 0.012 0.092 0.210 0.219 0.144 0.375 0.023 0.033 0.884 0.363 0.463 0.497 0.127 0.236 0.063 0.169 0.976 0.277 0.501 0.118 0.063 0.013 0.193 0.255 0.060 0.073 0.088 0.301 0.426 0.278 0.408 0.683 0.189 0.240 0.034 0.160 0.237 0.098 0.209 0.098 0.348 0.008 0.320 0.014 0.365 0.472 0.106 0.424 0.420 0.830 0.171 0.878 0.321 0.129 0.003 0.398 0.200 0.037 0.140 0.239 0.333 0.202 0.106 0.006 0.073 0.211 0.229 
ofv: -9518.000000
Best time: 7.130
Total time:12.754 


Instance: ../Instances/CKP_Classical_Instances/75/8_70_75
RKO: BRKGA-CS | 
Sol: 0.464 0.257 0.494 0.417 0.171 0.210 0.462 0.459 0.405 0.352 0.399 0.134 0.430 0.027 0.926 0.118 0.164 0.393 0.708 0.225 0.259 0.143 0.569 0.272 0.424 0.447 0.102 0.381 0.217 0.029 0.473 0.426 0.051 0.401 0.163 0.348 0.201 0.003 0.191 0.213 0.411 0.039 0.274 0.008 0.087 0.153 0.013 0.551 0.422 0.072 0.014 0.040 0.560 0.114 0.314 0.226 0.032 0.496 0.757 0.002 0.395 0.260 0.404 0.257 0.730 0.456 0.113 0.407 0.112 0.094 
ofv: -11307.000000
Best time: 13.783
Total time:13.783 


Instance: ../Instances/CKP_Classical_Instances/75/9_70_75
RKO: BRKGA-CS | 
Sol: 0.237 0.434 0.181 0.098 0.497 0.571 0.341 0.398 0.848 0.034 0.852 0.856 0.136 0.773 0.766 0.764 0.801 0.549 0.578 0.797 0.275 0.819 0.260 0.980 0.167 0.053 0.434 0.612 0.144 0.470 0.281 0.923 0.538 0.942 0.106 0.272 0.566 0.285 0.941 0.875 0.943 0.778 0.208 0.549 0.600 0.536 0.235 0.062 0.314 0.983 0.689 0.435 0.952 0.945 0.811 0.301 0.766 0.099 0.291 0.755 0.691 0.385 0.792 0.900 0.235 0.605 0.367 0.527 0.270 0.762 
ofv: -2036492.000000
Best time: 7.497
Total time:10.020 


Instance: ../Instances/CKP_Classical_Instances/75/10_70_75
RKO: BRKGA-CS | 
Sol: 0.689 0.756 0.285 0.770 0.571 0.434 0.246 0.565 0.512 0.475 0.516 0.646 0.498 0.846 0.795 0.857 0.023 0.859 0.652 0.445 0.514 0.998 0.699 0.610 0.386 0.547 0.368 0.308 0.692 0.519 0.558 0.938 0.832 0.706 0.008 0.532 0.985 0.892 0.143 0.884 0.887 1.000 0.916 0.560 0.711 0.550 0.828 0.956 0.723 0.679 0.863 0.486 0.751 0.665 0.544 0.872 0.777 0.718 0.847 0.830 0.528 0.970 0.549 0.987 0.744 0.961 0.636 0.733 0.481 0.734 
ofv: -6528356.000000
Best time: 15.193
Total time:15.278 


Instance: ../Instances/CKP_Classical_Instances/100/1_70_100
RKO: BRKGA-CS | 
Sol: 0.692 0.607 0.531 0.562 0.547 0.145 0.898 0.992 0.002 0.134 0.523 0.333 0.711 0.604 0.633 0.946 0.494 0.574 0.157 0.714 0.919 0.606 0.503 0.603 0.501 0.895 0.510 0.566 0.566 0.357 0.711 0.813 0.558 0.665 0.720 0.576 0.979 0.937 0.893 0.508 0.000 0.545 0.011 0.843 0.181 0.888 0.750 0.501 0.127 0.353 0.713 0.843 0.647 0.844 0.941 0.591 0.881 0.821 0.435 0.030 0.501 0.547 0.779 0.212 0.496 0.741 0.879 0.666 0.992 0.859 
ofv: -7804619.000000
Best time: 11.397
Total time:12.643 


Instance: ../Instances/CKP_Classical_Instances/100/2_70_100
RKO: BRKGA-CS | 
Sol: 0.229 0.324 0.707 0.367 0.281 0.847 0.416 0.167 0.861 0.533 0.814 0.125 0.491 0.900 0.352 0.245 0.239 0.300 0.060 0.326 0.085 0.798 0.638 0.136 0.560 0.660 0.259 0.783 0.063 0.903 0.459 0.814 0.199 0.535 0.354 0.240 0.429 0.417 0.662 0.732 0.219 0.990 0.487 0.375 0.137 0.428 0.343 0.556 0.444 0.646 0.367 0.302 0.100 0.803 0.174 0.365 0.050 0.315 0.507 0.781 0.656 0.405 0.407 0.154 0.458 0.441 0.050 0.210 0.324 0.486 
ofv: -596155.000000
Best time: 9.926
Total time:10.578 


Instance: ../Instances/CKP_Classical_Instances/100/3_70_100
RKO: BRKGA-CS | 
Sol: 0.445 0.770 0.595 0.087 0.027 0.298 0.138 0.460 0.415 0.180 0.975 0.319 0.105 0.717 0.346 0.107 0.459 0.318 0.411 0.183 0.167 0.396 0.114 0.639 0.041 0.475 0.063 0.817 0.257 0.561 0.531 0.595 0.770 0.211 0.183 0.142 0.260 0.313 0.134 0.115 0.109 0.099 0.980 0.499 0.603 0.339 0.896 0.024 0.551 0.129 0.676 0.495 0.413 0.816 0.331 0.133 0.456 0.669 0.053 0.644 0.969 0.671 0.865 0.440 0.971 0.435 0.491 0.557 0.209 0.391 
ofv: -580038.000000
Best time: 8.472
Total time:10.073 


Instance: ../Instances/CKP_Classical_Instances/100/4_70_100
RKO: BRKGA-CS | 
Sol: 0.342 0.832 0.527 0.135 0.985 0.537 0.607 0.971 0.788 0.001 0.499 0.332 0.637 0.344 0.327 0.056 0.229 0.846 0.476 0.514 0.612 0.979 0.239 0.189 0.093 0.250 0.923 0.565 0.765 0.594 0.841 0.985 0.904 0.780 0.367 0.146 0.775 0.195 0.726 0.131 0.895 0.794 0.288 0.726 0.403 0.162 0.641 0.543 0.279 0.372 0.515 0.167 0.409 0.623 0.270 0.483 0.193 0.517 0.974 0.872 0.403 0.159 0.448 0.736 0.868 0.079 0.842 0.923 0.068 0.021 
ofv: -2300084.000000
Best time: 9.914
Total time:11.092 


Instance: ../Instances/CKP_Classical_Instances/100/5_70_100
RKO: BRKGA-CS | 
Sol: 0.825 0.071 0.260 0.336 0.485 0.078 0.323 0.028 0.010 0.778 0.462 0.125 0.453 0.140 0.498 0.562 0.145 0.529 0.595 0.379 0.251 0.238 0.236 0.162 0.362 0.099 0.476 0.374 0.690 0.277 0.241 0.691 0.335 0.088 0.099 0.127 0.082 0.404 0.415 0.155 0.245 0.081 0.386 0.373 0.361 0.791 0.447 0.595 0.143 0.247 0.248 0.998 0.475 0.103 0.419 0.498 0.444 0.992 0.290 0.209 0.205 0.593 0.374 0.697 0.991 0.291 0.226 0.361 0.201 0.258 
ofv: -129675.000000
Best time: 12.739
Total time:13.331 


Instance: ../Instances/CKP_Classical_Instances/100/6_70_100
RKO: BRKGA-CS | 
Sol: 0.301 0.169 0.059 0.737 0.895 0.124 0.528 0.209 0.195 0.452 0.376 0.093 0.285 0.789 0.043 0.433 0.703 0.306 0.014 0.254 0.025 0.215 0.490 0.492 0.279 0.271 0.257 0.070 0.239 0.011 0.345 0.467 0.295 0.032 0.013 0.438 0.174 0.180 0.232 0.386 0.285 0.325 0.084 0.003 0.071 0.443 0.309 0.404 0.079 0.554 0.297 0.324 0.108 0.463 0.104 0.073 0.445 0.091 0.077 0.136 0.411 0.059 0.003 0.250 0.100 0.005 0.450 0.954 0.153 0.052 
ofv: -16010.000000
Best time: 9.532
Total time:12.333 


Instance: ../Instances/CKP_Classical_Instances/100/7_70_100
RKO: BRKGA-CS | 
Sol: 0.648 0.392 0.915 0.904 0.239 0.622 0.502 0.097 0.013 0.434 0.816 0.094 0.042 0.398 0.251 0.330 0.233 0.555 0.914 0.176 0.361 0.876 0.776 0.368 0.295 0.647 0.079 0.629 0.823 0.188 0.822 0.098 0.759 0.276 0.144 0.646 0.034 0.796 0.047 0.301 0.023 0.917 0.955 0.423 0.742 0.146 0.692 0.390 0.697 0.563 0.220 0.817 0.946 0.892 0.521 0.799 0.407 0.477 0.658 0.681 0.289 0.679 0.408 0.572 0.395 0.705 0.176 0.489 0.326 0.632 
ofv: -1900481.000000
Best time: 9.049
Total time:14.273 


Instance: ../Instances/CKP_Classical_Instances/100/8_70_100
RKO: BRKGA-CS | 
Sol: 0.005 0.657 0.158 0.213 0.727 0.824 0.004 0.628 0.354 0.250 0.051 0.630 0.506 0.100 0.293 0.198 0.725 0.635 0.992 0.820 0.740 0.474 0.225 0.158 0.277 0.709 0.641 0.437 0.059 0.098 0.181 0.756 0.333 0.089 0.488 0.416 0.462 0.229 0.008 0.210 0.972 0.478 0.093 0.583 0.911 0.612 0.185 0.574 0.058 0.398 0.463 0.281 0.194 0.499 0.260 0.237 0.015 0.487 0.567 0.281 0.135 0.547 0.379 0.858 0.102 0.381 0.521 0.093 0.644 0.299 
ofv: -658305.000000
Best time: 10.434
Total time:11.142 


Instance: ../Instances/CKP_Classical_Instances/100/9_70_100
RKO: BRKGA-CS | 
Sol: 0.790 0.866 0.853 0.564 0.947 0.539 0.734 0.549 0.738 0.506 0.094 0.726 0.678 0.567 0.941 0.782 0.733 0.841 0.532 0.576 0.678 0.800 0.959 0.978 0.542 0.861 0.531 0.586 0.556 0.518 0.568 0.898 0.721 0.896 0.708 0.844 0.130 0.565 0.655 0.828 0.548 0.792 0.710 0.954 0.527 0.661 0.815 0.786 0.601 0.945 0.586 0.816 0.513 0.566 0.889 0.925 0.835 0.719 0.635 0.564 0.582 0.558 0.634 0.885 0.537 0.623 0.590 0.501 0.603 0.538 
ofv: -15446837.000000
Best time: 4.820
Total time:10.760 


Instance: ../Instances/CKP_Classical_Instances/100/10_70_100
RKO: BRKGA-CS | 
Sol: 0.699 0.239 0.955 0.821 0.514 0.928 0.635 0.221 0.905 0.972 0.917 0.686 0.513 0.947 0.925 0.007 0.491 0.748 0.781 0.049 0.214 0.261 0.631 0.265 0.255 0.952 0.106 0.239 0.152 0.327 0.883 0.653 0.525 0.206 0.157 0.551 0.460 0.567 0.633 0.815 0.885 0.040 0.051 0.002 0.514 0.234 0.033 0.385 0.548 0.607 0.180 0.294 0.205 0.396 0.392 0.514 0.346 0.922 0.088 0.667 0.345 0.707 0.369 0.589 0.121 0.604 0.514 0.073 0.842 0.117 
ofv: -2323360.000000
Best time: 10.534
Total time:12.418 


Instance: ../Instances/CKP_Classical_Instances/25/1_70_25
RKO: PSO | 
Sol: 0.325 0.847 0.886 0.285 0.771 0.590 0.341 0.026 0.320 0.737 0.762 0.651 0.909 0.545 0.174 0.291 0.903 0.614 0.930 0.695 0.811 0.449 0.520 0.954 0.339 0.570 0.204 0.300 0.708 0.247 0.232 0.558 0.706 0.723 0.581 0.644 0.941 0.857 0.863 0.861 0.109 0.659 0.716 0.578 0.734 0.881 0.922 0.763 0.791 0.513 0.511 0.485 0.568 0.490 0.762 0.685 0.420 0.855 0.456 0.870 0.722 0.539 0.710 0.414 0.284 0.525 0.764 0.986 0.237 0.972 
ofv: -1472787.000000
Best time: 8.632
Total time:10.109 


Instance: ../Instances/CKP_Classical_Instances/25/2_70_25
RKO: PSO | 
Sol: 0.958 0.623 0.677 0.585 0.145 0.853 0.714 0.281 0.875 0.161 0.898 0.755 0.934 0.752 0.500 0.589 0.751 0.595 0.541 0.965 0.890 0.855 0.549 0.949 0.606 0.616 0.654 0.681 0.678 0.542 0.892 0.785 0.795 0.559 0.866 0.945 0.209 0.745 0.785 0.810 0.964 0.884 0.925 0.542 0.918 0.976 0.086 0.595 0.790 0.676 0.728 0.027 0.557 0.901 0.851 0.365 0.747 0.864 0.561 0.747 0.698 0.777 0.323 0.520 0.578 0.037 0.979 0.836 0.980 0.814 
ofv: -2828085.000000
Best time: 6.000
Total time:10.239 


Instance: ../Instances/CKP_Classical_Instances/25/3_70_25
RKO: PSO | 
Sol: 0.576 0.079 0.193 0.473 0.187 0.646 0.365 0.875 0.939 0.893 0.505 0.894 0.564 0.759 0.863 0.744 0.260 0.362 0.985 0.900 0.427 0.902 0.845 0.277 0.218 0.199 0.206 0.654 0.539 0.029 0.270 0.980 0.024 0.587 0.913 0.610 0.556 0.834 0.578 0.645 0.696 0.895 0.679 0.108 0.136 0.774 0.548 0.313 0.955 0.582 0.760 0.770 0.321 0.672 0.106 0.932 0.573 0.323 0.200 0.393 0.863 0.274 0.848 0.029 0.266 0.156 0.269 0.471 0.032 0.783 
ofv: -796636.000000
Best time: 9.517
Total time:10.053 


Instance: ../Instances/CKP_Classical_Instances/25/4_70_25
RKO: PSO | 
Sol: 0.506 0.836 0.571 0.881 0.901 0.513 0.921 0.750 0.782 0.531 0.448 0.638 0.833 0.819 0.811 0.901 0.966 0.769 0.869 0.900 0.816 0.826 0.720 0.858 0.719 0.709 0.832 0.904 0.769 0.540 0.911 0.662 0.670 0.789 0.713 0.938 0.766 0.779 0.861 0.727 0.849 0.758 0.763 0.667 0.894 0.878 0.950 0.891 0.609 0.861 0.823 0.792 0.812 0.745 0.629 0.958 0.884 0.895 0.698 0.937 0.511 0.841 0.695 0.615 0.796 0.728 0.896 0.789 0.956 0.826 
ofv: -4043507.000000
Best time: 1.449
Total time:10.056 


Instance: ../Instances/CKP_Classical_Instances/25/5_70_25
RKO: PSO | 
Sol: 0.956 0.681 0.895 0.720 0.846 0.895 0.752 0.914 0.831 0.919 0.571 0.907 0.796 0.753 0.533 0.822 0.175 0.830 0.893 0.545 0.939 0.846 0.947 0.714 0.895 0.203 0.732 0.744 0.975 0.816 0.698 0.612 0.309 0.701 0.653 0.913 0.832 0.894 0.492 0.820 0.827 0.595 0.795 0.280 0.839 0.561 0.365 0.701 0.711 0.934 0.752 0.565 0.456 0.536 0.484 0.244 0.775 0.681 0.671 0.248 0.732 0.755 0.614 0.770 0.817 0.632 0.114 0.847 0.540 0.777 
ofv: -2552043.000000
Best time: 9.268
Total time:10.027 


Instance: ../Instances/CKP_Classical_Instances/25/6_70_25
RKO: PSO | 
Sol: 0.269 0.797 0.874 0.940 0.864 0.394 0.752 0.703 0.674 0.885 0.793 0.100 0.835 0.760 0.607 0.916 0.708 0.859 0.662 0.455 0.374 0.670 0.808 0.727 0.933 0.582 0.829 0.779 0.960 0.293 0.863 0.919 0.741 0.843 0.302 0.736 0.727 0.687 0.711 0.845 0.786 0.880 0.925 0.850 0.292 0.769 0.524 0.751 0.831 0.523 0.849 0.812 0.711 0.653 0.568 0.570 0.753 0.430 0.941 0.954 0.805 0.830 0.799 0.143 0.757 0.993 0.837 0.306 0.872 0.869 
ofv: -2587856.000000
Best time: 6.227
Total time:10.085 


Instance: ../Instances/CKP_Classical_Instances/25/7_70_25
RKO: PSO | 
Sol: 0.737 0.523 0.871 0.571 0.506 0.811 0.919 0.945 0.897 0.406 0.851 0.964 0.595 0.786 0.761 0.839 0.955 0.861 0.550 0.997 0.690 0.549 0.932 0.813 0.964 0.960 0.656 0.735 0.783 0.589 0.814 0.785 0.604 0.677 0.387 0.451 0.824 0.709 0.710 0.667 0.769 0.251 0.852 0.971 0.608 0.772 0.616 0.841 0.900 0.829 0.512 0.649 0.776 0.327 0.916 0.273 0.746 0.938 0.323 0.827 0.862 0.485 0.552 0.591 0.919 0.205 0.015 0.519 0.950 0.653 
ofv: -2710130.000000
Best time: 6.672
Total time:10.144 


Instance: ../Instances/CKP_Classical_Instances/25/8_70_25
RKO: PSO | 
Sol: 0.060 0.813 0.364 0.260 0.590 0.442 0.965 0.255 0.142 0.136 0.795 0.634 0.923 0.614 0.438 0.276 0.723 0.944 0.279 0.711 0.846 0.874 0.225 0.177 0.420 0.411 0.255 0.992 0.773 0.062 0.291 0.811 0.776 0.066 0.113 0.942 0.417 0.623 0.103 0.974 0.273 0.899 0.844 0.966 0.899 0.271 0.168 0.980 0.932 0.374 0.938 0.314 0.224 0.709 0.196 0.350 0.393 0.131 0.957 0.318 0.140 0.763 0.827 0.691 0.035 0.921 0.483 0.626 0.711 0.182 
ofv: -486085.000000
Best time: 4.207
Total time:10.019 


Instance: ../Instances/CKP_Classical_Instances/25/9_70_25
RKO: PSO | 
Sol: 0.541 0.175 0.703 0.198 0.622 0.165 0.256 0.208 0.096 0.276 0.886 0.113 0.275 0.735 0.167 0.314 0.253 0.141 0.728 0.604 0.540 0.229 0.171 0.096 0.183 0.131 0.600 0.280 0.170 0.068 0.253 0.075 0.115 0.299 0.279 0.740 0.383 0.786 0.603 0.577 0.638 0.766 0.053 0.231 0.938 0.061 0.857 0.435 0.889 0.466 0.106 0.721 0.185 0.054 0.076 0.626 0.124 0.000 0.193 0.265 0.313 0.057 0.936 0.643 0.148 0.052 0.794 0.868 0.798 0.730 
ofv: -227679.000000
Best time: 5.721
Total time:10.040 


Instance: ../Instances/CKP_Classical_Instances/25/10_70_25
RKO: PSO | 
Sol: 0.672 0.159 0.590 0.800 0.952 0.817 0.786 0.718 0.796 0.457 0.806 0.705 0.951 0.846 0.755 0.955 0.913 0.917 0.942 0.687 0.091 0.636 0.920 0.883 0.768 0.931 0.624 0.634 0.350 0.618 0.514 0.512 0.778 0.865 0.934 0.686 0.387 0.697 0.547 0.617 0.860 0.920 0.479 0.668 0.733 0.969 0.921 0.673 0.556 0.712 0.929 0.972 0.558 0.804 0.604 0.714 0.899 0.869 0.716 0.585 0.637 0.593 0.628 0.659 0.881 0.812 0.390 0.948 0.776 0.720 
ofv: -3117868.000000
Best time: 5.286
Total time:10.113 


Instance: ../Instances/CKP_Classical_Instances/50/1_70_50
RKO: PSO | 
Sol: 0.845 0.525 0.608 0.937 0.820 0.878 0.708 0.214 0.648 0.431 0.616 0.821 0.281 0.319 0.324 0.787 0.925 0.674 0.946 0.861 0.951 0.570 0.529 0.897 0.663 0.817 0.628 0.617 0.753 0.749 0.146 0.271 0.926 0.838 0.795 0.495 0.867 0.073 0.852 0.584 0.226 0.803 0.924 0.909 0.995 0.819 0.993 0.571 0.418 0.902 0.870 0.879 0.174 0.510 0.708 0.533 0.639 0.208 0.897 0.876 0.620 0.973 0.580 0.658 0.934 0.616 0.826 0.648 0.760 0.633 
ofv: -4629150.000000
Best time: 8.992
Total time:10.076 


Instance: ../Instances/CKP_Classical_Instances/50/2_70_50
RKO: PSO | 
Sol: 0.442 0.070 0.844 0.342 0.598 0.190 0.074 0.440 0.514 0.335 0.020 0.745 0.270 0.082 0.381 0.693 0.296 0.465 0.071 0.541 0.933 0.543 0.170 0.613 0.260 0.192 0.048 0.785 0.085 0.618 0.310 0.624 0.281 0.478 0.452 0.757 0.183 0.192 0.118 0.943 0.259 0.730 0.711 0.080 0.233 0.584 0.545 0.553 0.051 0.448 0.239 0.551 0.217 0.123 0.489 0.304 0.069 0.155 0.262 0.699 0.047 0.302 0.572 0.055 0.322 0.859 0.194 0.343 0.196 0.529 
ofv: -349709.000000
Best time: 6.241
Total time:10.060 


Instance: ../Instances/CKP_Classical_Instances/50/3_70_50
RKO: PSO | 
Sol: 0.551 0.813 0.724 0.819 0.919 0.697 0.779 0.759 0.432 0.958 0.938 0.897 0.357 0.694 0.819 0.319 0.304 0.915 0.227 0.739 0.616 0.119 0.799 0.749 0.461 0.503 0.246 0.779 0.778 0.894 0.558 0.730 0.831 0.757 0.568 0.934 0.106 0.584 0.782 0.917 0.224 0.880 0.765 0.324 0.442 0.220 0.138 0.297 0.799 0.662 0.174 0.720 0.885 0.812 0.717 0.630 0.843 0.823 0.620 0.457 0.955 0.823 0.203 0.689 0.917 0.502 0.850 0.976 0.956 0.625 
ofv: -3498698.000000
Best time: 5.003
Total time:10.049 


Instance: ../Instances/CKP_Classical_Instances/50/4_70_50
RKO: PSO | 
Sol: 0.081 0.111 0.083 0.166 0.632 0.128 0.166 0.024 0.056 0.088 0.056 0.377 0.347 0.246 0.154 0.332 0.064 0.433 0.215 0.408 0.165 0.014 0.118 0.124 0.082 0.135 0.198 0.478 0.213 0.102 0.237 0.184 0.051 0.164 0.129 0.488 0.333 0.002 0.324 0.126 0.083 0.596 0.009 0.521 0.184 0.198 0.154 0.168 0.070 0.032 0.145 0.337 0.222 0.112 0.233 0.223 0.209 0.208 0.366 0.147 0.060 0.308 0.176 0.558 0.714 0.438 0.875 0.163 0.089 0.149 
ofv: -6966.000000
Best time: 8.558
Total time:10.018 


Instance: ../Instances/CKP_Classical_Instances/50/5_70_50
RKO: PSO | 
Sol: 0.633 0.910 0.979 0.779 0.971 0.836 0.651 0.233 0.725 0.757 0.940 0.715 0.515 0.881 0.809 0.545 0.796 0.945 0.695 0.863 0.587 0.656 0.854 0.871 0.638 0.585 0.669 0.826 0.649 0.836 0.669 0.567 0.816 0.896 0.734 0.726 0.568 0.785 0.757 0.707 0.786 0.441 0.754 0.747 0.922 0.857 0.764 0.844 0.624 0.889 0.909 0.545 0.637 0.692 0.355 0.623 0.815 0.602 0.628 0.802 0.758 0.761 0.801 0.891 0.735 0.254 0.581 0.927 0.612 0.741 
ofv: -7146999.000000
Best time: 2.261
Total time:10.100 


Instance: ../Instances/CKP_Classical_Instances/50/6_70_50
RKO: PSO | 
Sol: 0.344 0.316 0.213 0.684 0.238 0.049 0.506 0.291 0.166 0.852 0.826 0.742 0.129 0.709 0.679 0.731 0.518 0.718 0.733 0.084 0.466 0.644 0.269 0.839 0.816 0.966 0.588 0.077 0.819 0.386 0.847 0.200 0.520 0.872 0.916 0.396 0.527 0.512 0.435 0.165 0.829 0.627 0.257 0.469 0.700 0.423 0.424 0.502 0.562 0.781 0.120 0.729 0.656 0.456 0.708 0.339 0.684 0.698 0.739 0.478 0.895 0.384 0.885 0.535 0.659 0.018 0.577 0.136 0.935 0.747 
ofv: -1857295.000000
Best time: 8.234
Total time:10.162 


Instance: ../Instances/CKP_Classical_Instances/50/7_70_50
RKO: PSO | 
Sol: 0.590 0.609 0.623 0.565 0.885 0.952 0.770 0.656 0.876 0.994 0.698 0.908 0.954 0.931 0.921 0.644 0.664 0.800 0.869 0.706 0.867 0.833 0.678 0.673 0.814 0.556 0.914 0.819 0.730 0.913 0.858 0.587 0.965 0.811 0.726 0.698 0.816 0.656 0.879 0.834 0.890 0.668 0.766 0.728 0.942 0.998 0.881 0.694 0.608 0.694 0.703 0.909 0.729 0.794 0.988 0.675 0.720 0.533 0.860 0.708 0.529 0.491 0.801 0.784 0.845 0.700 0.911 0.893 0.533 0.808 
ofv: -8080355.000000
Best time: 1.942
Total time:10.065 


Instance: ../Instances/CKP_Classical_Instances/50/8_70_50
RKO: PSO | 
Sol: 0.948 0.544 0.621 0.948 0.701 0.705 0.878 0.532 0.754 0.665 0.822 0.697 0.786 0.857 0.999 0.912 0.203 0.679 0.378 0.846 0.644 0.539 0.473 0.633 0.775 0.300 0.726 0.795 0.797 0.054 0.999 0.862 0.169 0.693 0.730 0.910 0.926 0.093 0.604 0.639 0.978 0.873 0.594 0.773 0.893 0.537 0.690 0.938 0.982 0.835 0.676 0.608 0.853 0.163 0.749 0.689 0.726 0.733 0.873 0.865 0.787 0.553 0.772 0.733 0.377 0.506 0.987 0.878 0.947 0.747 
ofv: -5658611.000000
Best time: 7.118
Total time:10.023 


Instance: ../Instances/CKP_Classical_Instances/50/9_70_50
RKO: PSO | 
Sol: 0.785 0.944 0.703 0.919 0.782 0.998 0.720 0.860 0.514 0.787 0.988 0.814 0.709 0.952 0.637 0.984 0.612 0.766 0.928 0.900 0.837 0.871 0.898 0.856 0.452 0.935 0.719 0.662 0.810 0.565 0.991 0.604 0.287 0.961 0.547 0.727 0.793 0.891 0.975 0.086 0.764 0.856 0.673 0.894 0.901 0.980 0.761 0.631 0.964 0.423 0.666 0.969 0.900 0.806 0.827 0.856 0.597 0.690 0.866 0.504 0.604 0.861 0.728 0.958 0.778 0.815 0.823 0.827 0.577 0.984 
ofv: -7069893.000000
Best time: 3.107
Total time:10.008 


Instance: ../Instances/CKP_Classical_Instances/50/10_70_50
RKO: PSO | 
Sol: 0.292 0.843 0.720 0.505 0.869 0.923 0.928 0.627 0.924 0.879 0.781 0.734 0.734 0.776 0.842 0.938 0.654 0.911 0.801 0.760 0.968 0.895 0.647 0.986 0.914 0.631 0.890 0.870 0.870 0.727 0.964 0.721 0.855 0.539 0.743 0.872 0.598 0.913 0.727 0.868 0.551 0.902 0.164 0.552 0.508 0.840 0.663 0.830 0.900 0.569 0.870 0.274 0.978 0.485 0.161 0.985 0.956 0.659 0.862 0.786 0.701 0.790 0.604 0.791 0.772 0.773 0.774 0.990 0.618 0.853 
ofv: -6830733.000000
Best time: 7.633
Total time:10.082 


Instance: ../Instances/CKP_Classical_Instances/75/1_70_75
RKO: PSO | 
Sol: 0.914 0.328 0.849 0.943 0.988 0.684 0.603 0.441 0.907 0.869 0.534 0.837 0.754 0.676 0.334 0.745 0.859 0.787 0.785 0.789 0.560 0.880 0.560 0.825 0.728 0.982 0.833 0.688 0.761 0.888 0.590 0.621 0.712 0.369 0.797 0.929 0.569 0.535 0.888 0.669 0.458 0.967 0.756 0.844 0.924 0.983 0.793 0.799 0.865 0.523 0.558 0.940 0.984 0.759 0.528 0.907 0.645 0.988 0.618 0.597 0.951 0.735 0.624 0.868 0.824 0.864 0.637 0.873 0.749 0.084 
ofv: -9629157.000000
Best time: 7.062
Total time:10.037 


Instance: ../Instances/CKP_Classical_Instances/75/2_70_75
RKO: PSO | 
Sol: 0.705 0.485 0.440 0.632 0.524 0.807 0.108 0.330 0.804 0.091 0.469 0.652 0.522 0.870 0.816 0.938 0.617 0.623 0.890 0.774 0.636 0.718 0.114 0.275 0.087 0.811 0.614 0.705 0.029 0.363 0.778 0.780 0.621 0.912 0.801 0.848 0.603 0.730 0.881 0.575 0.700 0.564 0.752 0.878 0.529 0.732 0.672 0.668 0.170 0.120 0.753 0.231 0.693 0.595 0.643 0.707 0.576 0.773 0.483 0.715 0.974 0.915 0.718 0.707 0.585 0.561 0.737 0.128 0.825 0.888 
ofv: -5792522.000000
Best time: 10.192
Total time:10.193 


Instance: ../Instances/CKP_Classical_Instances/75/3_70_75
RKO: PSO | 
Sol: 0.879 0.808 0.929 0.390 0.894 0.959 0.777 0.812 0.857 0.894 0.944 0.828 0.893 0.679 0.393 0.713 0.764 0.608 0.051 0.632 0.616 0.800 0.776 0.569 0.986 0.643 0.932 0.601 0.978 0.653 0.936 0.514 0.618 0.818 0.900 0.485 0.114 0.441 0.817 0.899 0.934 0.646 0.524 0.625 0.636 0.716 0.241 0.858 0.914 0.605 0.716 0.282 0.736 0.876 0.528 0.105 0.949 0.947 0.882 0.891 0.853 0.890 0.166 0.691 0.558 0.725 0.967 0.856 0.281 0.306 
ofv: -7217422.000000
Best time: 7.326
Total time:10.021 


Instance: ../Instances/CKP_Classical_Instances/75/4_70_75
RKO: PSO | 
Sol: 0.103 0.168 0.072 0.291 0.192 0.505 0.392 0.929 0.242 0.169 0.176 0.172 0.017 0.038 0.027 0.376 0.447 0.167 0.129 0.108 0.076 0.523 0.249 0.026 0.465 0.166 0.173 0.801 0.417 0.023 0.786 0.101 0.524 0.042 0.538 0.106 0.190 0.155 0.441 0.386 0.238 0.260 0.405 0.797 0.313 0.223 0.362 0.029 0.223 0.438 0.320 0.242 0.375 0.142 0.090 0.749 0.024 0.163 0.279 0.096 0.250 0.132 0.341 0.091 0.042 0.455 0.468 0.069 0.275 0.331 
ofv: -27435.000000
Best time: 6.858
Total time:10.011 


Instance: ../Instances/CKP_Classical_Instances/75/5_70_75
RKO: PSO | 
Sol: 0.435 0.857 0.100 0.057 0.706 0.435 0.684 0.633 0.119 0.235 0.680 0.795 0.078 0.307 0.380 0.354 0.566 0.372 0.850 0.363 0.563 0.096 0.694 0.177 0.752 0.202 0.871 0.033 0.561 0.102 0.078 0.294 0.600 0.121 0.745 0.758 0.829 0.174 0.771 0.200 0.408 0.700 0.677 0.115 0.478 0.069 0.963 0.057 0.696 0.731 0.323 0.915 0.615 0.720 0.097 0.684 0.160 0.077 0.881 0.153 0.642 0.686 0.278 0.471 0.460 0.397 0.577 0.963 0.655 0.375 
ofv: -1308035.000000
Best time: 3.023
Total time:10.019 


Instance: ../Instances/CKP_Classical_Instances/75/6_70_75
RKO: PSO | 
Sol: 0.465 0.689 0.731 0.534 0.966 0.166 0.729 0.686 0.866 0.486 0.134 0.559 0.406 0.414 0.939 0.727 0.747 0.981 0.692 0.901 0.907 0.581 0.805 0.915 0.814 0.336 0.868 0.899 0.745 0.313 0.918 0.836 0.617 0.701 0.512 0.742 0.355 0.774 0.683 0.669 0.304 0.727 0.630 0.827 0.564 0.490 0.768 0.362 0.883 0.215 0.548 0.895 0.911 0.738 0.462 0.663 0.736 0.969 0.994 0.629 0.949 0.963 0.233 0.827 0.750 0.778 0.634 0.208 0.537 0.131 
ofv: -5489305.000000
Best time: 9.794
Total time:10.012 


Instance: ../Instances/CKP_Classical_Instances/75/7_70_75
RKO: PSO | 
Sol: 0.229 0.177 0.260 0.190 0.145 0.200 0.033 0.181 0.155 0.009 0.070 0.117 0.189 0.031 0.014 0.427 0.173 0.089 0.423 0.434 0.249 0.731 0.414 0.186 0.242 0.384 0.396 0.328 0.166 0.279 0.232 0.209 0.032 0.001 0.929 0.016 0.406 0.414 0.115 0.219 0.031 0.604 0.433 0.330 0.076 0.263 0.162 0.029 0.138 0.224 0.344 0.157 0.950 0.280 0.038 0.643 0.221 0.095 0.545 0.221 0.223 0.039 0.140 0.253 0.071 0.094 0.366 0.863 0.517 0.615 
ofv: -25354.000000
Best time: 10.014
Total time:10.014 


Instance: ../Instances/CKP_Classical_Instances/75/8_70_75
RKO: PSO | 
Sol: 0.143 0.208 0.066 0.068 0.099 0.270 0.355 0.395 0.203 0.159 0.010 0.057 0.326 0.383 0.298 0.668 0.076 0.147 0.488 0.387 0.442 0.308 0.968 0.057 0.432 0.675 0.453 0.147 0.167 0.055 0.025 0.023 0.445 0.129 0.008 0.428 0.220 0.118 0.502 0.432 0.641 0.022 0.278 0.443 0.718 0.333 0.138 0.027 0.492 0.395 0.398 0.258 0.064 0.492 0.207 0.109 0.441 0.037 0.088 0.104 0.347 0.114 0.157 0.375 0.156 0.202 0.164 0.456 0.305 0.380 
ofv: -7920.000000
Best time: 5.981
Total time:10.061 


Instance: ../Instances/CKP_Classical_Instances/75/9_70_75
RKO: PSO | 
Sol: 0.254 0.115 0.279 0.293 0.182 0.656 0.450 0.055 0.221 0.291 0.646 0.864 0.129 0.585 0.539 0.717 0.657 0.821 0.788 0.641 0.402 0.838 0.138 0.966 0.206 0.210 0.259 0.816 0.804 0.965 0.718 0.825 0.054 0.862 0.141 0.369 0.707 0.422 0.738 0.640 0.527 0.585 0.213 0.574 0.371 0.576 0.378 0.409 0.343 0.707 0.541 0.422 0.558 0.664 0.730 0.060 0.662 0.236 1.000 0.783 0.831 0.834 0.677 0.818 0.312 0.694 0.090 0.857 0.630 0.892 
ofv: -2530536.000000
Best time: 9.986
Total time:10.072 


Instance: ../Instances/CKP_Classical_Instances/75/10_70_75
RKO: PSO | 
Sol: 0.717 0.420 0.524 0.750 0.932 0.420 0.872 0.952 0.659 0.381 0.590 0.532 0.872 0.754 0.881 0.852 0.406 0.812 0.120 0.078 0.981 0.808 0.700 0.921 0.144 0.654 0.042 0.284 0.751 0.514 0.466 0.794 0.896 0.605 0.982 0.533 0.565 0.865 0.357 0.885 0.711 0.698 0.503 0.772 0.853 0.733 0.876 0.400 0.809 0.846 0.812 0.823 0.614 0.925 0.860 0.678 0.931 0.834 0.583 0.718 0.643 0.660 0.683 0.945 0.696 0.882 0.753 0.982 0.347 0.913 
ofv: -6866762.000000
Best time: 9.657
Total time:10.069 


Instance: ../Instances/CKP_Classical_Instances/100/1_70_100
RKO: PSO | 
Sol: 0.900 0.870 0.296 0.840 0.826 0.032 0.863 0.699 0.400 0.150 0.843 0.424 0.701 0.716 0.692 0.770 0.864 0.789 0.419 0.630 0.853 0.372 0.816 0.746 0.791 0.879 0.973 0.635 0.979 0.712 0.727 0.551 0.674 0.776 0.738 0.520 0.685 0.399 0.647 0.954 0.473 0.666 0.781 0.660 0.002 0.945 0.914 0.837 0.883 0.773 0.914 0.829 0.803 0.768 0.622 0.916 0.757 0.720 0.361 0.396 0.639 0.714 0.582 0.164 0.281 0.806 0.851 0.648 0.503 0.632 
ofv: -8640985.000000
Best time: 8.303
Total time:10.132 


Instance: ../Instances/CKP_Classical_Instances/100/2_70_100
RKO: PSO | 
Sol: 0.848 0.284 0.754 0.135 0.184 0.719 0.681 0.407 0.093 0.960 0.746 0.155 0.920 0.246 0.546 0.059 0.127 0.026 0.595 0.459 0.434 0.440 0.591 0.894 0.023 0.611 0.169 0.585 0.678 0.629 0.212 0.548 0.332 0.801 0.022 0.265 0.055 0.648 0.828 0.713 0.713 0.827 0.347 0.052 0.359 0.342 0.062 0.724 0.165 0.130 0.673 0.056 0.910 0.238 0.146 0.158 0.488 0.085 0.088 0.297 0.241 0.967 0.206 0.709 0.218 0.154 0.494 0.201 0.033 0.215 
ofv: -957414.000000
Best time: 7.165
Total time:10.189 


Instance: ../Instances/CKP_Classical_Instances/100/3_70_100
RKO: PSO | 
Sol: 0.179 0.796 0.405 0.243 0.798 0.127 0.135 0.506 0.124 0.109 0.691 0.493 0.614 0.888 0.217 0.939 0.144 0.140 0.505 0.183 0.573 0.028 0.451 0.019 0.228 0.244 0.922 0.568 0.081 0.223 0.857 0.690 0.792 0.931 0.308 0.038 0.209 0.338 0.348 0.188 0.768 0.209 0.831 0.259 0.714 0.276 0.527 0.160 0.129 0.512 0.549 0.317 0.125 0.346 0.272 0.284 0.351 0.697 0.280 0.302 0.537 0.127 0.218 0.307 0.736 0.041 0.176 0.780 0.708 0.821 
ofv: -925854.000000
Best time: 5.914
Total time:10.049 


Instance: ../Instances/CKP_Classical_Instances/100/4_70_100
RKO: PSO | 
Sol: 0.179 0.554 0.604 0.886 0.761 0.741 0.702 0.552 0.318 0.049 0.057 0.058 0.019 0.432 0.557 0.186 0.183 0.731 0.743 0.672 0.652 0.573 0.362 0.859 0.070 0.283 0.970 0.953 0.551 0.673 0.882 0.901 0.750 0.542 0.265 0.661 0.632 0.344 0.715 0.530 0.338 0.943 0.056 0.015 0.858 0.283 0.734 0.897 0.710 0.274 0.893 0.017 0.329 0.743 0.962 0.252 0.038 0.203 0.062 0.978 0.832 0.153 0.722 0.735 0.820 0.265 0.013 0.483 0.070 0.462 
ofv: -2886290.000000
Best time: 9.368
Total time:10.213 


Instance: ../Instances/CKP_Classical_Instances/100/5_70_100
RKO: PSO | 
Sol: 0.701 0.028 0.260 0.335 0.068 0.370 0.302 0.114 0.095 0.871 0.016 0.652 0.106 0.578 0.177 0.394 0.157 0.291 0.406 0.414 0.497 0.258 0.115 0.446 0.206 0.219 0.660 0.949 0.449 0.472 0.346 0.879 0.083 0.419 0.593 0.074 0.274 0.269 0.697 0.675 0.101 0.073 0.162 0.168 0.471 0.704 0.333 0.536 0.407 0.439 0.299 0.613 0.323 0.168 0.283 0.170 0.388 0.447 0.319 0.052 0.256 0.752 0.275 0.587 0.074 0.825 0.465 0.140 0.278 0.355 
ofv: -193799.000000
Best time: 9.945
Total time:10.023 


Instance: ../Instances/CKP_Classical_Instances/100/6_70_100
RKO: PSO | 
Sol: 0.495 0.456 0.260 0.336 0.182 0.405 0.692 0.188 0.289 0.437 0.532 0.031 0.090 0.198 0.085 0.162 0.195 0.441 0.311 0.772 0.263 0.028 0.178 0.089 0.015 0.441 0.028 0.099 0.806 0.337 0.118 0.239 0.026 0.345 0.326 0.082 0.136 0.214 0.222 0.416 0.379 0.168 0.013 0.089 0.131 0.269 0.914 0.455 0.068 0.592 0.009 0.042 0.071 0.913 0.070 0.052 0.396 0.634 0.260 0.220 0.463 0.831 0.261 0.270 0.340 0.097 0.233 0.107 0.369 0.419 
ofv: -35530.000000
Best time: 7.069
Total time:10.046 


Instance: ../Instances/CKP_Classical_Instances/100/7_70_100
RKO: PSO | 
Sol: 0.951 0.498 0.598 0.799 0.192 0.071 0.682 0.122 0.272 0.067 0.698 0.327 0.722 0.699 0.044 0.484 0.610 0.917 0.867 0.218 0.331 0.803 0.637 0.509 0.101 0.855 0.145 0.368 0.121 0.807 0.733 0.389 0.958 0.618 0.360 0.593 0.294 0.864 0.028 0.942 0.223 0.924 0.872 0.288 0.087 0.286 0.786 0.311 0.606 0.618 0.272 0.861 0.512 0.306 0.296 0.954 0.470 0.324 0.665 0.616 0.595 0.504 0.299 0.089 0.228 0.755 0.264 0.610 0.952 0.248 
ofv: -2247763.000000
Best time: 9.117
Total time:10.050 


Instance: ../Instances/CKP_Classical_Instances/100/8_70_100
RKO: PSO | 
Sol: 0.354 0.932 0.033 0.551 0.900 0.919 0.182 0.273 0.299 0.474 0.630 0.603 0.864 0.471 0.137 0.024 0.575 0.836 0.149 0.755 0.730 0.090 0.018 0.387 0.410 0.685 0.972 0.135 0.319 0.487 0.432 0.634 0.217 0.191 0.453 0.191 0.239 0.146 0.647 0.312 0.773 0.334 0.223 0.816 0.623 0.218 0.420 0.423 0.472 0.071 0.280 0.110 0.191 0.463 0.170 0.469 0.490 0.222 0.683 0.657 0.932 0.866 0.031 0.630 0.072 0.203 0.536 0.190 0.814 0.381 
ofv: -736401.000000
Best time: 10.103
Total time:10.103 


Instance: ../Instances/CKP_Classical_Instances/100/9_70_100
RKO: PSO | 
Sol: 0.795 0.916 0.587 0.585 0.924 0.974 0.919 0.715 0.836 0.639 0.355 0.566 0.518 0.660 0.843 0.807 0.934 0.878 0.846 0.781 0.882 0.800 0.949 0.722 0.883 0.992 0.626 0.985 0.506 0.821 0.894 0.628 0.613 0.600 0.672 0.754 0.370 0.594 0.555 0.781 0.684 0.770 1.000 0.818 0.834 0.842 0.790 0.829 0.912 0.506 0.820 0.831 0.980 0.870 0.893 0.596 0.975 0.750 0.878 0.755 0.968 0.587 0.827 0.550 0.864 0.989 0.690 0.895 0.771 0.742 
ofv: -15446837.000000
Best time: 7.159
Total time:10.088 


Instance: ../Instances/CKP_Classical_Instances/100/10_70_100
RKO: PSO | 
Sol: 0.051 0.038 0.810 0.862 0.615 0.811 0.083 0.617 0.414 0.217 0.529 0.667 0.694 0.043 0.661 0.007 0.118 0.904 0.928 0.400 0.853 0.476 0.620 0.587 0.764 0.775 0.802 0.082 0.618 0.183 0.836 0.624 0.813 0.902 0.743 0.995 0.020 0.821 0.756 0.522 0.284 0.246 0.447 0.800 0.213 0.457 0.407 0.924 0.778 0.778 0.966 0.129 0.536 0.663 0.135 0.056 0.243 0.716 0.251 0.765 0.321 0.777 0.256 0.369 0.339 0.883 0.657 0.306 0.812 0.596 
ofv: -3324170.000000
Best time: 7.919
Total time:10.094 


Instance: ../Instances/CKP_Classical_Instances/25/1_70_25
RKO: GA | 
Sol: 0.677 0.960 0.555 0.694 0.587 0.671 0.479 0.465 0.041 0.718 0.814 0.957 0.850 0.944 0.483 0.341 0.010 0.539 0.539 0.550 0.350 0.578 0.669 0.864 0.278 0.175 0.740 1.000 0.560 0.183 0.386 0.922 0.701 0.526 0.869 0.561 0.802 0.527 0.604 0.503 0.594 0.509 0.277 0.960 0.523 0.503 0.785 0.941 0.722 0.852 0.175 0.281 0.744 0.041 0.859 0.787 0.134 0.511 0.335 0.544 0.942 0.600 0.546 0.219 0.459 0.669 0.266 0.680 0.744 0.889 
ofv: -1539318.000000
Best time: 9.747
Total time:10.207 


Instance: ../Instances/CKP_Classical_Instances/25/2_70_25
RKO: GA | 
Sol: 0.940 0.564 0.914 0.918 0.029 0.290 0.870 0.238 0.942 0.858 0.867 0.702 0.894 0.929 0.970 0.502 0.545 0.756 0.788 0.892 0.957 0.375 0.812 0.884 0.842 0.515 0.679 0.916 0.634 0.775 0.643 0.502 0.971 0.902 0.993 0.136 0.892 0.791 0.775 0.873 0.833 0.599 0.515 0.787 0.816 0.845 0.098 0.992 0.502 0.802 0.726 0.755 0.881 0.523 0.654 0.455 0.940 0.695 0.898 0.933 0.867 0.867 0.476 0.871 0.832 0.849 0.781 0.364 0.917 0.904 
ofv: -2824804.000000
Best time: 9.053
Total time:10.028 


Instance: ../Instances/CKP_Classical_Instances/25/3_70_25
RKO: GA | 
Sol: 0.634 0.220 0.130 0.838 0.509 0.591 0.099 0.757 0.958 0.787 0.505 0.704 0.176 0.796 0.040 0.826 0.142 0.426 0.974 0.910 0.964 0.612 0.645 0.285 0.271 0.473 0.538 0.516 0.379 0.136 0.201 0.376 0.375 0.045 0.640 0.636 0.821 0.505 0.948 0.729 0.746 0.327 0.966 0.302 0.042 0.612 0.006 0.487 0.982 0.314 0.500 0.626 0.615 0.734 0.143 0.890 0.627 0.116 0.078 0.216 0.534 0.831 0.954 0.597 0.925 0.326 0.098 0.290 0.474 0.946 
ofv: -781998.000000
Best time: 6.139
Total time:10.056 


Instance: ../Instances/CKP_Classical_Instances/25/4_70_25
RKO: GA | 
Sol: 0.753 0.765 0.695 0.917 0.579 0.649 0.666 0.517 0.752 0.857 0.648 0.718 0.877 0.716 0.635 0.935 0.685 0.822 0.855 0.965 0.612 0.705 0.957 0.866 0.664 0.792 0.624 0.686 0.581 0.866 0.680 0.551 0.819 0.731 0.571 0.630 0.621 0.608 0.873 0.829 0.912 0.860 0.560 0.743 0.901 0.669 0.973 0.966 0.822 0.943 0.981 0.972 0.503 0.814 0.742 0.653 0.512 0.669 0.866 0.289 0.938 0.766 0.696 0.694 0.821 0.842 0.715 0.597 0.881 0.617 
ofv: -4046545.000000
Best time: 7.392
Total time:10.319 


Instance: ../Instances/CKP_Classical_Instances/25/5_70_25
RKO: GA | 
Sol: 0.811 0.680 0.953 0.946 0.798 0.580 0.524 0.869 0.700 0.810 0.498 0.805 0.521 0.866 0.083 0.812 0.688 0.528 0.973 0.606 0.844 0.680 0.096 0.504 0.502 0.100 0.824 0.512 0.860 0.595 0.105 0.715 0.225 0.762 0.372 0.885 0.486 0.550 0.801 0.506 0.580 0.986 0.869 0.625 0.646 0.891 0.611 0.864 0.527 0.943 0.698 0.509 0.397 0.864 0.709 0.338 0.842 0.604 0.574 0.507 0.759 0.637 0.929 0.825 0.891 0.904 0.108 0.894 0.513 0.571 
ofv: -2536076.000000
Best time: 9.597
Total time:10.139 


Instance: ../Instances/CKP_Classical_Instances/25/6_70_25
RKO: GA | 
Sol: 0.596 0.103 0.504 0.797 0.542 0.996 0.919 0.774 0.993 0.723 0.953 0.461 0.861 0.657 0.640 0.796 0.899 0.808 0.965 0.883 0.041 0.678 0.519 0.789 0.965 0.902 0.625 0.833 0.570 0.819 0.264 0.698 0.013 0.539 0.228 0.736 0.822 0.935 0.816 0.275 0.688 0.948 0.653 0.620 0.414 0.673 0.053 0.817 0.857 0.623 0.710 0.650 0.680 0.819 0.827 0.647 0.791 0.666 0.839 0.532 0.820 0.628 0.790 0.240 0.759 0.715 0.900 0.171 0.939 0.552 
ofv: -2572216.000000
Best time: 9.253
Total time:10.203 


Instance: ../Instances/CKP_Classical_Instances/25/7_70_25
RKO: GA | 
Sol: 0.672 0.831 0.503 0.789 0.750 0.690 0.659 0.995 0.661 0.659 0.928 0.689 0.529 0.253 0.316 0.452 0.787 0.831 0.639 0.761 0.494 0.826 0.665 0.507 0.708 0.519 0.588 0.872 0.869 0.980 0.642 0.727 0.333 0.997 0.986 0.705 0.630 0.765 0.750 0.924 0.684 0.311 0.951 0.870 0.544 0.875 0.745 0.777 0.707 0.998 0.811 0.802 0.914 0.274 0.631 0.498 0.664 0.630 0.765 0.956 0.645 0.247 0.887 0.843 0.897 0.454 0.864 0.952 0.557 0.608 
ofv: -2688829.000000
Best time: 4.123
Total time:10.184 


Instance: ../Instances/CKP_Classical_Instances/25/8_70_25
RKO: GA | 
Sol: 0.072 0.927 0.101 0.223 0.634 0.281 0.695 0.305 0.575 0.023 0.039 0.017 0.993 0.788 0.565 0.280 0.299 0.981 0.453 0.513 0.261 0.783 0.013 0.397 0.112 0.464 0.048 0.963 0.615 0.129 0.497 0.725 0.596 0.845 0.019 0.308 0.256 0.447 0.373 0.787 0.226 0.815 0.730 0.968 0.769 0.222 0.497 0.842 0.870 0.404 0.648 0.463 0.783 0.588 0.723 0.419 0.031 0.636 0.697 0.530 0.626 0.898 0.713 0.298 0.440 0.983 0.429 0.047 0.704 0.080 
ofv: -483108.000000
Best time: 9.655
Total time:10.079 


Instance: ../Instances/CKP_Classical_Instances/25/9_70_25
RKO: GA | 
Sol: 0.603 0.137 0.859 0.190 0.050 0.313 0.857 0.503 0.043 0.073 0.509 0.104 0.959 0.494 0.127 0.663 0.140 0.884 0.610 0.108 0.831 0.179 0.424 0.926 0.268 0.312 0.692 0.945 0.495 0.170 0.325 0.696 0.333 0.433 0.112 0.504 0.066 0.973 0.161 0.857 0.698 0.388 0.360 0.271 0.378 0.065 0.573 0.840 0.922 0.030 0.489 0.092 0.143 0.033 0.071 0.011 0.065 0.292 0.150 0.429 0.413 0.092 0.992 0.905 0.349 0.381 0.761 0.752 0.530 0.796 
ofv: -236332.000000
Best time: 9.738
Total time:10.012 


Instance: ../Instances/CKP_Classical_Instances/25/10_70_25
RKO: GA | 
Sol: 0.909 0.297 0.670 0.880 0.801 0.146 0.671 0.897 0.869 0.841 0.524 0.684 0.580 0.806 0.982 0.500 0.654 0.859 0.690 0.752 0.559 0.721 0.846 0.775 0.774 0.626 0.515 0.908 0.366 0.865 0.281 0.811 0.784 0.693 0.672 0.460 0.674 0.997 0.916 0.606 0.502 0.536 0.891 0.793 0.758 0.602 0.901 0.910 0.554 0.849 0.539 0.720 0.663 0.874 0.801 0.750 0.935 0.438 0.588 0.735 0.730 0.645 0.850 0.625 0.696 0.926 0.487 0.895 0.621 0.977 
ofv: -3094376.000000
Best time: 7.983
Total time:10.091 


Instance: ../Instances/CKP_Classical_Instances/50/1_70_50
RKO: GA | 
Sol: 0.518 0.644 0.699 0.036 0.827 0.543 0.910 0.340 0.906 0.254 0.813 0.575 0.282 0.843 0.596 0.587 0.510 0.554 0.959 0.536 0.766 0.744 0.570 0.973 0.928 0.628 0.656 0.776 0.530 0.760 0.796 0.179 0.911 0.955 0.911 0.931 0.943 0.111 0.796 0.574 0.985 0.745 0.911 0.804 0.748 0.921 0.994 0.754 0.338 0.060 0.256 0.014 0.150 0.511 0.693 0.899 0.971 0.498 0.548 0.799 0.190 0.932 0.517 0.615 0.996 0.618 0.816 0.700 0.988 0.583 
ofv: -4585974.000000
Best time: 9.915
Total time:10.007 


Instance: ../Instances/CKP_Classical_Instances/50/2_70_50
RKO: GA | 
Sol: 0.218 0.130 0.182 0.087 0.709 0.885 0.059 0.174 0.935 0.881 0.210 0.511 0.018 0.793 0.339 0.073 0.091 0.721 0.437 0.078 0.909 0.347 0.013 0.745 0.183 0.201 0.347 0.175 0.373 0.825 0.104 0.838 0.254 0.119 0.385 0.926 0.000 0.723 0.248 0.694 0.350 0.740 0.891 0.496 0.461 0.961 0.862 0.450 0.815 0.218 0.478 0.803 0.160 0.303 0.343 0.244 0.360 0.168 0.177 0.971 0.158 0.932 0.179 0.081 0.461 0.698 0.121 0.207 0.247 0.626 
ofv: -344384.000000
Best time: 9.843
Total time:10.050 


Instance: ../Instances/CKP_Classical_Instances/50/3_70_50
RKO: GA | 
Sol: 0.815 0.915 0.503 0.787 0.867 0.805 0.937 0.528 0.406 0.941 0.726 0.050 0.428 0.834 0.572 0.209 0.924 0.960 0.097 0.831 0.959 0.454 0.834 0.148 0.161 0.625 0.175 0.961 0.441 0.648 0.956 0.936 0.836 0.802 0.581 0.900 0.121 0.819 0.630 0.963 0.871 0.918 0.885 0.845 0.414 0.631 0.526 0.184 0.705 0.558 0.344 0.857 0.546 0.884 0.890 0.033 0.336 0.640 0.504 0.397 0.563 0.684 0.169 0.638 0.749 0.938 0.783 0.851 0.546 0.468 
ofv: -3282441.000000
Best time: 9.678
Total time:10.148 


Instance: ../Instances/CKP_Classical_Instances/50/4_70_50
RKO: GA | 
Sol: 0.272 0.576 0.352 0.460 0.753 0.346 0.386 0.121 0.303 0.321 0.296 0.114 0.263 0.612 0.315 0.153 0.360 0.478 0.206 0.349 0.237 0.075 0.314 0.022 0.310 0.192 0.216 0.125 0.377 0.384 0.435 0.123 0.278 0.339 0.940 0.350 0.020 0.080 0.293 0.139 0.439 0.649 0.150 0.645 0.283 0.364 0.413 0.411 0.217 0.016 0.279 0.107 0.210 0.107 0.077 0.431 0.328 0.191 0.438 0.372 0.242 0.395 0.434 0.287 0.059 0.439 0.137 0.002 0.185 0.047 
ofv: -7063.000000
Best time: 8.846
Total time:10.194 


Instance: ../Instances/CKP_Classical_Instances/50/5_70_50
RKO: GA | 
Sol: 0.778 0.637 0.946 0.638 0.697 0.752 0.614 0.991 0.808 0.731 0.500 0.680 0.874 0.767 0.534 0.905 0.920 0.992 0.694 0.704 0.502 0.563 0.642 0.568 0.594 0.354 0.982 0.521 0.406 0.565 0.755 0.921 0.905 0.521 0.005 0.770 0.586 0.531 0.885 0.881 0.823 0.936 0.939 0.774 0.849 0.550 0.980 0.882 0.956 0.833 0.610 0.827 0.566 0.630 0.645 0.880 0.535 0.732 0.723 0.764 0.941 0.802 0.516 0.812 0.545 0.161 0.627 0.607 0.800 0.744 
ofv: -7125054.000000
Best time: 5.900
Total time:10.020 


Instance: ../Instances/CKP_Classical_Instances/50/6_70_50
RKO: GA | 
Sol: 0.032 0.458 0.728 0.627 0.387 0.511 0.390 0.228 0.270 0.168 0.503 0.587 0.188 0.605 0.979 0.191 0.453 0.040 0.197 0.722 0.016 0.624 0.444 0.997 0.635 0.960 0.941 0.195 0.900 0.545 0.705 0.876 0.749 0.228 0.823 0.447 0.507 0.750 0.690 0.283 0.571 0.857 0.257 0.114 0.778 0.105 0.906 0.675 0.929 0.950 0.676 0.682 0.723 0.833 0.642 0.318 0.536 0.767 0.788 0.596 0.773 0.095 0.583 0.182 0.679 0.097 0.559 0.192 0.611 0.604 
ofv: -2047184.000000
Best time: 8.343
Total time:10.052 


Instance: ../Instances/CKP_Classical_Instances/50/7_70_50
RKO: GA | 
Sol: 0.641 0.666 0.808 0.939 0.934 0.019 0.769 0.844 0.751 0.815 0.508 0.791 0.955 0.968 0.837 0.514 0.586 0.933 0.987 0.694 0.792 0.983 0.546 0.785 0.776 0.609 0.887 0.627 0.852 0.628 0.683 0.567 0.550 0.614 0.543 0.768 0.976 0.563 0.924 0.815 0.764 0.760 0.799 0.717 0.866 0.674 0.772 0.556 0.951 0.998 0.873 0.686 0.793 0.722 0.895 0.901 0.855 0.785 0.644 0.649 0.964 0.835 0.626 0.520 0.949 0.558 0.591 0.867 0.957 0.989 
ofv: -8082857.000000
Best time: 4.001
Total time:10.098 


Instance: ../Instances/CKP_Classical_Instances/50/8_70_50
RKO: GA | 
Sol: 0.957 0.234 0.888 0.008 0.638 0.852 0.580 0.721 0.989 0.875 0.804 0.790 0.640 0.643 0.915 0.795 0.073 0.659 0.808 0.017 0.160 0.625 0.347 0.741 0.986 0.397 0.695 0.546 1.000 0.785 0.822 0.678 0.604 0.881 0.545 0.711 0.999 0.731 0.928 0.069 0.737 0.958 0.920 0.901 0.994 0.743 0.857 0.504 0.856 0.651 0.930 0.914 0.651 0.239 0.768 0.536 0.690 0.667 0.527 0.699 0.748 0.509 0.596 0.685 0.901 0.534 0.777 0.890 0.873 0.954 
ofv: -5618945.000000
Best time: 9.484
Total time:10.050 


Instance: ../Instances/CKP_Classical_Instances/50/9_70_50
RKO: GA | 
Sol: 0.846 0.674 0.987 0.920 0.567 0.726 0.872 0.796 0.540 0.868 0.652 0.907 0.428 0.761 0.658 0.530 0.698 1.000 0.608 0.945 0.833 0.826 0.667 0.919 0.146 0.803 0.635 0.734 0.602 0.748 0.709 0.550 0.876 0.554 0.726 0.921 0.626 0.982 0.871 0.269 0.977 0.944 0.801 0.741 0.937 0.603 0.650 0.917 0.582 0.922 0.906 0.501 0.753 0.554 0.785 0.610 0.995 0.708 0.638 0.448 0.510 0.869 0.619 0.898 0.926 0.954 0.567 0.882 0.963 0.749 
ofv: -7063103.000000
Best time: 8.883
Total time:10.054 


Instance: ../Instances/CKP_Classical_Instances/50/10_70_50
RKO: GA | 
Sol: 0.822 0.978 0.599 0.703 0.974 0.916 0.652 0.877 0.532 0.806 0.742 0.534 0.980 0.546 0.842 0.538 0.608 0.640 0.947 0.519 0.953 0.794 0.600 0.675 0.540 0.527 0.510 0.528 0.914 0.574 0.933 0.867 0.839 0.862 0.532 0.757 0.520 0.511 0.538 0.577 0.812 0.908 0.202 0.732 0.701 0.547 0.929 0.970 0.610 0.390 0.752 0.291 0.693 0.581 0.882 0.958 0.651 0.983 0.991 0.641 0.765 0.758 0.886 0.092 0.895 0.875 0.119 0.858 0.784 0.738 
ofv: -6824162.000000
Best time: 8.664
Total time:10.089 


Instance: ../Instances/CKP_Classical_Instances/75/1_70_75
RKO: GA | 
Sol: 0.772 0.442 0.514 0.904 0.623 0.812 0.512 0.405 0.899 0.994 0.848 0.740 0.510 0.776 0.988 0.713 0.594 0.541 0.165 0.792 0.504 0.927 0.586 0.951 0.742 0.738 0.922 0.684 0.776 0.501 0.652 0.811 0.910 0.667 0.854 0.687 0.906 0.567 0.785 0.706 0.991 0.817 0.922 0.582 0.785 0.616 0.739 0.035 0.801 0.730 0.559 0.681 0.522 0.774 0.393 0.758 0.604 0.637 0.780 0.800 0.645 0.873 0.985 0.898 0.767 0.008 0.654 0.622 0.670 0.586 
ofv: -9618864.000000
Best time: 9.321
Total time:10.128 


Instance: ../Instances/CKP_Classical_Instances/75/2_70_75
RKO: GA | 
Sol: 0.587 0.182 0.061 0.815 0.907 0.658 0.780 0.470 0.599 0.025 0.690 0.995 0.636 0.756 0.546 0.529 0.788 0.873 0.726 0.696 0.692 0.946 0.133 0.514 0.321 0.972 0.646 0.587 0.045 0.293 0.171 0.833 0.682 0.582 0.930 0.646 0.714 0.824 0.636 0.630 0.676 0.904 0.582 0.957 0.976 0.871 0.537 0.552 0.490 0.148 0.774 0.124 0.649 0.457 0.812 0.564 0.372 0.921 0.497 0.867 0.533 0.942 0.894 0.793 0.562 0.543 0.767 0.008 0.724 0.859 
ofv: -5792454.000000
Best time: 6.850
Total time:10.041 


Instance: ../Instances/CKP_Classical_Instances/75/3_70_75
RKO: GA | 
Sol: 0.869 0.601 0.850 0.599 0.258 0.900 0.872 0.345 0.687 0.794 0.910 0.715 0.252 0.662 0.936 0.723 0.340 0.542 0.935 0.589 0.888 0.872 0.954 0.930 0.902 0.777 0.816 0.808 0.705 0.352 0.901 0.613 0.794 0.720 0.957 0.241 0.530 0.399 0.511 0.684 0.677 0.900 0.914 0.954 0.659 0.696 0.790 0.733 0.862 0.501 0.974 0.490 0.736 0.812 0.916 0.182 0.798 0.697 0.824 0.745 0.607 0.753 0.620 0.553 0.146 0.818 0.863 0.630 0.359 0.469 
ofv: -7189984.000000
Best time: 9.528
Total time:10.144 


Instance: ../Instances/CKP_Classical_Instances/75/4_70_75
RKO: GA | 
Sol: 0.176 0.395 0.409 0.473 0.390 0.054 0.339 0.892 0.369 0.168 0.595 0.171 0.437 0.123 0.070 0.480 0.321 0.416 0.153 0.141 0.234 0.009 0.146 0.284 0.279 0.107 0.443 0.223 0.385 0.386 0.548 0.277 0.226 0.478 0.147 0.456 0.373 0.414 0.391 0.460 0.705 0.387 0.398 0.793 0.434 0.749 0.292 0.302 0.223 0.462 0.151 0.165 0.098 0.725 0.319 0.137 0.331 0.622 0.493 0.173 0.469 0.206 0.482 0.132 0.254 0.182 0.091 0.822 0.176 0.102 
ofv: -27110.000000
Best time: 5.368
Total time:10.086 


Instance: ../Instances/CKP_Classical_Instances/75/5_70_75
RKO: GA | 
Sol: 0.624 0.753 0.997 0.856 0.423 0.156 0.617 0.120 0.282 0.237 0.698 0.629 0.623 0.293 0.008 0.816 0.979 0.813 0.821 0.080 0.946 0.398 0.840 0.394 0.562 0.028 0.564 0.947 0.528 0.852 0.019 0.080 0.183 0.115 0.710 0.283 0.592 0.244 0.049 0.005 0.652 0.310 0.897 0.398 0.101 0.342 0.808 0.473 0.668 0.918 0.728 0.164 0.797 0.001 0.304 0.846 0.684 0.163 0.058 0.340 0.711 0.741 0.043 0.150 0.421 0.449 0.999 0.825 0.525 0.037 
ofv: -1425653.000000
Best time: 10.059
Total time:10.121 


Instance: ../Instances/CKP_Classical_Instances/75/6_70_75
RKO: GA | 
Sol: 0.461 0.681 0.611 0.210 0.666 0.112 0.539 0.852 0.227 0.582 0.315 0.875 0.429 0.432 0.978 0.949 0.732 0.277 0.838 0.911 0.691 0.674 0.652 0.974 0.933 0.107 0.619 0.784 0.785 0.843 0.802 0.774 0.754 0.147 0.793 0.738 0.848 0.952 0.582 0.516 0.195 0.991 0.856 0.423 0.542 0.740 0.866 0.300 0.905 0.396 0.676 0.915 0.592 0.621 0.452 0.636 0.650 0.610 0.869 0.682 0.706 0.873 0.799 0.760 0.893 0.630 0.881 0.653 0.745 0.122 
ofv: -5733949.000000
Best time: 9.794
Total time:10.072 


Instance: ../Instances/CKP_Classical_Instances/75/7_70_75
RKO: GA | 
Sol: 0.353 0.339 0.487 0.422 0.056 0.425 0.227 0.315 0.229 0.265 0.290 0.368 0.317 0.015 0.237 0.087 0.279 0.013 0.040 0.368 0.230 0.976 0.255 0.175 0.333 0.465 0.886 0.181 0.302 0.496 0.259 0.113 0.314 0.378 0.048 0.072 0.152 0.175 0.005 0.381 0.345 0.833 0.438 0.107 0.261 0.175 0.432 0.143 0.374 0.393 0.050 0.170 0.680 0.091 0.127 0.299 0.073 0.479 0.898 0.325 0.133 0.865 0.411 0.303 0.241 0.473 0.128 0.504 0.602 0.117 
ofv: -17280.000000
Best time: 7.790
Total time:10.047 


Instance: ../Instances/CKP_Classical_Instances/75/8_70_75
RKO: GA | 
Sol: 0.895 0.156 0.215 0.026 0.458 0.126 0.294 0.486 0.399 0.084 0.126 0.242 0.103 0.309 0.713 0.538 0.181 0.025 0.218 0.166 0.414 0.430 0.105 0.353 0.091 0.453 0.328 0.038 0.381 0.640 0.488 0.441 0.359 0.321 0.280 0.005 0.088 0.150 0.219 0.429 0.788 0.177 0.181 0.194 0.198 0.015 0.493 0.832 0.134 0.402 0.481 0.134 0.697 0.128 0.193 0.103 0.442 0.336 0.700 0.491 0.360 0.068 0.096 0.158 0.199 0.245 0.193 0.333 0.186 0.449 
ofv: -16523.000000
Best time: 8.294
Total time:10.160 


Instance: ../Instances/CKP_Classical_Instances/75/9_70_75
RKO: GA | 
Sol: 0.021 0.084 0.479 0.904 0.766 0.722 0.048 0.313 0.358 0.309 0.796 0.603 0.408 0.918 0.865 0.683 0.849 0.206 0.896 0.653 0.794 0.868 0.086 0.832 0.128 0.204 0.897 0.710 0.089 0.606 0.557 0.712 0.364 0.816 0.356 0.362 0.967 0.584 0.099 0.614 0.626 0.735 0.305 0.675 0.400 0.805 0.061 0.455 0.488 0.519 0.854 0.059 0.850 0.377 0.695 0.111 0.567 0.074 0.657 0.836 0.763 0.205 0.721 0.793 0.201 0.892 0.118 0.864 0.733 0.760 
ofv: -2518854.000000
Best time: 10.134
Total time:10.134 


Instance: ../Instances/CKP_Classical_Instances/75/10_70_75
RKO: GA | 
Sol: 0.625 0.158 0.676 0.822 0.987 0.685 0.271 0.752 0.872 0.093 0.904 0.586 0.680 0.983 0.951 0.832 0.804 0.125 0.335 0.639 0.753 0.684 0.641 0.904 0.948 0.789 0.352 0.119 0.915 0.843 0.603 0.878 0.841 0.790 0.688 0.779 0.125 0.843 0.520 0.190 0.273 0.811 0.006 0.891 0.822 0.977 0.629 0.149 0.957 0.599 0.579 0.914 0.902 0.569 0.929 0.859 0.872 0.816 0.988 0.595 0.952 0.960 0.549 0.519 0.997 0.682 0.593 0.475 0.529 0.671 
ofv: -6786863.000000
Best time: 10.046
Total time:10.047 


Instance: ../Instances/CKP_Classical_Instances/100/1_70_100
RKO: GA | 
Sol: 0.798 0.572 0.944 0.948 0.623 0.923 0.904 0.765 0.476 0.416 0.823 0.457 0.811 0.665 0.690 0.807 0.671 0.688 0.298 0.672 0.745 0.318 0.469 0.749 0.221 0.547 0.385 0.908 0.516 0.953 0.872 0.605 0.433 0.721 0.674 0.930 0.908 0.870 0.942 0.797 0.035 0.959 0.901 0.215 0.824 0.579 0.859 0.774 0.716 0.762 0.625 0.734 0.956 0.769 0.698 0.863 0.721 0.811 0.389 0.933 0.514 0.993 0.514 0.780 0.112 0.023 0.848 0.865 0.860 0.734 
ofv: -8627600.000000
Best time: 8.039
Total time:10.273 


Instance: ../Instances/CKP_Classical_Instances/100/2_70_100
RKO: GA | 
Sol: 0.837 0.136 0.880 0.239 0.029 0.786 0.662 0.346 0.399 0.605 0.703 0.316 0.018 0.678 0.931 0.031 0.131 0.316 0.831 0.434 0.435 0.320 0.574 0.513 0.066 0.545 0.301 0.566 0.557 0.926 0.177 0.944 0.154 0.484 0.034 0.800 0.099 0.792 0.625 0.783 0.029 0.797 0.028 0.386 0.492 0.116 0.973 0.745 0.167 0.119 0.760 0.871 0.413 0.493 0.410 0.002 0.144 0.872 0.906 0.156 0.281 0.159 0.495 0.149 0.131 0.207 0.179 0.378 0.099 0.459 
ofv: -948867.000000
Best time: 4.827
Total time:10.048 


Instance: ../Instances/CKP_Classical_Instances/100/3_70_100
RKO: GA | 
Sol: 0.172 0.980 0.354 0.346 0.501 0.386 0.374 0.848 0.032 0.152 0.584 0.923 0.012 0.585 0.056 0.946 0.065 0.264 0.940 0.152 0.995 0.108 0.463 0.327 0.321 0.003 0.946 0.635 0.651 0.551 0.240 0.895 0.253 0.655 0.117 0.329 0.331 0.280 0.004 0.072 0.384 0.460 0.678 0.457 0.911 0.010 0.668 0.102 0.298 0.796 0.097 0.191 0.030 0.406 0.046 0.246 0.055 0.918 0.708 0.373 0.561 0.578 0.123 0.062 0.844 0.386 0.889 0.693 0.928 0.704 
ofv: -1022938.000000
Best time: 8.440
Total time:10.058 


Instance: ../Instances/CKP_Classical_Instances/100/4_70_100
RKO: GA | 
Sol: 0.413 0.864 0.661 0.882 0.651 0.866 0.684 0.812 0.251 0.614 0.272 0.236 0.199 0.029 0.258 0.042 0.133 0.641 0.934 0.714 0.517 0.541 0.065 0.911 0.166 0.072 0.971 0.589 0.740 0.669 0.562 0.798 0.506 0.762 0.446 0.842 0.507 0.288 0.937 0.739 0.018 0.786 0.191 0.962 0.558 0.056 0.961 0.590 0.312 0.497 0.757 0.036 0.035 0.722 0.799 0.162 0.142 0.985 0.079 0.582 0.216 0.314 0.984 0.581 0.976 0.078 0.219 0.206 0.062 0.730 
ofv: -3088677.000000
Best time: 10.036
Total time:10.226 


Instance: ../Instances/CKP_Classical_Instances/100/5_70_100
RKO: GA | 
Sol: 0.558 0.492 0.401 0.324 0.055 0.538 0.436 0.065 0.033 0.108 0.394 0.099 0.355 0.054 0.480 0.111 0.270 0.377 0.305 0.032 0.283 0.332 0.106 0.267 0.450 0.409 0.817 0.098 0.529 0.118 0.368 0.500 0.983 0.405 0.583 0.280 0.001 0.473 0.654 0.068 0.223 0.144 0.781 0.465 0.068 0.922 0.622 0.006 0.320 0.485 0.423 0.554 0.177 0.370 0.347 0.120 0.315 0.977 0.227 0.274 0.244 0.629 0.265 0.537 0.475 0.860 0.250 0.268 0.306 0.110 
ofv: -155814.000000
Best time: 5.725
Total time:10.373 


Instance: ../Instances/CKP_Classical_Instances/100/6_70_100
RKO: GA | 
Sol: 0.127 0.103 0.296 0.862 0.458 0.144 0.756 0.018 0.250 0.264 0.214 0.346 0.308 0.614 0.023 0.410 0.199 0.116 0.199 0.707 0.487 0.330 0.404 0.250 0.333 0.350 0.224 0.143 0.015 0.286 0.454 0.494 0.319 0.424 0.120 0.239 0.259 0.225 0.077 0.307 0.099 0.451 0.114 0.919 0.476 0.277 0.318 0.254 0.027 0.588 0.359 0.253 0.358 0.827 0.248 0.030 0.170 0.962 0.491 0.060 0.093 0.101 0.148 0.216 0.041 0.316 0.088 0.523 0.436 0.261 
ofv: -33378.000000
Best time: 7.521
Total time:10.030 


Instance: ../Instances/CKP_Classical_Instances/100/7_70_100
RKO: GA | 
Sol: 0.555 0.140 0.573 0.820 0.237 0.563 0.716 0.163 0.052 0.235 0.667 0.877 0.418 0.509 0.223 0.069 0.995 0.536 0.751 0.490 0.193 0.801 0.665 0.525 0.452 0.691 0.065 0.639 0.700 0.102 0.743 0.387 0.731 0.689 0.200 0.813 0.078 0.507 0.261 0.044 0.421 0.951 0.842 0.278 0.420 0.257 0.565 0.390 0.581 0.893 0.123 0.604 0.297 0.462 0.228 0.961 0.336 0.182 0.742 0.944 0.414 0.340 0.350 0.665 0.462 0.694 0.357 0.978 0.505 0.618 
ofv: -2259176.000000
Best time: 8.286
Total time:10.317 


Instance: ../Instances/CKP_Classical_Instances/100/8_70_100
RKO: GA | 
Sol: 0.417 0.734 0.208 0.595 0.522 0.863 0.122 0.050 0.150 0.360 0.805 0.799 0.462 0.763 0.138 0.115 0.893 0.920 0.072 0.715 0.735 0.643 0.410 0.130 0.459 0.757 0.757 0.049 0.082 0.356 0.298 0.976 0.318 0.340 0.348 0.333 0.271 0.121 0.719 0.392 0.935 0.048 0.262 0.280 0.814 0.068 0.140 0.175 0.377 0.747 0.475 0.459 0.235 0.151 0.324 0.241 0.184 0.393 0.778 0.308 0.994 0.269 0.323 0.783 0.439 0.371 0.762 0.181 0.786 0.336 
ofv: -651370.000000
Best time: 10.085
Total time:10.085 


Instance: ../Instances/CKP_Classical_Instances/100/9_70_100
RKO: GA | 
Sol: 0.984 0.954 0.518 0.559 0.694 0.874 0.825 0.775 0.566 0.641 0.369 0.567 0.907 0.782 0.550 0.601 0.917 0.838 0.548 0.630 0.833 0.681 0.719 0.744 0.872 0.693 0.845 0.842 0.568 0.668 0.868 0.991 0.954 0.773 0.719 0.620 0.487 0.684 0.970 0.741 0.921 0.766 0.680 0.999 0.747 0.613 0.512 0.978 0.693 0.669 0.809 0.882 0.766 0.735 0.851 0.738 0.957 0.551 0.668 0.912 0.709 0.898 0.547 0.846 0.872 0.987 0.900 0.732 0.655 0.967 
ofv: -15446837.000000
Best time: 7.226
Total time:10.021 


Instance: ../Instances/CKP_Classical_Instances/100/10_70_100
RKO: GA | 
Sol: 0.335 0.069 0.907 0.541 0.727 0.862 0.978 0.431 0.175 0.118 0.509 0.663 0.549 0.952 0.865 0.402 0.477 0.989 0.813 0.674 0.576 0.380 0.641 0.920 0.067 0.986 0.268 0.401 0.565 0.953 0.513 0.950 0.683 0.059 0.350 0.598 0.281 0.636 0.769 0.998 0.006 0.356 0.171 0.682 0.179 0.307 0.008 0.790 0.846 0.552 0.771 0.124 0.936 0.770 0.135 0.288 0.921 0.992 0.337 0.563 0.076 0.759 0.330 0.119 0.200 0.899 0.542 0.482 0.769 0.981 
ofv: -3339255.000000
Best time: 9.381
Total time:10.162 


Instance: ../Instances/CKP_Classical_Instances/25/1_70_25
RKO: LNS | 
Sol: 0.059 0.510 0.520 0.525 0.565 0.566 0.125 0.101 0.132 0.535 0.571 0.501 0.542 0.545 0.240 0.121 0.038 0.551 0.559 0.536 0.118 0.001 0.555 0.508 0.097 0.817 0.518 0.566 0.568 0.063 0.514 0.543 0.560 0.509 0.549 0.519 0.544 0.961 0.568 0.505 0.115 0.512 0.539 0.062 0.551 0.518 0.026 0.536 0.518 0.522 0.057 0.041 0.557 0.068 0.540 0.520 0.092 0.081 0.135 0.508 0.511 0.549 0.546 0.083 0.541 0.545 0.837 0.531 0.544 0.524 
ofv: -1481038.000000
Best time: 9.187
Total time:10.082 


Instance: ../Instances/CKP_Classical_Instances/25/2_70_25
RKO: LNS | 
Sol: 0.548 0.900 0.745 0.571 0.096 0.083 0.570 0.075 0.505 0.026 0.510 0.565 0.528 0.529 0.538 0.571 0.541 0.516 0.506 0.537 0.510 0.514 0.533 0.554 0.561 0.529 0.554 0.523 0.521 0.534 0.504 0.544 0.119 0.529 0.512 0.129 0.002 0.513 0.503 0.512 0.560 0.567 0.517 0.504 0.508 0.556 0.798 0.561 0.501 0.503 0.517 0.537 0.551 0.569 0.947 0.131 0.526 0.011 0.104 0.569 0.540 0.552 0.508 0.543 0.535 0.519 0.505 0.568 0.535 0.513 
ofv: -2703816.000000
Best time: 7.126
Total time:10.076 


Instance: ../Instances/CKP_Classical_Instances/25/3_70_25
RKO: LNS | 
Sol: 0.535 0.036 0.108 0.141 0.070 0.047 0.093 0.551 0.543 0.564 0.562 0.523 0.121 0.510 0.549 0.557 0.006 0.017 0.513 0.547 0.054 0.863 0.516 0.089 0.105 0.568 0.137 0.082 0.847 0.524 0.537 0.477 0.516 0.537 0.554 0.557 0.098 0.509 0.063 0.503 0.515 0.509 0.524 0.506 0.100 0.506 0.044 0.942 0.101 0.007 0.779 0.556 0.560 0.556 0.039 0.058 0.135 0.070 0.038 0.350 0.512 0.031 0.095 0.033 0.513 0.076 0.079 0.125 0.107 0.546 
ofv: -603331.000000
Best time: 9.729
Total time:10.074 


Instance: ../Instances/CKP_Classical_Instances/25/4_70_25
RKO: LNS | 
Sol: 0.539 0.552 0.545 0.570 0.516 0.694 0.507 0.538 0.540 0.519 0.523 0.552 0.501 0.566 0.505 0.569 0.504 0.528 0.658 0.565 0.568 0.550 0.555 0.759 0.529 0.564 0.533 0.576 0.537 0.563 0.525 0.509 0.513 0.682 0.560 0.513 0.173 0.505 0.515 0.555 0.833 0.607 0.565 0.539 0.570 0.537 0.536 0.522 0.509 0.506 0.562 0.530 0.537 0.540 0.519 0.958 0.524 0.893 0.501 0.505 0.528 0.555 0.543 0.508 0.534 0.948 0.538 0.957 0.545 0.558 
ofv: -4038157.000000
Best time: 1.321
Total time:10.083 


Instance: ../Instances/CKP_Classical_Instances/25/5_70_25
RKO: LNS | 
Sol: 0.533 0.555 0.562 0.645 0.502 0.527 0.016 0.514 0.509 0.527 0.643 0.554 0.509 0.553 0.548 0.791 0.029 0.559 0.538 0.511 0.536 0.542 0.085 0.506 0.512 0.113 0.548 0.508 0.571 0.570 0.513 0.506 0.542 0.552 0.030 0.541 0.516 0.140 0.559 0.536 0.567 0.504 0.537 0.537 0.540 0.518 0.036 0.516 0.540 0.548 0.521 0.532 0.756 0.516 0.039 0.053 0.528 0.058 0.569 0.531 0.530 0.568 0.539 0.539 0.543 0.518 0.343 0.564 0.537 0.514 
ofv: -2554435.000000
Best time: 9.247
Total time:10.037 


Instance: ../Instances/CKP_Classical_Instances/25/6_70_25
RKO: LNS | 
Sol: 0.501 0.112 0.526 0.523 0.536 0.521 0.568 0.526 0.659 0.524 0.537 0.016 0.527 0.098 0.532 0.517 0.527 0.532 0.512 0.567 0.062 0.509 0.558 0.550 0.542 0.510 0.529 0.568 0.552 0.514 0.541 0.698 0.828 0.539 0.559 0.544 0.510 0.562 0.560 0.570 0.083 0.549 0.517 0.317 0.080 0.537 0.031 0.547 0.561 0.051 0.562 0.570 0.530 0.553 0.552 0.571 0.543 0.042 0.629 0.524 0.699 0.506 0.507 0.556 0.524 0.031 0.521 0.510 0.564 0.138 
ofv: -2445380.000000
Best time: 7.690
Total time:10.040 


Instance: ../Instances/CKP_Classical_Instances/25/7_70_25
RKO: LNS | 
Sol: 0.568 0.502 0.515 0.559 0.538 0.219 0.568 0.563 0.526 0.223 0.515 0.076 0.515 0.079 0.547 0.511 0.508 0.001 0.511 0.518 0.558 0.523 0.565 0.513 0.551 0.558 0.554 0.504 0.532 0.537 0.538 0.521 0.941 0.556 0.543 0.504 0.502 0.526 0.559 0.524 0.525 0.102 0.561 0.513 0.539 0.544 0.526 0.571 0.025 0.569 0.040 0.547 0.541 0.111 0.559 0.547 0.528 0.506 0.515 0.536 0.521 0.124 0.553 0.501 0.501 0.571 0.553 0.526 0.517 0.504 
ofv: -2683162.000000
Best time: 10.063
Total time:10.063 


Instance: ../Instances/CKP_Classical_Instances/25/8_70_25
RKO: LNS | 
Sol: 0.116 0.517 0.006 0.046 0.605 0.756 0.133 0.108 0.109 0.560 0.090 0.097 0.002 0.514 0.839 0.139 0.490 0.123 0.025 0.544 0.083 0.570 0.100 0.097 0.093 0.023 0.140 0.563 0.674 0.127 0.288 0.554 0.500 0.040 0.128 0.500 0.008 0.556 0.017 0.529 0.055 0.069 0.712 0.515 0.040 0.261 0.104 0.842 0.116 0.038 0.518 0.526 0.555 0.797 0.899 0.042 0.097 0.548 0.546 0.983 0.547 0.522 0.557 0.526 0.066 0.072 0.025 0.544 0.524 0.266 
ofv: -413166.000000
Best time: 8.300
Total time:10.041 


Instance: ../Instances/CKP_Classical_Instances/25/9_70_25
RKO: LNS | 
Sol: 0.511 0.412 0.787 0.542 0.531 0.043 0.801 0.116 0.106 0.049 0.740 0.041 0.213 0.002 0.072 0.045 0.337 0.563 0.518 0.286 0.530 0.119 0.136 0.551 0.108 0.127 0.557 0.531 0.028 0.032 0.099 0.554 0.549 0.098 0.900 0.513 0.492 0.983 0.029 0.553 0.545 0.098 0.133 0.110 0.556 0.009 0.085 0.557 0.525 0.050 0.134 0.640 0.142 0.085 0.090 0.172 0.033 0.457 0.100 0.031 0.034 0.006 0.564 0.972 0.093 0.059 0.003 0.057 0.571 0.519 
ofv: -247067.000000
Best time: 9.513
Total time:10.014 


Instance: ../Instances/CKP_Classical_Instances/25/10_70_25
RKO: LNS | 
Sol: 0.525 0.547 0.519 0.510 0.507 0.537 0.520 0.539 0.546 0.063 0.541 0.589 0.539 0.064 0.553 0.137 0.554 0.503 0.507 0.515 0.005 0.594 0.509 0.559 0.545 0.560 0.543 0.563 0.079 0.535 0.532 0.544 0.562 0.044 0.538 0.508 0.368 0.566 0.562 0.523 0.555 0.511 0.090 0.510 0.525 0.513 0.570 0.502 0.511 0.523 0.526 0.519 0.522 0.526 0.549 0.560 0.549 0.514 0.540 0.568 0.548 0.514 0.560 0.523 0.518 0.528 0.563 0.570 0.541 0.568 
ofv: -2977348.000000
Best time: 9.060
Total time:10.128 


Instance: ../Instances/CKP_Classical_Instances/50/1_70_50
RKO: LNS | 
Sol: 0.512 0.515 0.559 0.087 0.513 0.560 0.545 0.115 0.559 0.548 0.567 0.534 0.093 0.105 0.516 0.507 0.503 0.509 0.532 0.560 0.533 0.520 0.565 0.568 0.558 0.526 0.518 0.556 0.546 0.536 0.108 0.432 0.142 0.537 0.516 0.172 0.526 0.524 0.521 0.518 0.556 0.570 0.538 0.541 0.540 0.520 0.079 0.046 0.115 0.935 0.538 0.005 0.534 0.557 0.545 0.512 0.549 0.032 0.534 0.959 0.044 0.507 0.515 0.048 0.546 0.513 0.515 0.518 0.569 0.555 
ofv: -4195469.000000
Best time: 10.004
Total time:10.115 


Instance: ../Instances/CKP_Classical_Instances/50/2_70_50
RKO: LNS | 
Sol: 0.010 0.296 0.330 0.087 0.649 0.127 0.094 0.001 0.570 0.076 0.008 0.231 0.542 0.562 0.016 0.075 0.015 0.564 0.045 0.103 0.563 0.136 0.115 0.511 0.088 0.025 0.140 0.037 0.022 0.508 0.124 0.534 0.032 0.048 0.003 0.545 0.051 0.546 0.025 0.090 0.066 0.505 0.057 0.130 0.133 0.551 0.518 0.026 0.405 0.095 0.803 0.533 0.632 0.370 0.135 0.073 0.061 0.549 0.510 0.136 0.057 0.560 0.018 0.064 0.029 0.569 0.443 0.116 0.034 0.503 
ofv: -267741.000000
Best time: 9.619
Total time:10.040 


Instance: ../Instances/CKP_Classical_Instances/50/3_70_50
RKO: LNS | 
Sol: 0.536 0.545 0.502 0.547 0.515 0.568 0.507 0.523 0.522 0.521 0.555 0.534 0.002 0.539 0.005 0.034 0.125 0.805 0.005 0.519 0.512 0.087 0.527 0.709 0.110 0.523 0.557 0.688 0.566 0.514 0.536 0.112 0.531 0.802 0.546 0.526 0.019 0.535 0.537 0.047 0.106 0.894 0.557 0.070 0.543 0.117 0.498 0.073 0.505 0.520 0.506 0.171 0.568 0.016 0.519 0.556 0.555 0.549 0.504 0.032 0.570 0.551 0.072 0.011 0.542 0.529 0.557 0.569 0.532 0.505 
ofv: -3132781.000000
Best time: 9.692
Total time:10.016 


Instance: ../Instances/CKP_Classical_Instances/50/4_70_50
RKO: LNS | 
Sol: 0.129 0.545 0.075 0.042 0.568 0.115 0.134 0.087 0.080 0.045 0.059 0.330 0.246 0.075 0.092 0.009 0.089 0.042 0.007 0.963 0.100 0.090 0.116 0.094 0.075 0.082 0.108 0.048 0.063 0.037 0.071 0.054 0.001 0.076 0.504 0.015 0.023 0.099 0.113 0.515 0.485 0.563 0.052 0.323 0.069 0.370 0.103 0.283 0.072 0.030 0.026 0.004 0.357 0.044 0.106 0.010 0.239 0.093 0.102 0.062 0.136 0.006 0.142 0.131 0.356 0.459 0.079 0.131 0.075 0.344 
ofv: -6753.000000
Best time: 9.117
Total time:10.083 


Instance: ../Instances/CKP_Classical_Instances/50/5_70_50
RKO: LNS | 
Sol: 0.506 0.566 0.131 0.549 0.548 0.505 0.527 0.547 0.814 0.561 0.551 0.509 0.553 0.536 0.559 0.514 0.567 0.709 0.522 0.521 0.504 0.537 0.532 0.502 0.555 0.425 0.505 0.559 0.568 0.558 0.552 0.562 0.512 0.790 0.729 0.552 0.568 0.555 0.537 0.567 0.986 0.115 0.510 0.503 0.547 0.504 0.505 0.525 0.530 0.546 0.509 0.548 0.517 0.505 0.527 0.556 0.529 0.538 0.668 0.569 0.557 0.719 0.552 0.537 0.568 0.033 0.571 0.550 0.800 0.514 
ofv: -7137802.000000
Best time: 8.103
Total time:10.034 


Instance: ../Instances/CKP_Classical_Instances/50/6_70_50
RKO: LNS | 
Sol: 0.484 0.132 0.509 0.537 0.551 0.540 0.529 0.072 0.517 0.090 0.558 0.514 0.135 0.541 0.544 0.555 0.081 0.116 0.531 0.507 0.106 0.528 0.087 0.126 0.517 0.545 0.507 0.533 0.051 0.105 0.820 0.054 0.508 0.546 0.002 0.056 0.531 0.544 0.571 0.089 0.527 0.566 0.065 0.548 0.510 0.040 0.878 0.529 0.602 0.592 0.538 0.555 0.239 0.136 0.521 0.104 0.086 0.517 0.556 0.062 0.564 0.087 0.569 0.528 0.103 0.110 0.287 0.142 0.562 0.522 
ofv: -1826149.000000
Best time: 10.046
Total time:10.046 


Instance: ../Instances/CKP_Classical_Instances/50/7_70_50
RKO: LNS | 
Sol: 0.515 0.552 0.510 0.552 0.518 0.557 0.535 0.524 0.536 0.547 0.556 0.511 0.544 0.516 0.563 0.508 0.512 0.546 0.509 0.510 0.552 0.533 0.545 0.548 0.542 0.992 0.522 0.568 0.500 0.513 0.538 0.526 0.512 0.511 0.510 0.560 0.513 0.537 0.518 0.503 0.522 0.513 0.546 0.546 0.521 0.520 0.536 0.537 0.526 0.518 0.530 0.504 0.545 0.531 0.545 0.543 0.529 0.513 0.535 0.544 0.743 0.550 0.562 0.344 0.501 0.535 0.570 0.507 0.554 0.565 
ofv: -8080269.000000
Best time: 6.227
Total time:10.093 


Instance: ../Instances/CKP_Classical_Instances/50/8_70_50
RKO: LNS | 
Sol: 0.533 0.562 0.032 0.508 0.506 0.505 0.552 0.537 0.537 0.567 0.512 0.527 0.527 0.532 0.533 0.532 0.018 0.518 0.669 0.091 0.563 0.540 0.043 0.570 0.528 0.524 0.005 0.525 0.529 0.529 0.554 0.522 0.548 0.548 0.509 0.858 0.522 0.372 0.538 0.019 0.535 0.546 0.519 0.034 0.645 0.528 0.506 0.522 0.528 0.519 0.506 0.523 0.540 0.078 0.516 0.569 0.527 0.514 0.538 0.555 0.558 0.546 0.532 0.550 0.633 0.539 0.547 0.508 0.563 0.547 
ofv: -5622494.000000
Best time: 8.194
Total time:10.169 


Instance: ../Instances/CKP_Classical_Instances/50/9_70_50
RKO: LNS | 
Sol: 0.564 0.569 0.507 0.537 0.546 0.515 0.532 0.537 0.571 0.511 0.991 0.590 0.705 0.847 0.561 0.566 0.564 0.557 0.903 0.775 0.507 0.525 0.504 0.528 0.510 0.603 0.557 0.506 0.543 0.567 0.534 0.007 0.281 0.531 0.548 0.322 0.512 0.560 0.530 0.595 0.547 0.507 0.553 0.523 0.537 0.534 0.566 0.548 0.505 0.028 0.567 0.500 0.888 0.553 0.568 0.540 0.672 0.030 0.523 0.520 0.513 0.518 0.549 0.567 0.529 0.737 0.516 0.660 0.544 0.571 
ofv: -6781933.000000
Best time: 8.645
Total time:10.097 


Instance: ../Instances/CKP_Classical_Instances/50/10_70_50
RKO: LNS | 
Sol: 0.120 0.540 0.510 0.543 0.558 0.567 0.508 0.512 0.537 0.503 0.519 0.555 0.553 0.521 0.559 0.515 0.554 0.507 0.540 0.570 0.547 0.565 0.568 0.533 0.502 0.537 0.508 0.543 0.537 0.550 0.543 0.535 0.564 0.516 0.526 0.552 0.551 0.530 0.509 0.514 0.533 0.570 0.038 0.877 0.550 0.511 0.504 0.515 0.525 0.060 0.511 0.528 0.516 0.521 0.516 0.564 0.520 0.537 0.528 0.529 0.522 0.512 0.520 0.136 0.830 0.546 0.038 0.850 0.526 0.559 
ofv: -6821627.000000
Best time: 9.925
Total time:10.080 


Instance: ../Instances/CKP_Classical_Instances/75/1_70_75
RKO: LNS | 
Sol: 0.524 0.062 0.523 0.697 0.034 0.510 0.551 0.316 0.552 0.690 0.546 0.546 0.534 0.522 0.618 0.535 0.551 0.507 0.444 0.558 0.545 0.551 0.552 0.533 0.568 0.538 0.514 0.500 0.531 0.525 0.502 0.062 0.500 0.568 0.519 0.526 0.528 0.525 0.523 0.504 0.506 0.519 0.051 0.896 0.521 0.649 0.570 0.525 0.556 0.564 0.813 0.520 0.565 0.548 0.562 0.550 0.622 0.551 0.502 0.571 0.557 0.797 0.507 0.558 0.522 0.523 0.097 0.529 0.564 0.515 
ofv: -9192881.000000
Best time: 8.707
Total time:10.043 


Instance: ../Instances/CKP_Classical_Instances/75/2_70_75
RKO: LNS | 
Sol: 0.570 0.540 0.007 0.558 0.560 0.518 0.020 0.005 0.539 0.901 0.577 0.550 0.554 0.563 0.568 0.558 0.025 0.566 0.565 0.765 0.553 0.547 0.006 0.550 0.009 0.518 0.558 0.072 0.499 0.524 0.112 0.548 0.526 0.571 0.530 0.027 0.554 0.536 0.569 0.536 0.570 0.509 0.630 0.900 0.555 0.533 0.568 0.534 0.524 0.017 0.543 0.005 0.559 0.142 0.513 0.536 0.565 0.544 0.021 0.512 0.547 0.518 0.508 0.513 0.734 0.003 0.570 0.133 0.142 0.568 
ofv: -5480329.000000
Best time: 6.390
Total time:10.131 


Instance: ../Instances/CKP_Classical_Instances/75/3_70_75
RKO: LNS | 
Sol: 0.510 0.527 0.591 0.553 0.122 0.560 0.513 0.548 0.561 0.904 0.525 0.750 0.084 0.531 0.090 0.865 0.545 0.528 0.111 0.509 0.539 0.529 0.522 0.685 0.561 0.676 0.553 0.009 0.502 0.501 0.536 0.542 0.533 0.539 0.587 0.022 0.129 0.113 0.855 0.511 0.556 0.500 0.520 0.814 0.558 0.546 0.511 0.558 0.510 0.571 0.558 0.122 0.555 0.570 0.566 0.259 0.524 0.505 0.515 0.533 0.543 0.517 0.560 0.518 0.560 0.506 0.517 0.555 0.103 0.002 
ofv: -7209081.000000
Best time: 4.171
Total time:10.036 


Instance: ../Instances/CKP_Classical_Instances/75/4_70_75
RKO: LNS | 
Sol: 0.016 0.139 0.010 0.016 0.042 0.046 0.011 0.012 0.038 0.068 0.876 0.122 0.013 0.105 0.018 0.048 0.090 0.012 0.055 0.130 0.092 0.118 0.069 0.088 0.069 0.025 0.124 0.514 0.049 0.031 0.568 0.037 0.123 0.082 0.523 0.096 0.132 0.133 0.026 0.109 0.031 0.104 0.040 0.124 0.072 0.527 0.111 0.131 0.541 0.389 0.108 0.012 0.061 0.029 0.077 0.565 0.080 0.022 0.001 0.101 0.064 0.002 0.504 0.074 0.135 0.097 0.008 0.060 0.029 0.135 
ofv: -18581.000000
Best time: 9.749
Total time:10.091 


Instance: ../Instances/CKP_Classical_Instances/75/5_70_75
RKO: LNS | 
Sol: 0.022 0.517 0.526 0.506 0.044 0.065 0.554 0.563 0.060 0.133 0.104 0.567 0.330 0.029 0.059 0.562 0.570 0.042 0.502 0.013 0.552 0.142 0.561 0.531 0.561 0.329 0.524 0.099 0.060 0.088 0.097 0.020 0.097 0.094 0.500 0.053 0.511 0.104 0.503 0.058 0.015 0.036 0.550 0.107 0.315 0.032 0.510 0.530 0.510 0.512 0.501 0.563 0.545 0.566 0.405 0.526 0.522 0.077 0.132 0.020 0.502 0.060 0.530 0.096 0.040 0.119 0.625 0.770 0.531 0.135 
ofv: -1321412.000000
Best time: 8.582
Total time:10.054 


Instance: ../Instances/CKP_Classical_Instances/75/6_70_75
RKO: LNS | 
Sol: 0.072 0.564 0.524 0.537 0.033 0.014 0.098 0.551 0.617 0.531 0.136 0.517 0.052 0.514 0.518 0.532 0.055 0.090 0.531 0.512 0.532 0.844 0.436 0.519 0.540 0.557 0.560 0.562 0.505 0.532 0.134 0.545 0.512 0.558 0.786 0.560 0.517 0.101 0.519 0.553 0.053 0.505 0.559 0.027 0.550 0.542 0.540 0.035 0.553 0.534 0.508 0.517 0.511 0.524 0.501 0.555 0.503 0.514 0.002 0.568 0.537 0.545 0.300 0.516 0.521 0.552 0.090 0.108 0.522 0.563 
ofv: -5188269.000000
Best time: 8.310
Total time:10.052 


Instance: ../Instances/CKP_Classical_Instances/75/7_70_75
RKO: LNS | 
Sol: 0.055 0.002 0.089 0.062 0.517 0.135 0.130 0.128 0.003 0.119 0.134 0.120 0.030 0.118 0.066 0.788 0.125 0.030 0.140 0.026 0.131 0.033 0.503 0.042 0.126 0.020 0.535 0.546 0.014 0.073 0.346 0.564 0.070 0.016 0.094 0.129 0.138 0.019 0.139 0.086 0.036 0.546 0.006 0.133 0.462 0.023 0.123 0.004 0.003 0.084 0.071 0.066 0.106 0.243 0.030 0.982 0.060 0.064 0.056 0.098 0.038 0.117 0.134 0.023 0.134 0.074 0.136 0.108 0.028 0.087 
ofv: -17060.000000
Best time: 4.372
Total time:10.037 


Instance: ../Instances/CKP_Classical_Instances/75/8_70_75
RKO: LNS | 
Sol: 0.097 0.125 0.104 0.091 0.010 0.060 0.103 0.062 0.029 0.063 0.047 0.055 0.064 0.034 0.135 0.501 0.084 0.085 0.049 0.114 0.021 0.065 0.064 0.057 0.131 0.079 0.030 0.010 0.083 0.512 0.020 0.518 0.373 0.062 0.051 0.107 0.043 0.114 0.514 0.408 0.381 0.017 0.679 0.017 0.501 0.030 0.036 0.553 0.100 0.073 0.060 0.104 0.152 0.065 0.134 0.242 0.100 0.003 0.119 0.108 0.021 0.015 0.329 0.026 0.085 0.481 0.076 0.113 0.076 0.129 
ofv: -14525.000000
Best time: 7.119
Total time:10.028 


Instance: ../Instances/CKP_Classical_Instances/75/9_70_75
RKO: LNS | 
Sol: 0.089 0.263 0.121 0.051 0.049 0.519 0.562 0.560 0.140 0.094 0.555 0.537 0.058 0.545 0.516 0.117 0.559 0.500 0.558 0.536 0.570 0.506 0.004 0.530 0.122 0.010 0.566 0.503 0.049 0.569 0.080 0.528 0.008 0.559 0.103 0.127 0.519 0.529 0.136 0.523 0.515 0.558 0.006 0.924 0.508 0.552 0.394 0.109 0.032 0.568 0.528 0.071 0.023 0.097 0.541 0.015 0.024 0.510 0.524 0.567 0.519 0.031 0.556 0.533 0.077 0.571 0.058 0.548 0.537 0.513 
ofv: -2353270.000000
Best time: 5.422
Total time:10.049 


Instance: ../Instances/CKP_Classical_Instances/75/10_70_75
RKO: LNS | 
Sol: 0.527 0.108 0.526 0.099 0.513 0.127 0.142 0.557 0.381 0.124 0.543 0.529 0.015 0.762 0.570 0.539 0.524 0.507 0.127 0.110 0.096 0.519 0.516 0.505 0.652 0.096 0.524 0.080 0.503 0.530 0.568 0.541 0.518 0.518 0.019 0.516 0.822 0.551 0.546 0.520 0.527 0.701 0.528 0.543 0.559 0.550 0.662 0.540 0.545 0.530 0.506 0.555 0.508 0.531 0.541 0.561 0.551 0.505 0.535 0.528 0.519 0.553 0.561 0.764 0.564 0.525 0.555 0.525 0.499 0.531 
ofv: -6518765.000000
Best time: 9.768
Total time:10.039 


Instance: ../Instances/CKP_Classical_Instances/100/1_70_100
RKO: LNS | 
Sol: 0.512 0.527 0.558 0.521 0.565 0.095 0.503 0.511 0.148 0.094 0.526 0.073 0.544 0.528 0.535 0.535 0.533 0.517 0.085 0.516 0.513 0.012 0.507 0.526 0.007 0.557 0.568 0.555 0.561 0.068 0.527 0.537 0.876 0.523 0.532 0.531 0.536 0.530 0.508 0.539 0.075 0.555 0.525 0.082 0.570 0.529 0.515 0.563 0.858 0.510 0.559 0.123 0.563 0.512 0.505 0.516 0.128 0.538 0.531 0.095 0.002 0.503 0.510 0.568 0.005 0.524 0.558 0.505 0.520 0.514 
ofv: -8196800.000000
Best time: 9.335
Total time:10.015 


Instance: ../Instances/CKP_Classical_Instances/100/2_70_100
RKO: LNS | 
Sol: 0.130 0.470 0.501 0.137 0.069 0.532 0.874 0.444 0.038 0.531 0.042 0.141 0.127 0.526 0.892 0.060 0.006 0.132 0.557 0.119 0.062 0.125 0.567 0.511 0.323 0.797 0.038 0.075 0.533 0.527 0.772 0.465 0.010 0.072 0.036 0.134 0.276 0.521 0.957 0.571 0.061 0.528 0.113 0.683 0.048 0.058 0.527 0.514 0.093 0.062 0.526 0.108 0.078 0.074 0.497 0.377 0.530 0.768 0.555 0.429 0.091 0.064 0.109 0.973 0.896 0.121 0.050 0.056 0.328 0.242 
ofv: -850443.000000
Best time: 5.369
Total time:10.058 


Instance: ../Instances/CKP_Classical_Instances/100/3_70_100
RKO: LNS | 
Sol: 0.511 0.444 0.504 0.017 0.530 0.075 0.009 0.555 0.134 0.007 0.518 0.500 0.058 0.504 0.091 0.500 0.093 0.062 0.504 0.140 0.509 0.040 0.115 0.089 0.519 0.072 0.515 0.504 0.022 0.547 0.109 0.551 0.127 0.522 0.039 0.093 0.056 0.047 0.093 0.140 0.084 0.075 0.556 0.099 0.782 0.384 0.523 0.040 0.101 0.123 0.103 0.037 0.029 0.058 0.831 0.069 0.010 0.130 0.561 0.114 0.551 0.530 0.117 0.079 0.129 0.054 0.125 0.513 0.553 0.094 
ofv: -741637.000000
Best time: 7.624
Total time:10.074 


Instance: ../Instances/CKP_Classical_Instances/100/4_70_100
RKO: LNS | 
Sol: 0.130 0.531 0.538 0.068 0.536 0.541 0.529 0.558 0.897 0.105 0.045 0.132 0.503 0.128 0.023 0.093 0.008 0.549 0.024 0.501 0.533 0.516 0.018 0.507 0.134 0.100 0.517 0.513 0.570 0.537 0.539 0.549 0.516 0.038 0.504 0.509 0.561 0.001 0.046 0.537 0.538 0.557 0.110 0.561 0.068 0.101 0.543 0.540 0.004 0.191 0.527 0.112 0.101 0.537 0.508 0.047 0.065 0.964 0.015 0.502 0.080 0.141 0.566 0.500 0.568 0.131 0.533 0.120 0.141 0.096 
ofv: -2669986.000000
Best time: 6.336
Total time:10.016 


Instance: ../Instances/CKP_Classical_Instances/100/5_70_100
RKO: LNS | 
Sol: 0.165 0.124 0.051 0.030 0.075 0.533 0.002 0.140 0.101 0.663 0.545 0.104 0.029 0.255 0.490 0.047 0.028 0.154 0.029 0.034 0.009 0.571 0.005 0.015 0.036 0.121 0.480 0.571 0.088 0.127 0.015 0.108 0.412 0.503 0.552 0.104 0.517 0.003 0.612 0.545 0.136 0.042 0.114 0.128 0.070 0.547 0.749 0.539 0.022 0.034 0.023 0.485 0.119 0.060 0.124 0.102 0.071 0.311 0.081 0.121 0.132 0.545 0.096 0.271 0.006 0.507 0.360 0.117 0.434 0.034 
ofv: -156067.000000
Best time: 10.072
Total time:10.129 


Instance: ../Instances/CKP_Classical_Instances/100/6_70_100
RKO: LNS | 
Sol: 0.558 0.538 0.055 0.417 0.128 0.128 0.294 0.092 0.034 0.047 0.513 0.105 0.108 0.507 0.050 0.128 0.086 0.069 0.107 0.531 0.011 0.080 0.102 0.020 0.019 0.037 0.020 0.029 0.505 0.009 0.086 0.368 0.098 0.050 0.048 0.103 0.087 0.038 0.054 0.001 0.007 0.080 0.054 0.133 0.031 0.036 0.105 0.024 0.139 0.026 0.099 0.038 0.126 0.513 0.107 0.073 0.064 0.062 0.080 0.045 0.085 0.023 0.030 0.001 0.120 0.100 0.060 0.798 0.515 0.008 
ofv: -33344.000000
Best time: 10.062
Total time:10.062 


Instance: ../Instances/CKP_Classical_Instances/100/7_70_100
RKO: LNS | 
Sol: 0.543 0.014 0.536 0.504 0.011 0.404 0.184 0.557 0.024 0.071 0.521 0.014 0.025 0.038 0.074 0.094 0.553 0.569 0.539 0.071 0.541 0.513 0.534 0.054 0.065 0.502 0.098 0.513 0.005 0.046 0.522 0.031 0.517 0.516 0.135 0.073 0.555 0.551 0.056 0.226 0.053 0.523 0.517 0.062 0.061 0.128 0.557 0.133 0.538 0.518 0.232 0.542 0.090 0.559 0.072 0.513 0.107 0.126 0.560 0.076 0.530 0.505 0.102 0.721 0.543 0.557 0.125 0.570 0.815 0.039 
ofv: -1908475.000000
Best time: 8.903
Total time:10.011 


Instance: ../Instances/CKP_Classical_Instances/100/8_70_100
RKO: LNS | 
Sol: 0.077 0.020 0.102 0.064 0.513 0.102 0.022 0.141 0.107 0.078 0.560 0.569 0.560 0.519 0.068 0.142 0.552 0.559 0.553 0.516 0.674 0.003 0.139 0.049 0.070 0.544 0.135 0.104 0.081 0.084 0.030 0.401 0.140 0.225 0.431 0.077 0.142 0.014 0.606 0.110 0.553 0.060 0.034 0.140 0.763 0.017 0.026 0.113 0.115 0.542 0.121 0.037 0.557 0.684 0.513 0.003 0.060 0.513 0.042 0.030 0.018 0.235 0.018 0.529 0.032 0.128 0.562 0.201 0.917 0.089 
ofv: -508917.000000
Best time: 8.290
Total time:10.023 


Instance: ../Instances/CKP_Classical_Instances/100/9_70_100
RKO: LNS | 
Sol: 0.539 0.551 0.524 0.544 0.570 0.539 0.553 0.510 0.567 0.713 0.063 0.543 0.566 0.539 0.523 0.523 0.531 0.568 0.502 0.505 0.527 0.541 0.898 0.569 0.546 0.505 0.523 0.530 0.506 0.805 0.562 0.508 0.529 0.021 0.568 0.532 0.560 0.544 0.521 0.526 0.555 0.796 0.553 0.568 0.554 0.503 0.557 0.548 0.550 0.555 0.643 0.509 0.552 0.507 0.562 0.519 0.568 0.675 0.524 0.594 0.556 0.514 0.543 0.535 0.550 0.549 0.521 0.522 0.564 0.570 
ofv: -15446665.000000
Best time: 8.446
Total time:10.047 


Instance: ../Instances/CKP_Classical_Instances/100/10_70_100
RKO: LNS | 
Sol: 0.022 0.055 0.524 0.536 0.515 0.559 0.505 0.530 0.027 0.790 0.091 0.517 0.065 0.492 0.512 0.008 0.510 0.543 0.432 0.505 0.031 0.511 0.917 0.102 0.122 0.565 0.526 0.206 0.140 0.546 0.570 0.567 0.511 0.047 0.126 0.558 0.548 0.521 0.171 0.569 0.342 0.416 0.042 0.549 0.130 0.071 0.014 0.552 0.500 0.538 0.536 0.134 0.526 0.072 0.130 0.042 0.501 0.501 0.000 0.535 0.008 0.181 0.111 0.101 0.077 0.524 0.550 0.797 0.508 0.574 
ofv: -2688902.000000
Best time: 6.523
Total time:10.082 


Instance: ../Instances/CKP_Classical_Instances/25/1_70_25
RKO: GRASP | 
Sol: 0.894 0.835 0.540 0.896 0.480 0.654 0.342 0.326 0.191 0.921 0.737 0.972 0.461 0.301 0.348 0.170 0.672 0.400 0.632 0.977 0.439 0.414 0.552 0.940 0.853 0.508 0.715 0.511 0.801 0.757 0.398 0.589 0.524 0.948 0.789 0.922 0.686 0.796 0.520 0.591 0.143 0.510 0.069 0.517 0.573 0.948 0.419 0.810 0.805 0.894 0.152 0.092 0.649 0.810 0.866 0.585 0.340 0.615 0.367 0.839 0.866 0.643 0.580 0.135 0.338 0.522 0.925 0.831 0.031 0.684 
ofv: -1425369.000000
Best time: 6.144
Total time:10.757 


Instance: ../Instances/CKP_Classical_Instances/25/2_70_25
RKO: GRASP | 
Sol: 0.954 0.537 0.570 0.692 0.846 0.091 0.723 0.814 0.646 0.360 0.670 0.060 0.597 0.605 0.638 0.276 0.599 0.675 0.935 0.507 0.547 0.337 0.786 0.619 0.971 0.574 0.589 0.982 0.804 0.556 0.638 0.590 0.813 0.822 0.552 0.076 0.158 0.918 0.935 0.744 0.701 0.637 0.521 0.739 0.722 0.806 0.440 0.583 0.763 0.566 0.750 0.953 0.814 0.704 0.846 0.249 0.701 0.828 0.318 0.869 0.540 0.746 0.699 0.882 0.963 0.192 0.869 0.692 0.636 0.836 
ofv: -2604040.000000
Best time: 7.330
Total time:11.804 


Instance: ../Instances/CKP_Classical_Instances/25/3_70_25
RKO: GRASP | 
Sol: 0.908 0.907 0.198 0.230 0.914 0.135 0.174 0.565 0.485 0.859 0.503 0.953 0.304 0.595 0.041 0.427 0.223 0.270 0.902 0.537 0.114 0.914 0.794 0.050 0.586 0.453 0.964 0.486 0.088 0.381 0.074 0.091 0.288 0.828 0.620 0.460 0.270 0.636 0.830 0.413 0.650 0.885 0.899 0.065 0.892 0.357 0.905 0.405 0.714 0.634 0.899 0.552 0.947 0.980 0.322 0.379 0.373 0.872 0.900 0.258 0.171 0.718 0.346 0.746 0.667 0.456 0.245 0.983 0.068 0.534 
ofv: -646792.000000
Best time: 16.715
Total time:16.715 


Instance: ../Instances/CKP_Classical_Instances/25/4_70_25
RKO: GRASP | 
Sol: 0.701 0.857 0.850 0.540 0.883 0.622 0.547 0.767 0.644 0.627 0.587 0.560 0.614 0.604 0.563 0.656 0.570 0.696 0.939 0.721 0.544 0.542 0.791 0.848 0.685 0.719 0.522 0.708 0.791 0.571 0.666 0.791 0.990 0.880 0.780 0.696 0.514 0.568 0.512 0.955 0.608 0.884 0.640 0.602 0.789 0.752 0.599 0.684 0.706 0.828 0.828 0.634 0.888 0.676 0.664 0.585 0.517 0.878 0.709 0.016 0.565 0.675 0.850 0.780 0.747 0.719 0.564 0.841 0.790 0.660 
ofv: -4046545.000000
Best time: 6.975
Total time:11.454 


Instance: ../Instances/CKP_Classical_Instances/25/5_70_25
RKO: GRASP | 
Sol: 0.792 0.642 0.507 0.966 0.633 0.771 0.626 0.747 0.530 0.743 0.353 0.264 0.756 0.713 0.526 0.856 0.316 0.767 0.640 0.807 0.629 0.993 0.783 0.972 0.774 0.003 0.617 0.896 0.469 0.911 0.936 0.577 0.359 0.114 0.846 0.788 0.271 0.031 0.415 0.721 0.667 0.987 0.670 0.700 0.811 0.995 0.628 0.769 0.135 0.093 0.771 0.877 0.657 0.023 0.584 0.169 0.611 0.690 0.665 0.783 0.595 0.836 0.595 0.590 0.634 0.634 0.869 0.673 0.941 0.706 
ofv: -2248998.000000
Best time: 8.915
Total time:11.071 


Instance: ../Instances/CKP_Classical_Instances/25/6_70_25
RKO: GRASP | 
Sol: 0.387 0.993 0.624 0.584 0.697 0.853 0.827 0.887 0.645 0.627 0.689 0.466 0.840 0.749 0.737 0.578 0.663 0.546 0.743 0.198 0.113 0.511 0.806 0.187 0.563 0.630 0.720 0.520 0.561 0.867 0.897 0.749 0.968 0.683 0.497 0.769 0.813 0.532 0.954 0.948 0.563 0.704 0.608 0.266 0.448 0.019 0.598 0.657 0.993 0.744 0.564 0.761 0.504 0.601 0.355 0.994 0.626 0.391 0.870 0.523 0.130 0.671 0.806 0.204 0.697 0.300 0.823 0.578 0.884 0.637 
ofv: -2264111.000000
Best time: 7.055
Total time:11.477 


Instance: ../Instances/CKP_Classical_Instances/25/7_70_25
RKO: GRASP | 
Sol: 0.595 0.863 0.549 0.248 0.990 0.759 0.650 0.850 0.945 0.676 0.699 0.717 0.459 0.024 0.966 0.738 0.734 0.084 0.778 0.947 0.833 0.475 0.948 0.815 0.701 0.992 0.638 0.562 0.897 0.680 0.541 0.571 0.974 0.093 0.535 0.513 0.660 0.539 0.915 0.900 0.576 0.713 0.700 0.635 0.788 0.658 0.632 0.970 0.836 0.759 0.709 0.595 0.836 0.292 0.292 0.257 0.847 0.768 0.028 0.697 0.835 0.739 0.901 0.813 0.726 0.343 0.350 0.658 0.013 0.706 
ofv: -2378632.000000
Best time: 6.616
Total time:11.046 


Instance: ../Instances/CKP_Classical_Instances/25/8_70_25
RKO: GRASP | 
Sol: 0.230 0.693 0.584 0.417 0.454 0.606 0.296 0.394 0.252 0.630 0.778 0.019 0.409 0.888 0.861 0.456 0.678 0.576 0.488 0.606 0.090 0.199 0.325 0.281 0.003 0.080 0.443 0.593 0.568 0.085 0.474 0.684 0.074 0.311 0.263 0.099 0.025 0.012 0.138 0.861 0.652 0.834 0.915 0.646 0.592 0.070 0.164 0.902 0.388 0.058 0.500 0.434 0.384 0.540 0.124 0.148 0.458 0.189 0.865 0.511 0.602 0.174 0.675 0.776 0.842 0.879 0.043 0.444 0.512 0.097 
ofv: -351733.000000
Best time: 13.935
Total time:13.935 


Instance: ../Instances/CKP_Classical_Instances/25/9_70_25
RKO: GRASP | 
Sol: 0.421 0.476 0.098 0.535 0.688 0.538 0.616 0.311 0.308 0.102 0.629 0.403 0.797 0.897 0.177 0.365 0.297 0.682 0.120 0.918 0.510 0.543 0.330 0.438 0.836 0.162 0.873 0.414 0.343 0.026 0.204 0.243 0.417 0.376 0.201 0.064 0.893 0.592 0.404 0.566 0.095 0.225 0.269 0.369 0.231 0.276 0.475 0.402 0.221 0.267 0.201 0.492 0.166 0.483 0.033 0.796 0.071 0.326 0.477 0.217 0.415 0.666 0.966 0.261 0.476 0.109 0.132 0.624 0.791 0.772 
ofv: -153381.000000
Best time: 4.624
Total time:11.686 


Instance: ../Instances/CKP_Classical_Instances/25/10_70_25
RKO: GRASP | 
Sol: 0.948 0.639 0.555 0.655 0.850 0.539 0.894 0.666 0.746 0.135 0.930 0.539 0.557 0.994 0.932 0.673 0.648 0.537 0.742 0.661 0.748 0.584 0.161 0.963 0.967 0.941 0.787 0.819 0.213 0.783 0.740 0.776 0.771 0.111 0.984 0.591 0.043 0.877 0.563 0.874 0.748 0.578 0.246 0.516 0.633 0.797 0.782 0.662 0.708 0.552 0.683 0.729 0.869 0.663 0.660 0.654 0.566 0.187 0.562 0.831 0.832 0.722 0.698 0.655 0.702 0.823 0.258 0.951 0.509 0.797 
ofv: -2994891.000000
Best time: 7.212
Total time:11.722 


Instance: ../Instances/CKP_Classical_Instances/50/1_70_50
RKO: GRASP | 
Sol: 0.808 0.741 0.787 0.649 0.675 0.739 0.897 0.417 0.762 0.225 0.770 0.892 0.703 0.996 0.742 0.889 0.806 0.617 0.640 0.625 0.725 0.726 0.448 0.502 0.789 0.556 0.896 0.937 0.683 0.873 0.104 0.195 0.902 0.558 0.304 0.033 0.525 0.752 0.836 0.687 0.956 0.212 0.581 0.365 0.638 0.848 0.186 0.028 0.960 0.542 0.799 0.891 0.932 0.669 0.679 0.262 0.839 0.189 0.546 0.243 0.126 0.686 0.825 0.895 0.706 0.671 0.762 0.375 0.872 0.783 
ofv: -4014911.000000
Best time: 7.882
Total time:10.039 


Instance: ../Instances/CKP_Classical_Instances/50/2_70_50
RKO: GRASP | 
Sol: 0.171 0.249 0.070 0.288 0.796 0.297 0.432 0.614 0.391 0.472 0.290 0.451 0.220 0.337 0.174 0.262 0.378 0.589 0.633 0.900 0.743 0.335 0.180 0.287 0.349 0.466 0.479 0.007 0.674 0.682 0.035 0.666 0.052 0.141 0.313 0.299 0.240 0.847 0.133 0.120 0.073 0.099 0.057 0.224 0.048 0.881 0.772 0.296 0.290 0.145 0.391 0.639 0.836 0.779 0.041 0.287 0.236 0.299 0.539 0.407 0.341 0.639 0.647 0.401 0.281 0.368 0.402 0.927 0.188 0.290 
ofv: -197863.000000
Best time: 11.057
Total time:11.057 


Instance: ../Instances/CKP_Classical_Instances/50/3_70_50
RKO: GRASP | 
Sol: 0.177 0.539 0.233 0.064 0.678 0.506 0.989 0.806 0.060 0.731 0.983 0.505 0.249 0.484 0.881 0.460 0.948 0.822 0.199 0.496 0.774 0.342 0.650 0.639 0.377 0.571 0.171 0.713 0.958 0.966 0.983 0.888 0.359 0.591 0.589 0.676 0.019 0.919 0.689 0.509 0.771 0.734 0.635 0.392 0.854 0.446 0.250 0.403 0.700 0.876 0.108 0.922 0.904 0.541 0.769 0.202 0.909 0.549 0.551 0.073 0.985 0.624 0.799 0.825 0.867 0.984 0.728 0.753 0.594 0.822 
ofv: -2977747.000000
Best time: 17.530
Total time:17.530 


Instance: ../Instances/CKP_Classical_Instances/50/4_70_50
RKO: GRASP | 
Sol: 0.260 0.568 0.445 0.224 0.336 0.458 0.091 0.344 0.497 0.012 0.448 0.200 0.155 0.487 0.291 0.456 0.080 0.029 0.407 0.215 0.529 0.213 0.413 0.249 0.018 0.153 0.189 0.123 0.402 0.284 0.449 0.022 0.109 0.348 0.080 0.161 0.314 0.495 0.423 0.167 0.085 0.692 0.051 0.149 0.275 0.474 0.058 0.477 0.448 0.125 0.500 0.454 0.026 0.355 0.334 0.293 0.310 0.138 0.202 0.335 0.105 0.328 0.474 0.201 0.864 0.067 0.447 0.398 0.238 0.273 
ofv: -2829.000000
Best time: 10.982
Total time:10.982 


Instance: ../Instances/CKP_Classical_Instances/50/5_70_50
RKO: GRASP | 
Sol: 0.728 0.795 0.990 0.559 0.822 0.540 0.546 0.331 0.968 0.875 0.939 0.876 0.840 0.954 0.544 0.964 0.947 0.540 0.920 0.772 0.622 0.774 0.820 0.778 0.559 0.757 0.678 0.576 0.593 0.820 0.940 0.190 0.582 0.547 0.661 0.907 0.862 0.531 0.697 0.949 0.634 0.548 0.552 0.744 0.875 0.814 0.217 0.769 0.961 0.696 0.644 0.762 0.621 0.551 0.890 0.607 0.706 0.653 0.691 0.875 0.779 0.851 0.981 0.912 0.742 0.314 0.870 0.622 0.572 0.776 
ofv: -7154127.000000
Best time: 4.600
Total time:11.521 


Instance: ../Instances/CKP_Classical_Instances/50/6_70_50
RKO: GRASP | 
Sol: 0.206 0.189 0.320 0.850 0.402 0.076 0.899 0.913 0.837 0.777 0.429 0.667 0.100 0.356 0.604 0.564 0.307 0.960 0.353 0.759 0.429 0.955 0.407 0.153 0.345 0.607 0.285 0.313 0.998 0.284 0.892 0.273 0.903 0.872 0.822 0.255 0.779 0.148 0.436 0.318 0.646 0.367 0.385 0.707 0.713 0.056 0.794 0.719 0.526 0.731 0.404 0.936 0.735 0.019 0.948 0.447 0.616 0.747 0.769 0.739 0.811 0.751 0.004 0.475 0.834 0.117 0.577 0.806 0.667 0.339 
ofv: -1439822.000000
Best time: 10.669
Total time:10.670 


Instance: ../Instances/CKP_Classical_Instances/50/7_70_50
RKO: GRASP | 
Sol: 0.610 0.787 0.916 0.627 0.582 0.083 0.886 0.886 0.954 0.931 0.703 0.833 0.820 0.691 0.714 0.670 0.577 0.626 0.560 0.869 0.578 0.544 0.709 0.554 0.527 0.647 0.823 0.536 0.598 0.555 0.724 0.746 0.992 0.606 0.646 0.539 0.668 0.912 0.652 0.797 0.797 0.702 0.876 0.859 0.687 0.886 0.807 0.839 0.629 0.758 0.703 0.785 0.750 0.594 0.726 0.710 0.510 0.781 0.768 0.570 0.592 0.894 0.781 0.508 0.650 0.734 0.768 0.656 0.818 0.720 
ofv: -8082857.000000
Best time: 4.207
Total time:11.118 


Instance: ../Instances/CKP_Classical_Instances/50/8_70_50
RKO: GRASP | 
Sol: 0.654 0.945 0.519 0.784 0.866 0.905 0.674 0.536 0.509 0.588 0.547 0.849 0.850 0.506 0.889 0.597 0.243 0.883 0.348 0.246 0.560 0.695 0.056 0.983 0.805 0.856 0.445 0.696 0.955 0.194 0.790 0.658 0.785 0.999 0.921 0.677 0.751 0.262 0.737 0.909 0.559 0.660 0.836 0.764 0.542 0.784 0.709 0.983 0.747 0.937 0.112 0.773 0.869 0.208 0.967 0.617 0.528 0.878 0.858 0.522 0.734 0.996 0.672 0.653 0.481 0.734 0.921 0.589 0.630 0.881 
ofv: -5415927.000000
Best time: 9.324
Total time:11.430 


Instance: ../Instances/CKP_Classical_Instances/50/9_70_50
RKO: GRASP | 
Sol: 0.864 0.578 0.993 0.636 0.570 0.552 0.725 0.943 0.754 0.763 0.837 0.511 0.731 0.812 0.831 0.922 0.023 0.660 0.807 0.642 0.646 0.868 0.622 0.844 0.724 0.624 0.530 0.973 0.982 0.940 0.693 0.685 0.207 0.710 0.537 0.975 0.621 0.685 0.887 0.625 0.637 0.627 0.709 0.646 0.663 0.732 0.870 0.542 0.802 0.414 0.721 0.885 0.671 0.937 0.310 0.509 0.562 0.169 0.568 0.555 0.662 0.835 0.697 0.899 0.856 0.725 0.828 0.959 0.696 0.587 
ofv: -6790289.000000
Best time: 8.134
Total time:10.349 


Instance: ../Instances/CKP_Classical_Instances/50/10_70_50
RKO: GRASP | 
Sol: 0.826 0.826 0.766 0.617 0.577 0.812 0.787 0.842 0.778 0.578 0.792 0.752 0.639 0.603 0.805 0.647 0.689 0.547 0.558 0.986 0.664 0.501 0.648 0.795 0.722 0.864 0.756 0.546 0.795 0.849 0.791 0.562 0.601 0.728 0.876 0.549 0.563 0.692 0.812 0.688 0.629 0.609 0.070 0.583 0.702 0.867 0.553 0.781 0.892 0.449 0.614 0.364 0.881 0.548 0.557 0.531 0.928 0.816 0.905 0.561 0.780 0.639 0.528 0.425 0.735 0.619 0.037 0.629 0.501 0.804 
ofv: -6824162.000000
Best time: 5.861
Total time:10.603 


Instance: ../Instances/CKP_Classical_Instances/75/1_70_75
RKO: GRASP | 
Sol: 0.821 0.743 0.948 0.565 0.971 0.929 0.655 0.531 0.597 0.955 0.970 0.979 0.985 0.694 0.345 0.872 0.637 0.651 0.469 0.675 0.950 0.508 0.651 0.619 0.589 0.567 0.607 0.560 0.875 0.384 0.883 0.271 0.027 0.736 0.794 0.903 0.913 0.420 0.311 0.218 0.859 0.777 0.639 0.673 0.663 0.576 0.709 0.896 0.582 0.674 0.638 0.925 0.514 0.668 0.672 0.552 0.657 0.520 0.613 0.628 0.771 0.853 0.561 0.712 0.899 0.834 0.961 0.769 0.595 0.505 
ofv: -8802509.000000
Best time: 10.180
Total time:10.180 


Instance: ../Instances/CKP_Classical_Instances/75/2_70_75
RKO: GRASP | 
Sol: 0.820 0.667 0.028 0.939 0.943 0.715 0.354 0.452 0.985 0.593 0.049 0.344 0.713 0.592 0.515 0.738 0.909 0.539 0.323 0.347 0.435 0.865 0.750 0.017 0.789 0.887 0.584 0.796 0.073 0.687 0.436 0.648 0.707 0.592 0.990 0.182 0.244 0.518 0.845 0.989 0.581 0.685 0.539 0.591 0.938 0.632 0.864 0.911 0.013 0.695 0.786 0.153 0.734 0.856 0.543 0.999 0.354 0.636 0.189 0.724 0.840 0.511 0.341 0.650 0.537 0.362 0.893 0.634 0.065 0.682 
ofv: -4682375.000000
Best time: 14.481
Total time:14.481 


Instance: ../Instances/CKP_Classical_Instances/75/3_70_75
RKO: GRASP | 
Sol: 0.623 0.660 0.982 0.013 0.943 0.198 0.639 0.724 0.165 0.896 0.937 0.660 0.277 0.642 0.790 0.684 0.738 0.637 0.274 0.957 0.084 0.994 0.599 0.748 0.544 0.827 0.268 0.289 0.861 0.860 0.676 0.917 0.822 0.821 0.747 0.853 0.384 0.043 0.531 0.659 0.640 0.727 0.916 0.967 0.852 0.860 0.562 0.824 0.892 0.590 0.509 0.243 0.559 0.610 0.857 0.513 0.682 0.941 0.676 0.844 0.764 0.638 0.886 0.269 0.571 0.265 0.556 0.928 0.627 0.053 
ofv: -6553172.000000
Best time: 10.177
Total time:10.177 


Instance: ../Instances/CKP_Classical_Instances/75/4_70_75
RKO: GRASP | 
Sol: 0.355 0.392 0.093 0.428 0.455 0.799 0.130 0.404 0.438 0.244 0.413 0.066 0.382 0.226 0.128 0.235 0.376 0.017 0.332 0.940 0.086 0.334 0.157 0.290 0.470 0.397 0.800 0.931 0.178 0.147 0.427 0.006 0.297 0.180 0.329 0.259 0.120 0.358 0.149 0.097 0.294 0.154 0.377 0.343 0.143 0.483 0.326 0.212 0.437 0.109 0.439 0.322 0.044 0.057 0.160 0.888 0.302 0.393 0.359 0.268 0.115 0.195 0.151 0.136 0.271 0.338 0.076 0.527 0.210 0.141 
ofv: -9473.000000
Best time: 5.952
Total time:10.369 


Instance: ../Instances/CKP_Classical_Instances/75/5_70_75
RKO: GRASP | 
Sol: 0.725 0.542 0.128 0.961 0.352 0.222 0.351 0.171 0.238 0.415 0.651 0.004 0.339 0.858 0.222 0.482 0.645 0.301 0.325 0.931 0.048 0.800 0.509 0.085 0.585 0.471 0.136 0.602 0.323 0.916 0.485 0.671 0.678 0.683 0.392 0.761 0.787 0.649 0.032 0.454 0.726 0.256 0.706 0.273 0.831 0.727 0.943 0.144 0.819 0.481 0.430 0.080 0.158 0.294 0.142 0.906 0.183 0.451 0.453 0.209 0.209 0.232 0.371 0.881 0.237 0.191 0.137 0.452 0.327 0.205 
ofv: -685535.000000
Best time: 6.306
Total time:11.006 


Instance: ../Instances/CKP_Classical_Instances/75/6_70_75
RKO: GRASP | 
Sol: 0.752 0.558 0.539 0.687 0.326 0.213 0.029 0.230 0.501 0.990 0.286 0.979 0.128 0.454 0.192 0.091 0.731 0.192 0.611 0.612 0.071 0.815 0.001 0.728 0.222 0.840 0.656 0.631 0.522 0.402 0.234 0.557 0.654 0.559 0.677 0.927 0.756 0.766 0.558 0.891 0.766 0.531 0.994 0.851 0.757 0.541 0.757 0.052 0.578 0.431 0.849 0.541 0.436 0.873 0.324 0.925 0.868 0.684 0.611 0.688 0.685 0.783 0.797 0.505 0.507 0.732 0.435 0.182 0.543 0.555 
ofv: -4404535.000000
Best time: 11.074
Total time:11.075 


Instance: ../Instances/CKP_Classical_Instances/75/7_70_75
RKO: GRASP | 
Sol: 0.891 0.065 0.110 0.153 0.434 0.210 0.088 0.335 0.236 0.255 0.433 0.134 0.350 0.000 0.295 0.071 0.038 0.281 0.491 0.176 0.794 0.954 0.419 0.160 0.109 0.483 0.117 0.054 0.295 0.211 0.538 0.004 0.084 0.284 0.415 0.228 0.426 0.034 0.139 0.397 0.267 0.330 0.435 0.251 0.439 0.258 0.130 0.481 0.337 0.309 0.203 0.441 0.411 0.450 0.080 0.751 0.107 0.020 0.029 0.408 0.086 0.421 0.202 0.466 0.460 0.012 0.092 0.295 0.003 0.212 
ofv: -5484.000000
Best time: 3.884
Total time:10.921 


Instance: ../Instances/CKP_Classical_Instances/75/8_70_75
RKO: GRASP | 
Sol: 0.384 0.378 0.130 0.450 0.090 0.132 0.069 0.356 0.436 0.282 0.289 0.297 0.444 0.071 0.332 0.908 0.155 0.402 0.177 0.289 0.083 0.803 0.047 0.101 0.540 0.340 0.445 0.356 0.485 0.012 0.165 0.389 0.066 0.008 0.195 0.164 0.239 0.244 0.350 0.220 0.092 0.182 0.299 0.380 0.303 0.464 0.066 0.486 0.485 0.139 0.413 0.439 0.544 0.340 0.372 0.230 0.036 0.411 0.677 0.391 0.000 0.018 0.163 0.330 0.585 0.044 0.340 0.346 0.450 0.011 
ofv: -9801.000000
Best time: 5.779
Total time:10.301 


Instance: ../Instances/CKP_Classical_Instances/75/9_70_75
RKO: GRASP | 
Sol: 0.074 0.408 0.245 0.637 0.304 0.752 0.111 0.210 0.440 0.656 0.881 0.682 0.220 0.439 0.983 0.260 0.726 0.813 0.945 0.441 0.716 0.715 0.280 0.666 0.385 0.129 0.792 0.809 0.099 0.275 0.178 0.866 0.335 0.457 0.127 0.930 0.945 0.554 0.312 0.679 0.611 0.849 0.064 0.718 0.090 0.775 0.961 0.035 0.081 0.461 0.244 0.610 0.535 0.189 0.591 0.716 0.789 0.491 0.626 0.858 0.554 0.475 0.906 0.787 0.078 0.769 0.169 0.641 0.902 0.059 
ofv: -1922690.000000
Best time: 9.952
Total time:11.976 


Instance: ../Instances/CKP_Classical_Instances/75/10_70_75
RKO: GRASP | 
Sol: 0.749 0.854 0.900 0.413 0.784 0.547 0.098 0.592 0.736 0.958 0.783 0.596 0.242 0.686 0.717 0.720 0.007 0.623 0.363 0.357 0.729 0.631 0.667 0.997 0.284 0.784 0.934 0.363 0.928 0.674 0.021 0.162 0.887 0.862 0.533 0.714 0.609 0.667 0.012 0.820 0.540 0.638 0.827 0.591 0.655 0.623 0.513 0.909 0.606 0.582 0.550 0.254 0.661 0.679 0.965 0.509 0.859 0.569 0.949 0.245 0.725 0.785 0.659 0.595 0.215 0.896 0.748 0.850 0.285 0.587 
ofv: -6245380.000000
Best time: 11.898
Total time:11.898 


Instance: ../Instances/CKP_Classical_Instances/100/1_70_100
RKO: GRASP | 
Sol: 0.504 0.915 0.809 0.924 0.598 0.554 0.655 0.542 0.008 0.392 0.904 0.308 0.732 0.237 0.733 0.830 0.762 0.693 0.097 0.793 0.836 0.960 0.641 0.551 0.138 0.974 0.615 0.595 0.726 0.124 0.978 0.836 0.447 0.850 0.780 0.726 0.536 0.507 0.930 0.731 0.085 0.576 0.394 0.590 0.034 0.457 0.234 0.798 0.207 0.063 0.814 0.969 0.542 0.999 0.615 0.845 0.534 0.791 0.685 0.290 0.621 0.540 0.853 0.416 0.292 0.694 0.730 0.687 0.780 0.815 
ofv: -6993041.000000
Best time: 5.418
Total time:10.104 


Instance: ../Instances/CKP_Classical_Instances/100/2_70_100
RKO: GRASP | 
Sol: 0.599 0.007 0.369 0.265 0.271 0.781 0.045 0.135 0.144 0.550 0.570 0.190 0.316 0.567 0.907 0.283 0.313 0.829 0.927 0.322 0.110 0.086 0.055 0.085 0.281 0.953 0.466 0.728 0.490 0.393 0.448 0.477 0.739 0.466 0.405 0.131 0.347 0.209 0.929 0.007 0.302 0.853 0.291 0.150 0.796 0.334 1.000 0.859 0.311 0.663 0.568 0.420 0.338 0.136 0.059 0.499 0.392 0.060 0.579 0.815 0.062 0.392 0.879 0.794 0.231 0.035 0.257 0.078 0.207 0.407 
ofv: -532464.000000
Best time: 11.114
Total time:11.114 


Instance: ../Instances/CKP_Classical_Instances/100/3_70_100
RKO: GRASP | 
Sol: 0.759 0.416 0.752 0.334 0.517 0.294 0.477 0.162 0.172 0.656 0.251 0.008 0.307 0.811 0.311 0.293 0.349 0.582 0.871 0.215 0.060 0.599 0.101 0.101 0.519 0.295 0.924 0.136 0.029 0.994 0.007 0.534 0.318 0.142 0.302 0.104 0.376 0.068 0.036 0.401 0.262 0.355 0.973 0.139 0.968 0.117 0.450 0.041 0.701 0.079 0.880 0.221 0.325 0.491 0.027 0.373 0.352 0.261 0.137 0.107 0.894 0.943 0.258 0.332 0.789 0.355 0.481 0.739 0.385 0.103 
ofv: -400556.000000
Best time: 5.962
Total time:10.799 


Instance: ../Instances/CKP_Classical_Instances/100/4_70_100
RKO: GRASP | 
Sol: 0.247 0.028 0.574 0.438 0.883 0.299 0.514 0.728 0.949 0.219 0.097 0.015 0.084 0.242 0.766 0.058 0.168 0.306 0.796 0.456 0.651 0.653 0.961 0.745 0.300 0.375 0.163 0.744 0.054 0.677 0.529 0.648 0.781 0.674 0.608 0.553 0.640 0.325 0.509 0.641 0.961 0.513 0.052 0.450 0.313 0.471 0.876 0.354 0.286 0.512 0.545 0.403 0.096 0.704 0.722 0.124 0.382 0.394 0.119 0.707 0.699 0.295 0.158 0.594 0.623 0.275 0.267 0.521 0.379 0.038 
ofv: -1942410.000000
Best time: 12.346
Total time:12.346 


Instance: ../Instances/CKP_Classical_Instances/100/5_70_100
RKO: GRASP | 
Sol: 0.775 0.179 0.083 0.396 0.364 0.369 0.324 0.264 0.081 0.477 0.233 0.737 0.373 0.280 0.224 0.474 0.158 0.192 0.917 0.233 0.467 0.926 0.232 0.168 0.435 0.427 0.092 0.621 0.433 0.249 0.385 0.587 0.006 0.857 0.384 0.337 0.359 0.354 0.981 0.112 0.240 0.076 0.462 0.092 0.380 0.183 0.752 0.866 0.408 0.458 0.357 0.496 0.124 0.248 0.462 0.432 0.699 0.547 0.411 0.275 0.242 0.730 0.178 0.250 0.195 0.653 0.485 0.194 0.283 0.180 
ofv: -136312.000000
Best time: 8.432
Total time:10.670 


Instance: ../Instances/CKP_Classical_Instances/100/6_70_100
RKO: GRASP | 
Sol: 0.025 0.422 0.160 0.154 0.307 0.274 0.018 0.456 0.987 0.449 0.711 0.018 0.206 0.278 0.250 0.322 0.363 0.483 0.084 0.297 0.016 0.001 0.351 0.399 0.619 0.338 0.350 0.264 0.193 0.050 0.428 0.431 0.391 0.183 0.334 0.273 0.230 0.137 0.298 0.437 0.055 0.407 0.495 0.176 0.328 0.013 0.932 0.375 0.304 0.829 0.225 0.030 0.340 0.693 0.130 0.330 0.151 0.022 0.062 0.314 0.446 0.930 0.253 0.468 0.464 0.188 0.155 0.212 0.267 0.295 
ofv: -17961.000000
Best time: 14.008
Total time:14.008 


Instance: ../Instances/CKP_Classical_Instances/100/7_70_100
RKO: GRASP | 
Sol: 0.100 0.434 0.654 0.884 0.128 0.420 0.554 0.923 0.228 0.185 0.918 0.505 0.761 0.364 0.076 0.655 0.118 0.851 0.765 0.440 0.998 0.889 0.744 0.316 0.490 0.948 0.289 0.409 0.863 0.182 0.955 0.108 0.619 0.804 0.263 0.386 0.212 0.701 0.145 0.227 0.337 0.181 0.814 0.209 0.127 0.177 0.052 0.120 0.755 0.725 0.153 0.964 0.395 0.194 0.892 0.543 0.495 0.296 0.995 0.922 0.221 0.815 0.119 0.161 0.183 0.650 0.484 0.635 0.646 0.698 
ofv: -1634772.000000
Best time: 11.180
Total time:11.183 


Instance: ../Instances/CKP_Classical_Instances/100/8_70_100
RKO: GRASP | 
Sol: 0.172 0.516 0.247 0.295 0.410 0.711 0.070 0.105 0.459 0.491 0.555 0.360 0.389 0.424 0.295 0.315 0.688 0.304 0.456 0.893 0.650 0.252 0.295 0.650 0.144 0.518 0.207 0.455 0.053 0.363 0.322 0.081 0.811 0.062 0.499 0.324 0.215 0.051 0.618 0.109 0.507 0.313 0.416 0.741 0.993 0.202 0.466 0.091 0.599 0.716 0.401 0.294 0.343 0.369 0.307 0.662 0.129 0.230 0.181 0.324 0.940 0.638 0.128 0.480 0.167 0.373 0.701 0.211 0.825 0.483 
ofv: -400390.000000
Best time: 12.337
Total time:12.337 


Instance: ../Instances/CKP_Classical_Instances/100/9_70_100
RKO: GRASP | 
Sol: 0.801 0.515 0.667 0.729 0.562 0.501 0.510 0.529 0.998 0.775 0.071 0.689 0.509 0.890 0.522 0.505 0.533 0.710 0.872 0.546 0.541 0.769 0.633 0.769 0.942 0.787 0.753 0.587 0.501 0.809 0.631 0.660 0.683 0.745 0.703 0.789 0.218 0.791 0.856 0.651 0.544 0.798 0.874 0.505 0.606 0.505 0.890 0.521 0.738 0.514 0.553 0.567 0.735 0.562 0.560 0.530 0.833 0.982 0.936 0.609 0.520 0.825 0.584 0.933 0.684 0.997 0.871 0.632 0.992 0.669 
ofv: -15446837.000000
Best time: 3.946
Total time:11.020 


Instance: ../Instances/CKP_Classical_Instances/100/10_70_100
RKO: GRASP | 
Sol: 0.719 0.042 0.589 0.670 0.762 0.575 0.725 0.972 0.807 0.823 0.760 0.989 0.869 0.906 0.869 0.425 0.069 0.748 0.313 0.020 0.474 0.196 0.781 0.413 0.022 0.603 0.275 0.480 0.229 0.309 0.727 0.657 0.700 0.397 0.447 0.717 0.023 0.858 0.993 0.744 0.451 0.627 0.085 0.253 0.639 0.894 0.018 0.370 0.990 0.963 0.211 0.067 0.750 0.473 0.287 0.203 0.115 0.993 0.351 0.733 0.217 0.158 0.411 0.587 0.285 0.895 0.820 0.230 0.538 0.347 
ofv: -2319693.000000
Best time: 6.266
Total time:10.857 


Instance: ../Instances/CKP_Classical_Instances/25/1_70_25
RKO: IPR | 
Sol: 0.566 0.742 0.897 0.070 0.642 0.008 0.410 0.063 0.677 0.994 0.420 0.951 0.455 0.944 0.874 0.358 0.071 0.961 0.828 0.273 0.584 0.960 0.650 0.650 0.588 0.561 0.941 0.275 0.938 0.421 0.481 0.401 0.943 0.556 0.109 0.810 0.602 0.283 0.141 0.708 0.330 0.738 0.181 0.640 0.298 0.757 0.604 0.700 0.902 0.350 0.532 0.212 0.956 0.575 0.077 0.133 0.690 0.559 0.459 0.556 0.922 0.937 0.295 0.886 0.948 0.580 0.989 0.751 0.201 0.949 
ofv: -1052937.000000
Best time: 1.721
Total time:10.045 


Instance: ../Instances/CKP_Classical_Instances/25/2_70_25
RKO: IPR | 
Sol: 0.671 0.162 0.720 0.634 0.186 0.817 0.932 0.876 0.276 0.499 0.131 0.697 0.685 0.699 0.607 0.841 0.585 0.495 0.525 0.780 0.888 0.120 0.624 0.397 0.687 0.631 0.719 0.767 0.536 0.875 0.374 0.922 0.818 0.152 0.906 0.227 0.233 0.742 0.223 0.727 0.676 0.851 0.460 0.959 0.795 0.655 0.696 0.915 0.505 0.759 0.406 0.997 0.849 0.737 0.748 0.821 0.705 0.563 0.827 0.996 0.605 0.809 0.093 0.408 0.966 0.583 0.622 0.957 0.238 0.836 
ofv: -1734019.000000
Best time: 0.995
Total time:10.023 


Instance: ../Instances/CKP_Classical_Instances/25/3_70_25
RKO: IPR | 
Sol: 0.510 0.899 0.386 0.991 0.569 0.566 0.606 0.904 0.194 0.778 0.817 0.927 0.955 0.366 0.080 0.139 0.455 0.076 0.608 0.949 0.307 0.031 0.567 0.443 0.749 0.307 0.792 0.639 0.740 0.297 0.422 0.016 0.752 0.436 0.198 0.680 0.981 0.260 0.146 0.992 0.755 0.606 0.499 0.483 0.268 0.415 0.045 0.752 1.000 0.981 0.800 0.746 0.952 0.920 0.066 0.715 0.234 0.278 0.654 0.039 0.045 0.065 0.361 0.178 0.278 0.051 0.489 0.976 0.186 0.591 
ofv: -530690.000000
Best time: 0.987
Total time:10.030 


Instance: ../Instances/CKP_Classical_Instances/25/4_70_25
RKO: IPR | 
Sol: 0.800 0.566 0.837 0.256 0.768 0.973 0.569 0.097 0.850 0.505 0.611 0.525 0.601 0.854 0.798 0.755 0.151 0.036 0.805 0.959 0.624 0.631 0.712 0.762 0.281 0.908 0.578 0.104 0.688 0.085 0.921 0.740 0.836 0.896 0.601 0.496 0.695 0.102 0.328 0.581 0.740 0.805 0.906 0.828 0.502 0.265 0.167 0.723 0.580 0.348 0.999 0.811 0.910 0.676 0.883 0.001 0.663 0.647 0.164 0.353 0.902 0.719 0.719 0.959 0.886 0.751 0.583 0.685 0.600 0.328 
ofv: -1833559.000000
Best time: 1.091
Total time:10.028 


Instance: ../Instances/CKP_Classical_Instances/25/5_70_25
RKO: IPR | 
Sol: 0.892 0.961 0.991 0.141 0.760 0.818 0.585 0.929 0.533 0.804 0.163 0.790 0.510 0.885 0.165 0.833 0.687 0.444 0.756 0.742 0.731 0.863 0.845 0.022 0.051 0.926 0.305 0.642 0.579 0.856 0.300 0.904 0.726 0.730 0.488 0.703 0.821 0.753 0.400 0.998 0.338 0.925 0.034 0.660 0.557 0.761 0.839 0.818 0.928 0.409 0.551 0.925 0.677 0.923 0.982 0.170 0.607 0.360 0.884 0.711 0.585 0.328 0.262 0.613 0.604 0.330 0.944 0.931 0.537 0.649 
ofv: -1740672.000000
Best time: 0.750
Total time:10.034 


Instance: ../Instances/CKP_Classical_Instances/25/6_70_25
RKO: IPR | 
Sol: 0.414 0.951 0.602 0.148 0.806 0.856 0.655 0.090 0.953 0.631 0.614 0.762 0.776 0.920 0.945 0.573 0.574 0.636 0.026 0.891 0.713 0.911 0.549 0.482 0.840 0.414 0.520 0.789 0.868 0.987 0.742 0.243 0.605 0.785 0.545 0.932 0.930 0.141 0.114 0.273 0.527 0.764 0.604 0.672 0.055 0.642 0.304 0.700 0.704 0.648 0.013 0.383 0.874 0.506 0.821 0.558 0.312 0.455 0.887 0.937 0.568 1.000 0.873 0.552 0.566 0.806 0.226 0.738 0.941 0.376 
ofv: -1755157.000000
Best time: 1.664
Total time:10.037 


Instance: ../Instances/CKP_Classical_Instances/25/7_70_25
RKO: IPR | 
Sol: 0.081 0.651 0.946 0.034 0.624 0.629 0.000 0.767 0.645 0.040 0.603 0.717 0.087 0.735 0.505 0.313 0.845 0.994 0.503 0.753 0.528 0.583 0.682 0.889 0.414 0.786 0.858 0.737 0.791 0.781 0.986 0.569 0.399 0.411 0.072 0.591 0.057 0.790 0.966 0.515 0.629 0.912 0.684 0.016 0.913 0.340 0.930 0.634 0.888 0.829 0.898 0.071 0.173 0.509 0.323 0.996 0.898 0.784 0.897 0.598 0.064 0.803 0.609 0.783 0.544 0.334 0.731 0.780 0.959 0.711 
ofv: -1751679.000000
Best time: 0.730
Total time:10.008 


Instance: ../Instances/CKP_Classical_Instances/25/8_70_25
RKO: IPR | 
Sol: 0.222 0.010 0.749 0.353 0.995 0.319 0.067 0.086 0.321 0.082 0.756 0.891 0.834 0.470 0.250 0.489 0.027 0.664 0.755 0.958 0.571 0.852 0.416 0.422 0.195 0.049 0.500 0.531 0.996 0.245 0.116 0.665 0.714 0.528 0.013 0.529 0.335 0.495 0.218 0.712 0.386 0.477 0.537 0.560 0.982 0.154 0.006 0.974 0.398 0.000 0.291 0.152 0.146 0.758 0.808 0.378 0.279 0.799 0.345 0.699 0.246 0.964 0.689 0.704 0.145 0.679 0.138 0.626 0.142 0.238 
ofv: -332281.000000
Best time: 1.491
Total time:10.016 


Instance: ../Instances/CKP_Classical_Instances/25/9_70_25
RKO: IPR | 
Sol: 0.042 0.603 0.962 0.570 0.544 0.405 0.395 0.550 0.972 0.282 0.213 0.063 0.914 0.443 0.133 0.135 0.243 0.265 0.150 0.702 0.146 0.948 0.253 0.439 0.080 0.394 0.455 0.382 0.028 0.339 0.367 0.836 0.166 0.216 0.547 0.754 0.585 0.619 0.055 0.150 0.072 0.268 0.319 0.895 0.071 0.306 0.214 0.993 0.012 0.413 0.136 0.858 0.825 0.283 0.176 0.007 0.132 0.124 0.978 0.163 0.379 0.193 0.160 0.485 0.144 0.161 0.452 0.386 0.444 0.554 
ofv: -96184.000000
Best time: 0.475
Total time:10.029 


Instance: ../Instances/CKP_Classical_Instances/25/10_70_25
RKO: IPR | 
Sol: 0.898 0.717 0.833 0.741 0.689 0.197 0.639 0.526 0.565 0.710 0.904 0.947 0.256 0.848 0.661 0.678 0.429 0.549 0.923 0.351 0.560 0.487 0.608 0.607 0.899 0.723 0.568 0.035 0.904 0.794 0.464 0.396 0.885 0.722 0.743 0.674 0.619 0.760 0.955 0.664 0.040 0.692 0.623 0.110 0.933 0.846 0.931 0.626 0.580 0.560 0.823 0.123 0.897 0.830 0.523 0.967 0.688 0.419 0.951 0.752 0.709 0.638 0.832 0.970 0.527 0.684 0.194 0.653 0.194 0.867 
ofv: -2143100.000000
Best time: 0.976
Total time:10.022 


Instance: ../Instances/CKP_Classical_Instances/50/1_70_50
RKO: IPR | 
Sol: 0.096 0.523 0.915 0.909 0.685 0.421 0.588 0.601 0.193 0.808 0.022 0.802 0.574 0.473 0.635 0.935 0.095 0.973 0.069 0.508 0.510 0.535 0.083 0.850 0.158 0.913 0.733 0.842 0.702 0.257 0.897 0.555 0.501 0.819 0.217 0.753 0.658 0.997 0.844 0.693 0.578 0.262 0.818 0.182 0.856 0.412 0.371 0.653 0.776 0.146 0.625 0.539 0.828 0.834 0.661 0.869 0.578 0.348 0.690 0.660 0.023 0.529 0.720 0.042 0.713 0.578 0.723 0.749 0.323 0.529 
ofv: -3070382.000000
Best time: 0.249
Total time:10.009 


Instance: ../Instances/CKP_Classical_Instances/50/2_70_50
RKO: IPR | 
Sol: 0.498 0.269 0.095 0.389 0.923 0.264 0.338 0.531 0.154 0.051 0.496 0.400 0.755 0.061 0.306 0.788 0.267 0.538 0.190 0.971 0.708 0.107 0.824 0.028 0.152 0.215 0.175 0.013 0.113 0.518 0.218 0.418 0.245 0.116 0.439 0.011 0.151 0.123 0.482 0.113 0.428 0.514 0.275 0.065 0.320 0.588 0.381 0.397 0.040 0.040 0.191 0.627 0.175 0.689 0.361 0.705 0.321 0.444 0.358 0.327 0.194 0.736 0.375 0.272 0.097 0.090 0.810 0.625 0.115 0.748 
ofv: -143792.000000
Best time: 0.580
Total time:10.016 


Instance: ../Instances/CKP_Classical_Instances/50/3_70_50
RKO: IPR | 
Sol: 0.020 0.806 0.768 0.807 0.902 0.552 0.932 0.537 0.177 0.484 0.897 0.121 0.838 0.737 0.535 0.141 0.854 0.391 0.833 0.591 0.754 0.698 0.114 0.648 0.484 0.914 0.106 0.683 0.879 0.206 0.580 0.992 0.570 0.932 0.817 0.588 0.378 0.762 0.667 0.127 0.951 0.629 0.505 0.420 0.070 0.507 0.696 0.266 0.748 0.822 0.199 0.184 0.678 0.749 0.542 0.518 0.272 0.609 0.947 0.217 0.913 0.584 0.128 0.699 0.119 0.907 0.345 0.958 0.751 0.524 
ofv: -2675498.000000
Best time: 1.405
Total time:10.022 


Instance: ../Instances/CKP_Classical_Instances/50/4_70_50
RKO: IPR | 
Sol: 0.208 0.530 0.017 0.777 0.897 0.989 0.025 0.143 0.148 0.819 0.294 0.296 0.325 0.387 0.394 0.205 0.022 0.963 0.307 0.588 0.609 0.466 0.050 0.485 0.549 0.604 0.331 0.203 0.331 0.229 0.291 0.493 0.458 0.871 0.114 0.008 0.002 0.236 0.175 0.990 0.373 0.119 0.025 0.480 0.171 0.643 0.409 0.150 0.190 0.317 0.003 0.622 0.674 0.344 0.028 0.431 0.883 0.704 0.448 0.032 0.367 0.311 0.257 0.801 0.022 0.217 0.852 0.193 0.004 0.160 
ofv: 38932767.000000
Best time: 0.553
Total time:10.124 


Instance: ../Instances/CKP_Classical_Instances/50/5_70_50
RKO: IPR | 
Sol: 0.658 0.487 0.599 0.889 0.727 0.827 0.818 0.654 0.170 0.817 0.640 0.519 0.995 0.234 0.959 0.186 0.543 0.610 0.205 0.534 0.380 0.675 0.573 0.812 0.880 0.595 0.707 0.145 0.787 0.964 0.953 0.619 0.918 0.242 0.985 0.814 0.909 0.220 0.940 0.759 0.440 0.703 0.927 0.739 0.941 0.927 0.972 0.167 0.296 0.801 0.961 0.850 0.773 0.582 0.560 0.903 0.597 0.766 0.224 0.758 0.962 0.617 0.774 0.989 0.296 0.701 0.962 0.698 0.992 0.747 
ofv: -4280474.000000
Best time: 0.406
Total time:10.008 


Instance: ../Instances/CKP_Classical_Instances/50/6_70_50
RKO: IPR | 
Sol: 0.051 0.477 0.997 0.807 0.091 0.130 0.102 0.246 0.830 0.362 0.974 0.761 0.849 0.913 0.744 0.786 0.189 0.307 0.584 0.393 0.831 0.733 0.702 0.354 0.729 0.867 0.474 0.208 0.522 0.892 0.810 0.242 0.464 0.930 0.620 0.013 0.612 0.714 0.045 0.305 0.875 0.984 0.685 0.749 0.759 0.494 0.063 0.597 0.549 0.565 0.362 0.933 0.659 0.192 0.295 0.520 0.064 0.378 0.599 0.564 0.958 0.272 0.958 0.875 0.724 0.014 0.619 0.485 0.662 0.055 
ofv: -1687861.000000
Best time: 0.525
Total time:10.013 


Instance: ../Instances/CKP_Classical_Instances/50/7_70_50
RKO: IPR | 
Sol: 0.225 0.747 0.895 0.615 0.831 0.365 0.683 0.273 0.569 0.546 0.361 0.854 0.818 0.390 0.284 0.363 0.756 0.826 0.592 0.637 0.570 0.250 0.646 0.893 0.862 0.813 0.563 0.510 0.987 0.719 0.636 0.927 0.586 0.963 0.548 0.392 0.623 0.441 0.841 0.807 0.664 0.869 0.654 0.007 0.764 0.730 0.473 0.230 0.990 0.780 0.629 0.740 0.294 0.599 0.826 0.885 0.756 0.964 0.308 0.709 0.820 0.767 0.856 0.838 0.802 0.106 0.643 0.620 0.612 0.770 
ofv: -3887042.000000
Best time: 0.741
Total time:10.012 


Instance: ../Instances/CKP_Classical_Instances/50/8_70_50
RKO: IPR | 
Sol: 0.795 0.190 0.807 0.173 0.969 0.284 0.838 0.622 0.998 0.399 0.572 0.954 0.353 0.896 0.581 0.739 0.556 0.543 0.525 0.865 0.108 0.861 0.894 0.911 0.668 0.221 0.099 0.909 0.775 0.877 0.554 0.701 0.987 0.762 0.342 0.784 0.899 0.640 0.505 0.623 0.470 0.258 0.783 0.532 0.898 0.584 0.532 0.610 0.729 0.783 0.740 0.435 0.994 0.379 0.660 0.106 0.886 0.860 0.612 0.366 0.724 0.091 0.647 0.377 0.211 0.503 0.714 0.911 0.672 0.517 
ofv: -3477419.000000
Best time: 0.910
Total time:10.016 


Instance: ../Instances/CKP_Classical_Instances/50/9_70_50
RKO: IPR | 
Sol: 0.836 0.670 0.654 0.573 0.763 0.261 0.489 0.836 0.598 0.602 0.778 0.828 0.513 0.511 0.631 0.842 0.390 0.642 0.639 0.504 0.643 0.768 0.055 0.412 0.649 0.695 0.207 0.739 0.876 0.627 0.390 0.673 0.812 0.684 0.308 0.594 0.778 0.902 0.892 0.541 0.236 0.618 0.106 0.766 0.984 0.894 0.565 0.604 0.451 0.820 0.486 0.937 0.591 0.878 0.237 0.902 0.844 0.716 0.762 0.633 0.753 0.838 0.896 0.737 0.598 0.502 0.959 0.052 0.960 0.686 
ofv: -4294696.000000
Best time: 0.483
Total time:10.022 


Instance: ../Instances/CKP_Classical_Instances/50/10_70_50
RKO: IPR | 
Sol: 0.797 0.530 0.655 0.815 0.119 0.444 0.547 0.845 0.510 0.785 0.252 0.540 0.569 0.934 0.439 0.873 0.872 0.313 0.623 0.346 0.592 0.689 0.705 0.507 0.371 0.605 0.195 0.667 0.754 0.092 0.723 0.982 0.565 0.079 0.813 0.066 0.552 0.675 0.913 0.748 0.536 0.065 0.115 0.676 0.575 0.766 0.741 0.407 0.523 0.937 0.561 0.057 0.891 0.768 0.917 0.466 0.938 0.177 0.789 0.950 0.738 0.739 0.493 0.909 0.092 0.833 0.779 0.569 0.737 0.935 
ofv: -3236765.000000
Best time: 0.624
Total time:10.027 


Instance: ../Instances/CKP_Classical_Instances/75/1_70_75
RKO: IPR | 
Sol: 0.059 0.505 0.698 0.915 0.901 0.827 0.515 0.523 0.631 0.612 0.604 0.937 0.160 0.047 0.883 0.737 0.765 0.674 0.586 0.898 0.922 0.135 0.798 0.711 0.626 0.932 0.961 0.596 0.770 0.474 0.683 0.607 0.713 0.833 0.495 0.054 0.742 0.936 0.008 0.778 0.563 0.867 0.696 0.983 0.234 0.563 0.839 0.888 0.779 0.535 0.650 0.015 0.506 0.885 0.868 0.204 0.624 0.950 0.410 0.457 0.588 0.525 0.615 0.792 0.586 0.095 0.622 0.712 0.655 0.790 
ofv: -6390499.000000
Best time: 0.621
Total time:10.018 


Instance: ../Instances/CKP_Classical_Instances/75/2_70_75
RKO: IPR | 
Sol: 0.063 0.319 0.235 0.873 0.526 0.793 0.195 0.570 0.791 0.024 0.571 0.545 0.826 0.971 0.623 0.827 0.478 0.108 0.769 0.797 0.698 0.914 0.571 0.113 0.124 0.286 0.837 0.185 0.585 0.441 0.582 0.603 0.751 0.084 0.668 0.640 0.665 0.736 0.983 0.140 0.749 0.884 0.667 0.605 0.542 0.117 0.676 0.715 0.314 0.639 0.827 0.760 0.944 0.943 0.308 0.591 0.080 0.682 0.464 0.744 0.971 0.628 0.783 0.453 0.970 0.329 0.588 0.778 0.819 0.807 
ofv: -4308751.000000
Best time: 1.348
Total time:10.009 


Instance: ../Instances/CKP_Classical_Instances/75/3_70_75
RKO: IPR | 
Sol: 0.521 0.536 0.239 0.964 0.545 0.390 0.964 0.007 0.745 0.827 0.620 0.557 0.792 0.518 0.673 0.136 0.655 0.461 0.830 0.521 0.934 0.917 0.676 0.896 0.824 0.684 0.801 0.049 0.125 0.441 0.611 0.797 0.787 0.715 0.827 0.782 0.574 0.874 0.084 0.583 0.878 0.493 0.167 0.317 0.721 0.765 0.505 0.884 0.195 0.963 0.651 0.918 0.065 0.177 0.966 0.962 0.739 0.862 0.734 0.845 0.693 0.294 0.009 0.869 0.853 0.210 0.988 0.704 0.902 0.480 
ofv: -4834115.000000
Best time: 0.687
Total time:10.021 


Instance: ../Instances/CKP_Classical_Instances/75/4_70_75
RKO: IPR | 
Sol: 0.005 0.922 0.893 0.304 0.093 0.713 0.142 0.963 0.520 0.114 0.222 0.447 0.090 0.436 0.550 0.146 0.488 0.492 0.963 0.464 0.378 0.133 0.149 0.474 0.139 0.101 0.334 0.245 0.180 0.289 0.716 0.430 0.371 0.292 0.528 0.431 0.010 0.461 0.716 0.197 0.046 0.028 0.654 0.577 0.043 0.371 0.178 0.170 0.951 0.351 0.156 0.365 0.079 0.848 0.055 0.832 0.697 0.190 0.475 0.084 0.725 0.311 0.439 0.261 0.579 0.392 0.392 0.582 0.102 0.305 
ofv: 32363838.000000
Best time: 0.652
Total time:10.010 


Instance: ../Instances/CKP_Classical_Instances/75/5_70_75
RKO: IPR | 
Sol: 0.937 0.845 0.857 0.803 0.312 0.062 0.169 0.068 0.904 0.166 0.703 0.746 0.048 0.730 0.461 0.442 0.594 0.118 0.860 0.041 0.724 0.600 0.320 0.993 0.593 0.173 0.836 0.655 0.596 0.564 0.857 0.094 0.079 0.468 0.725 0.222 0.514 0.702 0.956 0.378 0.231 0.441 0.641 0.348 0.539 0.068 0.662 0.374 0.396 0.730 0.835 0.235 0.480 0.052 0.002 0.961 0.463 0.320 0.047 0.495 0.519 0.191 0.217 0.078 0.365 0.439 0.181 0.209 0.515 0.065 
ofv: -1069239.000000
Best time: 0.949
Total time:10.014 


Instance: ../Instances/CKP_Classical_Instances/75/6_70_75
RKO: IPR | 
Sol: 0.639 0.169 0.708 0.512 0.997 0.920 0.597 0.522 0.456 0.225 0.711 0.794 0.617 0.305 0.900 0.659 0.889 0.716 0.468 0.543 0.889 0.805 0.994 0.154 0.380 0.694 0.816 0.850 0.770 0.859 0.414 0.779 0.680 0.777 0.674 0.101 0.215 0.671 0.597 0.578 0.041 0.837 0.575 0.258 0.939 0.830 0.274 0.266 0.870 0.895 0.950 0.575 0.587 0.783 0.662 0.567 0.817 0.578 0.289 0.497 0.037 0.457 0.829 0.665 0.564 0.135 0.719 0.461 0.282 0.635 
ofv: -4295370.000000
Best time: 0.686
Total time:10.035 


Instance: ../Instances/CKP_Classical_Instances/75/7_70_75
RKO: IPR | 
Sol: 0.203 0.164 0.037 0.826 0.729 0.247 0.175 0.098 0.025 0.885 0.237 0.198 0.574 0.165 0.401 0.586 0.099 0.609 0.147 0.075 0.052 0.556 0.130 0.387 0.360 0.201 0.775 0.358 0.250 0.123 0.529 0.208 0.055 0.106 0.253 0.917 0.032 0.233 0.461 0.476 0.227 0.162 0.857 0.351 0.217 0.972 0.919 0.238 0.293 0.340 0.451 0.634 0.018 0.082 0.135 0.392 0.990 0.010 0.539 0.336 0.497 0.017 0.055 0.239 0.158 0.141 0.423 0.649 0.086 0.308 
ofv: 30433427.000000
Best time: 0.850
Total time:10.018 


Instance: ../Instances/CKP_Classical_Instances/75/8_70_75
RKO: IPR | 
Sol: 0.962 0.052 0.420 0.591 0.130 0.250 0.190 0.312 0.260 0.386 0.148 0.268 0.864 0.080 0.639 0.584 0.489 0.243 0.927 0.709 0.179 0.194 0.134 0.463 0.447 0.681 0.231 0.304 0.117 0.299 0.128 0.449 0.219 0.226 0.399 0.248 0.390 0.539 0.100 0.695 0.002 0.147 0.800 0.081 0.231 0.185 0.433 0.430 0.971 0.259 0.393 0.682 0.254 0.450 0.208 0.530 0.115 0.123 0.225 0.624 0.455 0.195 0.462 0.500 0.285 0.711 0.989 0.017 0.023 0.063 
ofv: 33499055.000000
Best time: 0.304
Total time:10.014 


Instance: ../Instances/CKP_Classical_Instances/75/9_70_75
RKO: IPR | 
Sol: 0.072 0.138 0.476 0.551 0.225 0.415 0.062 0.882 0.204 0.713 0.977 0.848 0.411 0.136 0.735 0.001 0.994 0.393 0.221 0.233 0.689 0.470 0.289 0.143 0.756 0.027 0.565 0.949 0.828 0.925 0.127 0.940 0.131 0.943 0.998 0.972 0.998 0.447 0.328 0.387 0.959 0.667 0.958 0.680 0.278 0.256 0.637 0.416 0.172 0.282 0.829 0.431 0.987 0.279 0.310 0.361 0.603 0.644 0.833 0.816 0.794 0.675 0.303 0.259 0.505 0.994 0.027 0.297 0.592 0.306 
ofv: -1387920.000000
Best time: 1.881
Total time:10.021 


Instance: ../Instances/CKP_Classical_Instances/75/10_70_75
RKO: IPR | 
Sol: 0.939 0.271 0.263 0.961 0.958 0.997 0.710 0.640 0.275 0.436 0.865 0.937 0.707 0.868 0.384 0.984 0.872 0.966 0.649 0.222 0.350 0.805 0.829 0.930 0.078 0.636 0.050 0.426 0.345 0.580 0.815 0.714 0.876 0.671 0.763 0.930 0.742 0.360 0.914 0.872 0.364 0.658 0.610 0.072 0.348 0.090 0.916 0.574 0.626 0.490 0.933 0.001 0.955 0.893 0.991 0.338 0.958 0.837 0.192 0.697 0.457 0.215 0.525 0.651 0.633 0.815 0.258 0.379 0.974 0.992 
ofv: -3553454.000000
Best time: 0.178
Total time:10.006 


Instance: ../Instances/CKP_Classical_Instances/100/1_70_100
RKO: IPR | 
Sol: 0.002 0.215 0.657 0.962 0.748 0.364 0.799 0.566 0.624 0.048 0.054 0.390 0.976 0.539 0.885 0.855 0.368 0.899 0.437 0.536 0.735 0.107 0.744 0.810 0.653 0.495 0.692 0.823 0.647 0.858 0.625 0.682 0.929 0.876 0.557 0.536 0.739 0.486 0.810 0.760 0.912 0.769 0.302 0.841 0.766 0.654 0.510 0.553 0.728 0.935 0.292 0.766 0.154 0.798 0.608 0.597 0.125 0.476 0.789 0.844 0.662 0.561 0.981 0.252 0.879 0.550 0.997 0.946 0.777 0.161 
ofv: -6879986.000000
Best time: 0.950
Total time:10.012 


Instance: ../Instances/CKP_Classical_Instances/100/2_70_100
RKO: IPR | 
Sol: 0.636 0.583 0.625 0.445 0.058 0.829 0.202 0.416 0.357 0.981 0.533 0.236 0.756 0.563 0.837 0.572 0.481 0.394 0.013 0.381 0.009 0.015 0.366 0.328 0.368 0.229 0.037 0.335 0.369 0.213 0.829 0.289 0.496 0.036 0.217 0.235 0.423 0.175 0.988 0.058 0.459 0.995 0.077 0.341 0.197 0.215 0.121 0.269 0.384 0.498 0.735 0.447 0.562 0.979 0.788 0.130 0.159 0.111 0.778 0.103 0.701 0.178 0.244 0.332 0.866 0.237 0.414 0.945 0.012 0.400 
ofv: -424937.000000
Best time: 1.002
Total time:10.020 


Instance: ../Instances/CKP_Classical_Instances/100/3_70_100
RKO: IPR | 
Sol: 0.529 0.084 0.000 0.355 0.031 0.390 0.008 0.031 0.284 0.148 0.563 0.466 0.314 0.227 0.060 0.797 0.448 0.121 0.863 0.410 0.952 0.297 0.588 0.027 0.357 0.010 0.973 0.665 0.498 0.906 0.411 0.750 0.211 0.775 0.065 0.060 0.058 0.821 0.456 0.342 0.560 0.216 0.703 0.370 0.102 0.793 0.205 0.193 0.245 0.376 0.370 0.189 0.242 0.328 0.664 0.307 0.232 0.948 0.641 0.114 0.126 0.161 0.972 0.233 0.367 0.652 0.400 0.116 0.677 0.475 
ofv: -440676.000000
Best time: 1.403
Total time:10.033 


Instance: ../Instances/CKP_Classical_Instances/100/4_70_100
RKO: IPR | 
Sol: 0.492 0.699 0.075 0.716 0.888 0.737 0.235 0.576 0.351 0.311 0.836 0.062 0.475 0.282 0.013 0.458 0.175 0.062 0.612 0.705 0.861 0.141 0.443 0.366 0.222 0.080 0.364 0.935 0.201 0.025 0.915 0.859 0.437 0.779 0.580 0.177 0.513 0.580 0.879 0.154 0.263 0.569 0.292 0.589 0.655 0.374 0.944 0.635 0.927 0.147 0.568 0.493 0.084 0.125 0.798 0.158 0.217 0.770 0.704 0.695 0.131 0.126 0.684 0.674 0.138 0.017 0.854 0.209 0.695 0.902 
ofv: -1729318.000000
Best time: 3.053
Total time:10.007 


Instance: ../Instances/CKP_Classical_Instances/100/5_70_100
RKO: IPR | 
Sol: 0.743 0.110 0.254 0.078 0.206 0.478 0.581 0.276 0.272 0.260 0.121 0.846 0.394 0.592 0.152 0.194 0.134 0.053 0.808 0.453 0.693 0.080 0.399 0.660 0.016 0.617 0.402 0.288 0.426 0.011 0.072 0.213 0.103 0.076 0.366 0.348 0.358 0.185 0.758 0.334 0.692 0.638 0.159 0.109 0.363 0.611 0.731 0.969 0.270 0.232 0.921 0.262 0.984 0.065 0.444 0.241 0.425 0.630 0.500 0.093 0.347 0.013 0.459 0.419 0.303 0.586 0.454 0.975 0.476 0.432 
ofv: 28129907.000000
Best time: 0.568
Total time:10.027 


Instance: ../Instances/CKP_Classical_Instances/100/6_70_100
RKO: IPR | 
Sol: 0.819 0.148 0.294 0.966 0.148 0.272 0.165 0.064 0.320 0.693 0.162 0.121 0.959 0.080 0.756 0.385 0.896 0.492 0.474 0.161 0.546 0.073 0.047 0.864 0.326 0.178 0.016 0.307 0.181 0.950 0.413 0.628 0.446 0.446 0.260 0.154 0.204 0.942 0.801 0.103 0.123 0.430 0.376 0.602 0.856 0.787 0.231 0.020 0.031 0.940 0.046 0.291 0.194 0.098 0.105 0.596 0.146 0.376 0.245 0.025 0.010 0.851 0.171 0.644 0.370 0.265 0.483 0.107 0.119 0.435 
ofv: 45095780.000000
Best time: 0.360
Total time:10.006 


Instance: ../Instances/CKP_Classical_Instances/100/7_70_100
RKO: IPR | 
Sol: 0.761 0.246 0.876 0.676 0.346 0.359 0.166 0.980 0.405 0.387 0.258 0.065 0.994 0.943 0.374 0.492 0.949 0.563 0.430 0.052 0.055 0.103 0.879 0.496 0.959 0.879 0.020 0.998 0.709 0.221 0.213 0.193 0.229 0.901 0.548 0.545 0.099 0.991 0.058 0.538 0.254 0.977 0.026 0.663 0.022 0.861 0.829 0.320 0.523 0.587 0.135 0.205 0.616 0.166 0.079 0.350 0.083 0.269 0.054 0.597 0.562 0.769 0.597 0.182 0.989 0.812 0.303 0.053 0.154 0.315 
ofv: -1409874.000000
Best time: 1.230
Total time:10.030 


Instance: ../Instances/CKP_Classical_Instances/100/8_70_100
RKO: IPR | 
Sol: 0.014 0.607 0.134 0.163 0.659 0.126 0.745 0.679 0.345 0.108 0.689 0.535 0.958 0.180 0.316 0.217 0.467 0.109 0.402 0.305 0.312 0.336 0.330 0.268 0.132 0.097 0.158 0.121 0.658 0.379 0.160 0.369 0.362 0.367 0.910 0.033 0.001 0.905 0.726 0.374 0.833 0.129 0.097 0.316 0.833 0.027 0.422 0.962 0.958 0.361 0.471 0.367 0.472 0.303 0.085 0.340 0.276 0.371 0.412 0.126 0.772 0.649 0.004 0.945 0.225 0.486 0.016 0.327 0.184 0.363 
ofv: -265681.000000
Best time: 1.426
Total time:10.032 


Instance: ../Instances/CKP_Classical_Instances/100/9_70_100
RKO: IPR | 
Sol: 0.093 0.803 0.453 0.639 0.523 0.992 0.977 0.987 0.624 0.878 0.566 0.611 0.336 0.394 0.211 0.991 0.225 0.552 0.921 0.921 0.702 0.859 0.126 0.409 0.658 0.583 0.636 0.487 0.529 0.952 0.510 0.727 0.692 0.331 0.647 0.214 0.957 0.306 0.592 0.950 0.423 0.666 0.676 0.869 0.218 0.509 0.562 0.584 0.753 0.722 0.669 0.770 0.643 0.732 0.326 0.887 0.618 0.595 0.782 0.166 0.065 0.818 0.967 0.568 0.290 0.154 0.785 0.538 0.603 0.902 
ofv: -6480957.000000
Best time: 0.541
Total time:10.034 


Instance: ../Instances/CKP_Classical_Instances/100/10_70_100
RKO: IPR | 
Sol: 0.244 0.311 0.687 0.319 0.234 0.549 0.481 0.275 0.281 0.793 0.927 0.833 0.769 0.873 0.930 0.629 0.279 0.059 0.865 0.069 0.950 0.705 0.741 0.853 0.883 0.554 0.200 0.279 0.113 0.067 0.535 0.663 0.681 0.649 0.349 0.531 0.372 0.654 0.497 0.360 0.509 0.528 0.108 0.065 0.790 0.203 0.836 0.030 0.230 0.647 0.051 0.164 0.647 0.205 0.439 0.216 0.331 0.842 0.418 0.884 0.417 0.696 0.034 0.072 0.183 0.595 0.643 0.774 0.544 0.054 
ofv: -2067754.000000
Best time: 3.165
Total time:10.014 
