

Instance: ../Instances/CKP_Classical_Instances/25/1_70_25
RKO: SA | 
Sol: 0.754 0.839 0.556 0.328 0.602 0.710 0.540 0.420 0.249 0.906 0.706 0.685 0.161 0.371 0.171 0.344 0.646 0.401 0.615 0.550 0.291 0.643 0.576 0.916 0.516 0.348 0.745 0.921 0.525 0.350 0.466 0.798 0.798 0.987 0.709 0.627 0.583 0.722 0.765 0.949 0.026 0.589 0.653 0.912 0.717 0.314 0.228 0.829 0.897 0.785 0.194 0.339 0.752 0.160 0.724 0.943 0.839 0.750 0.164 0.633 0.897 0.829 0.261 0.691 0.484 0.777 0.346 0.916 0.513 0.830 
ofv: -1365250.000000
Best time: 8.176
Total time:10.036 


Instance: ../Instances/CKP_Classical_Instances/25/2_70_25
RKO: SA | 
Sol: 0.542 0.530 0.577 0.660 0.658 0.084 0.553 0.800 0.676 0.467 0.557 0.930 0.997 0.901 0.782 0.426 0.860 0.618 0.671 0.673 0.524 0.088 0.917 0.717 0.876 0.525 0.819 0.413 0.731 0.847 0.970 0.962 0.312 0.668 0.967 0.688 0.125 0.998 0.878 0.772 0.654 0.642 0.656 0.846 0.863 0.653 0.257 0.512 0.916 0.805 0.733 0.598 0.892 0.815 0.962 0.351 0.871 0.324 0.682 0.829 0.640 0.695 0.706 0.630 0.888 0.746 0.768 0.556 0.849 0.570 
ofv: -2694645.000000
Best time: 7.935
Total time:10.104 


Instance: ../Instances/CKP_Classical_Instances/25/3_70_25
RKO: SA | 
Sol: 0.809 0.696 0.187 0.690 0.892 0.814 0.077 0.939 0.522 0.707 0.612 0.835 0.871 0.839 0.178 0.843 0.150 0.983 0.544 0.704 0.867 0.625 0.962 0.150 0.618 0.416 0.580 0.753 0.671 0.034 0.276 0.300 0.134 0.315 0.875 0.820 0.159 0.922 0.627 0.402 0.999 0.377 0.127 0.246 0.047 0.309 0.528 0.379 0.011 0.103 0.505 0.843 0.861 0.077 0.401 0.357 0.986 0.184 0.315 0.127 0.698 0.258 0.704 0.342 0.553 0.958 0.115 0.905 0.248 0.375 
ofv: -685604.000000
Best time: 9.223
Total time:10.357 


Instance: ../Instances/CKP_Classical_Instances/25/4_70_25
RKO: SA | 
Sol: 0.924 0.896 0.906 0.979 0.986 0.680 0.560 0.565 0.888 0.867 0.101 0.568 0.724 0.918 0.805 0.907 0.719 0.549 0.514 0.798 0.710 0.996 0.601 0.604 0.878 0.940 0.534 0.909 0.557 0.524 0.888 0.534 0.996 0.765 0.693 0.820 0.892 0.845 0.694 0.641 0.603 0.517 0.741 0.942 0.684 0.787 0.640 0.785 0.925 0.709 0.625 0.848 0.526 0.560 0.527 0.516 0.957 0.796 0.852 0.750 0.831 0.945 0.637 0.842 0.607 0.776 0.503 0.506 0.614 0.964 
ofv: -4043507.000000
Best time: 7.907
Total time:10.075 


Instance: ../Instances/CKP_Classical_Instances/25/5_70_25
RKO: SA | 
Sol: 0.864 0.931 0.921 0.959 0.768 0.661 0.028 0.895 0.639 0.708 0.300 0.585 0.825 0.941 0.597 0.995 0.897 0.684 0.573 0.890 0.447 0.550 0.101 0.773 0.726 0.688 0.792 0.735 0.456 0.563 0.124 0.824 0.041 0.727 0.753 0.964 0.485 0.439 0.974 0.994 0.939 0.614 0.517 0.087 0.788 0.591 0.857 0.081 0.602 0.791 0.677 0.512 0.514 0.614 0.733 0.580 0.832 0.856 0.595 0.928 0.642 0.753 0.013 0.528 0.734 0.503 0.619 0.593 0.524 0.662 
ofv: -2394884.000000
Best time: 7.449
Total time:10.124 


Instance: ../Instances/CKP_Classical_Instances/25/6_70_25
RKO: SA | 
Sol: 0.983 0.632 0.563 0.013 0.643 0.222 0.596 0.616 0.940 0.911 0.532 0.294 0.045 0.890 0.092 0.920 0.793 0.872 0.602 0.340 0.966 0.644 0.741 0.527 0.785 0.991 0.985 0.941 0.555 0.106 0.449 0.533 0.513 0.709 0.701 0.753 0.578 0.677 0.749 0.615 0.808 0.557 0.676 0.988 0.240 0.771 0.597 0.653 0.593 0.654 0.754 0.732 0.587 0.989 0.572 0.583 0.933 0.585 0.862 0.258 0.731 0.929 0.907 0.111 0.828 0.693 0.739 0.830 0.804 0.518 
ofv: -2539596.000000
Best time: 9.282
Total time:10.149 


Instance: ../Instances/CKP_Classical_Instances/25/7_70_25
RKO: SA | 
Sol: 0.603 0.990 0.509 0.728 0.706 0.092 0.548 0.957 0.779 0.826 0.632 0.663 0.728 0.435 0.943 0.141 0.777 0.675 0.934 0.833 0.721 0.966 0.847 0.669 0.589 0.839 0.646 0.672 0.523 0.946 0.906 0.805 0.341 0.676 0.732 0.102 0.729 0.799 0.692 0.814 0.717 0.163 0.619 0.521 0.706 0.989 0.705 0.813 0.581 0.756 0.538 0.547 0.947 0.349 0.615 0.229 0.564 0.928 0.227 0.827 0.586 0.519 0.704 0.563 0.945 0.790 0.152 0.913 0.624 0.536 
ofv: -2680092.000000
Best time: 9.250
Total time:10.103 


Instance: ../Instances/CKP_Classical_Instances/25/8_70_25
RKO: SA | 
Sol: 0.320 0.546 0.709 0.050 0.598 0.405 0.019 0.959 0.352 0.094 0.554 0.978 0.495 0.608 0.212 0.209 0.485 0.348 0.243 0.969 0.753 0.585 0.370 0.281 0.288 0.912 0.092 0.989 0.469 0.141 0.356 0.985 0.100 0.611 0.487 0.909 0.482 0.922 0.635 0.871 0.196 0.086 0.931 0.527 0.263 0.235 0.049 0.868 0.700 0.476 0.971 0.261 0.005 0.701 0.407 0.180 0.097 0.533 0.025 0.969 0.644 0.968 0.614 0.333 0.251 0.948 0.312 0.208 0.653 0.376 
ofv: -372379.000000
Best time: 9.791
Total time:10.144 


Instance: ../Instances/CKP_Classical_Instances/25/9_70_25
RKO: SA | 
Sol: 0.913 0.273 0.507 0.799 0.078 0.102 0.502 0.928 0.414 0.902 0.965 0.461 0.489 0.194 0.070 0.211 0.103 0.906 0.167 0.069 0.921 0.195 0.046 0.306 0.310 0.453 0.567 0.661 0.322 0.253 0.314 0.726 0.113 0.095 0.112 0.692 0.460 0.704 0.103 0.043 0.743 0.405 0.441 0.160 0.083 0.053 0.459 0.754 0.669 0.813 0.269 0.644 0.021 0.153 0.411 0.230 0.452 0.422 0.188 0.008 0.484 0.381 0.820 0.805 0.641 0.037 0.978 0.780 0.073 0.672 
ofv: -194824.000000
Best time: 9.442
Total time:10.267 


Instance: ../Instances/CKP_Classical_Instances/25/10_70_25
RKO: SA | 
Sol: 0.692 0.044 0.547 0.591 0.790 0.250 0.770 0.889 0.739 0.107 0.655 0.820 0.745 0.745 0.858 0.955 0.535 0.785 0.511 0.723 0.828 0.837 0.886 0.698 0.892 0.801 0.914 0.829 0.043 0.787 0.545 0.586 0.694 0.908 0.505 0.551 0.322 0.777 0.673 0.558 0.641 0.710 0.251 0.534 0.812 0.829 0.544 0.547 0.414 0.581 0.998 0.519 0.917 0.867 0.570 0.519 0.519 0.123 0.653 0.984 0.619 0.841 0.523 0.695 0.518 0.693 0.934 0.840 0.742 0.770 
ofv: -2974834.000000
Best time: 8.301
Total time:10.259 


Instance: ../Instances/CKP_Classical_Instances/50/1_70_50
RKO: SA | 
Sol: 0.951 0.849 0.787 0.064 0.560 0.997 0.764 0.348 0.675 0.638 0.836 0.709 0.436 0.197 0.703 0.915 0.906 0.821 0.802 0.585 0.633 0.639 0.793 0.541 0.779 0.636 0.908 0.502 0.564 0.886 0.606 0.305 0.878 0.956 0.592 0.972 0.946 0.383 0.534 0.925 0.681 0.977 0.816 0.953 0.784 0.877 0.173 0.689 0.286 0.849 0.154 0.825 0.711 0.742 0.514 0.887 0.695 0.629 0.706 0.950 0.101 0.572 0.828 0.949 0.625 0.802 0.409 0.167 0.842 0.166 
ofv: -4590536.000000
Best time: 5.297
Total time:10.092 


Instance: ../Instances/CKP_Classical_Instances/50/2_70_50
RKO: SA | 
Sol: 0.348 0.100 0.274 0.082 0.236 0.461 0.279 0.369 0.348 0.134 0.316 0.529 0.667 0.448 0.208 0.686 0.398 0.625 0.378 0.198 0.616 0.772 0.319 0.005 0.692 0.084 0.083 0.985 0.337 0.622 0.310 0.674 0.015 0.220 0.335 0.526 0.024 0.852 0.460 0.425 0.063 0.123 0.110 0.179 0.159 0.961 0.951 0.856 0.624 0.362 0.055 0.608 0.229 0.111 0.424 0.497 0.143 0.340 0.975 0.918 0.388 0.905 0.627 0.131 0.283 0.702 0.417 0.014 0.416 0.756 
ofv: -314476.000000
Best time: 6.152
Total time:10.248 


Instance: ../Instances/CKP_Classical_Instances/50/3_70_50
RKO: SA | 
Sol: 0.903 0.561 0.919 0.700 0.527 0.980 0.581 0.932 0.666 0.896 0.676 0.957 0.206 0.552 0.985 0.463 0.269 0.781 0.341 0.939 0.980 0.233 0.681 0.762 0.329 0.738 0.885 0.682 0.718 0.596 0.574 0.489 0.843 0.989 0.683 0.626 0.129 0.867 0.713 0.235 0.209 0.738 0.876 0.961 0.166 0.112 0.889 0.998 0.691 0.518 0.422 0.926 0.674 0.761 0.771 0.593 0.267 0.500 0.707 0.172 0.672 0.311 0.641 0.864 0.921 0.184 0.611 0.717 0.837 0.458 
ofv: -3444569.000000
Best time: 10.197
Total time:10.198 


Instance: ../Instances/CKP_Classical_Instances/50/4_70_50
RKO: SA | 
Sol: 0.149 0.718 0.382 0.490 0.982 0.434 0.485 0.472 0.298 0.207 0.277 0.194 0.457 0.036 0.314 0.788 0.176 0.000 0.289 0.429 0.209 0.390 0.030 0.265 0.182 0.442 0.004 0.359 0.247 0.373 0.022 0.483 0.178 0.227 0.925 0.483 0.205 0.444 0.225 0.998 0.229 0.551 0.204 0.292 0.110 0.398 0.270 0.264 0.414 0.279 0.308 0.478 0.236 0.377 0.243 0.137 0.202 0.254 0.474 0.088 0.464 0.119 0.255 0.496 0.305 0.470 0.080 0.127 0.419 0.435 
ofv: -5144.000000
Best time: 6.022
Total time:10.247 


Instance: ../Instances/CKP_Classical_Instances/50/5_70_50
RKO: SA | 
Sol: 0.542 0.611 0.202 0.803 0.596 0.928 0.929 0.283 0.815 0.830 0.881 0.830 0.890 0.928 0.613 0.830 0.721 0.679 0.542 0.743 0.810 0.570 0.638 0.555 0.864 0.717 0.528 0.798 0.896 0.611 0.957 0.721 0.672 0.789 0.638 0.798 0.719 0.655 0.520 0.738 0.378 0.975 0.890 0.559 0.861 0.652 0.203 0.596 0.944 0.810 0.671 0.869 0.904 0.681 0.897 0.703 0.764 0.701 0.979 0.638 0.672 0.648 0.896 0.944 0.904 0.764 0.689 0.715 0.608 0.803 
ofv: -7130111.000000
Best time: 6.685
Total time:10.236 


Instance: ../Instances/CKP_Classical_Instances/50/6_70_50
RKO: SA | 
Sol: 0.202 0.451 0.643 0.670 0.446 0.844 0.993 0.342 0.329 0.929 0.976 0.665 0.335 0.752 0.780 0.726 0.815 0.986 0.247 0.745 0.112 0.882 0.264 0.649 0.850 0.718 0.835 0.872 0.485 0.235 0.682 0.340 0.174 0.308 0.778 0.839 0.610 0.640 0.380 0.085 0.661 0.689 0.996 0.772 0.058 0.004 0.978 0.657 0.325 0.680 0.361 0.831 0.936 0.527 0.277 0.550 0.618 0.778 0.801 0.439 0.637 0.280 0.903 0.352 0.245 0.428 0.574 0.031 0.550 0.980 
ofv: -1926958.000000
Best time: 9.563
Total time:10.312 


Instance: ../Instances/CKP_Classical_Instances/50/7_70_50
RKO: SA | 
Sol: 0.960 0.603 0.844 0.510 0.845 0.354 0.831 0.977 0.690 0.790 0.727 0.567 0.870 0.946 0.700 0.758 0.881 0.942 0.770 0.758 0.644 0.561 0.847 0.769 0.636 0.646 0.660 0.821 0.547 0.666 0.948 0.583 0.516 0.514 0.591 0.935 0.943 0.902 0.580 0.651 0.521 0.684 0.538 0.642 0.598 0.611 0.643 0.965 0.779 0.724 0.652 0.993 0.898 0.563 0.997 0.654 0.798 0.567 0.980 0.722 0.950 0.508 0.774 0.718 0.648 0.576 0.933 0.584 0.600 0.760 
ofv: -8082857.000000
Best time: 1.347
Total time:10.206 


Instance: ../Instances/CKP_Classical_Instances/50/8_70_50
RKO: SA | 
Sol: 0.612 0.518 0.250 0.245 0.781 0.657 0.669 0.714 0.814 0.629 0.548 0.180 0.818 0.800 0.629 0.512 0.684 0.939 0.557 0.699 0.507 0.531 0.304 0.841 0.650 0.717 0.402 0.786 0.701 0.792 0.987 0.821 0.207 0.656 0.521 0.607 0.562 0.561 0.596 0.737 0.531 0.712 0.736 0.823 0.774 0.772 0.828 0.871 0.638 0.777 0.618 0.893 0.662 0.125 0.538 0.566 0.439 0.878 0.964 0.530 0.753 0.917 0.807 0.947 0.033 0.529 0.618 0.517 0.814 0.988 
ofv: -5633800.000000
Best time: 6.109
Total time:10.095 


Instance: ../Instances/CKP_Classical_Instances/50/9_70_50
RKO: SA | 
Sol: 0.829 0.716 0.981 0.958 0.836 0.688 0.793 0.701 0.696 0.774 0.731 0.763 0.709 0.887 0.544 0.765 0.551 0.875 0.868 0.971 0.918 0.620 0.845 0.988 0.419 0.652 0.709 0.749 0.760 0.916 0.845 0.702 0.706 0.964 0.959 0.708 0.711 0.808 0.542 0.451 0.644 0.899 0.681 0.522 0.776 0.549 0.568 0.750 0.583 0.429 0.429 0.992 0.930 0.545 0.836 0.905 0.946 0.964 0.504 0.883 0.636 0.839 0.905 0.543 0.855 0.674 0.800 0.638 0.978 0.649 
ofv: -7063797.000000
Best time: 7.111
Total time:10.083 


Instance: ../Instances/CKP_Classical_Instances/50/10_70_50
RKO: SA | 
Sol: 0.307 0.536 0.972 0.514 0.948 0.664 0.646 0.337 0.781 0.858 0.799 0.882 0.727 0.878 0.858 0.994 0.719 0.727 0.695 0.641 0.808 0.870 0.881 0.945 0.745 0.876 0.718 0.847 0.670 0.822 0.844 0.665 0.769 0.569 0.918 0.694 0.935 0.700 0.753 0.971 0.548 0.601 0.972 0.812 0.625 0.530 0.850 0.971 0.671 0.843 0.597 0.106 0.872 0.643 0.919 0.729 0.500 0.845 0.759 0.419 0.899 0.922 0.619 0.710 0.891 0.828 0.669 0.871 0.929 0.932 
ofv: -7108071.000000
Best time: 7.464
Total time:10.112 


Instance: ../Instances/CKP_Classical_Instances/75/1_70_75
RKO: SA | 
Sol: 0.790 0.243 0.786 0.726 0.923 0.542 0.867 0.467 0.529 0.610 0.726 0.576 0.783 0.732 0.770 0.868 0.739 0.519 0.693 0.350 0.661 0.966 0.578 0.910 0.622 0.539 0.509 0.923 0.513 0.997 0.914 0.839 0.700 0.200 0.889 0.527 0.854 0.977 0.974 0.844 0.475 0.687 0.712 0.547 0.803 0.674 0.970 0.811 0.951 0.864 0.896 0.504 0.813 0.886 0.561 0.731 0.848 0.647 0.970 0.511 0.906 0.668 0.947 0.761 0.907 0.846 0.859 0.916 0.515 0.240 
ofv: -9618911.000000
Best time: 4.715
Total time:10.322 


Instance: ../Instances/CKP_Classical_Instances/75/2_70_75
RKO: SA | 
Sol: 0.575 0.467 0.435 0.985 0.775 0.541 0.333 0.342 0.187 0.386 0.198 0.857 0.774 0.799 0.858 0.503 0.685 0.977 0.692 0.832 0.907 0.537 0.422 0.782 0.628 0.726 0.737 0.651 0.786 0.790 0.953 0.669 0.645 0.880 0.963 0.285 0.084 0.549 0.226 0.770 0.589 0.999 0.830 0.582 0.527 0.679 0.627 0.150 0.341 0.981 0.595 0.009 0.753 0.040 0.609 0.523 0.354 0.605 0.613 0.648 0.632 0.537 0.675 0.944 0.758 0.889 0.929 0.787 0.927 0.510 
ofv: -5758834.000000
Best time: 6.793
Total time:10.123 


Instance: ../Instances/CKP_Classical_Instances/75/3_70_75
RKO: SA | 
Sol: 0.987 0.730 0.544 0.441 0.552 0.665 0.938 0.592 0.282 0.979 0.720 0.607 0.117 0.718 0.142 0.811 0.855 0.634 0.712 0.882 0.878 0.998 0.946 0.603 0.745 0.607 0.882 0.718 0.791 0.189 0.548 0.634 0.616 0.809 0.336 0.474 0.516 0.307 0.903 0.952 0.542 0.872 0.866 0.638 0.888 0.840 0.618 0.796 0.764 0.883 0.585 0.436 0.961 0.603 0.979 0.579 0.585 0.937 0.528 0.919 0.850 0.888 0.291 0.307 0.840 0.846 0.175 0.808 0.603 0.603 
ofv: -7202738.000000
Best time: 9.976
Total time:10.110 


Instance: ../Instances/CKP_Classical_Instances/75/4_70_75
RKO: SA | 
Sol: 0.183 0.230 0.358 0.248 0.460 0.581 0.200 0.756 0.153 0.013 0.551 0.199 0.079 0.237 0.137 0.418 0.198 0.729 0.213 0.051 0.265 0.880 0.471 0.120 0.056 0.142 0.495 0.016 0.063 0.301 0.106 0.252 0.066 0.446 0.356 0.179 0.317 0.103 0.066 0.403 0.423 0.001 0.325 0.238 0.211 0.895 0.498 0.486 0.026 0.189 0.509 0.234 0.436 0.256 0.036 0.373 0.159 0.575 0.483 0.006 0.479 0.340 0.236 0.164 0.403 0.061 0.349 0.657 0.160 0.170 
ofv: -26236.000000
Best time: 5.365
Total time:10.014 


Instance: ../Instances/CKP_Classical_Instances/75/5_70_75
RKO: SA | 
Sol: 0.564 0.696 0.971 0.292 0.540 0.446 0.190 0.455 0.942 0.177 0.686 0.010 0.122 0.027 0.437 0.737 0.804 0.449 0.692 0.208 0.755 0.067 0.776 0.662 0.558 0.316 0.903 0.434 0.204 0.742 0.968 0.122 0.214 0.288 0.634 0.134 0.874 0.077 0.742 0.534 0.241 0.148 0.574 0.344 0.534 0.166 0.117 0.803 0.947 0.770 0.012 0.830 0.771 0.524 0.422 0.428 0.912 0.450 0.755 0.158 0.453 0.934 0.217 0.443 0.091 0.061 0.367 0.890 0.745 0.490 
ofv: -1292516.000000
Best time: 7.851
Total time:10.162 


Instance: ../Instances/CKP_Classical_Instances/75/6_70_75
RKO: SA | 
Sol: 0.456 0.745 0.504 0.586 0.898 0.158 0.544 0.954 0.943 0.892 0.032 0.888 0.409 0.448 0.603 0.685 0.591 0.051 0.562 0.548 0.972 0.899 0.741 0.547 0.913 0.286 0.870 0.812 0.637 0.849 0.563 0.968 0.889 0.278 0.080 0.916 0.352 0.949 0.740 0.569 0.637 0.677 0.827 0.313 0.691 0.131 0.619 0.100 0.907 0.095 0.549 0.767 0.913 0.507 0.632 0.791 0.953 0.827 0.455 0.835 0.916 0.660 0.964 0.997 0.635 0.685 0.544 0.794 0.722 0.151 
ofv: -5780541.000000
Best time: 10.373
Total time:10.373 


Instance: ../Instances/CKP_Classical_Instances/75/7_70_75
RKO: SA | 
Sol: 0.162 0.147 0.381 0.211 0.130 0.443 0.459 0.023 0.147 0.359 0.417 0.110 0.216 0.431 0.208 0.293 0.145 0.082 0.278 0.630 0.217 0.066 0.400 0.237 0.445 0.153 0.746 0.638 0.067 0.086 0.168 0.272 0.120 0.159 0.444 0.268 0.321 0.297 0.414 0.257 0.079 0.585 0.190 0.190 0.137 0.895 0.294 0.487 0.287 0.276 0.156 0.009 0.498 0.159 0.245 0.652 0.330 0.001 0.273 0.399 0.172 0.030 0.398 0.105 0.122 0.218 0.336 0.496 0.715 0.989 
ofv: -17756.000000
Best time: 6.018
Total time:10.240 


Instance: ../Instances/CKP_Classical_Instances/75/8_70_75
RKO: SA | 
Sol: 0.812 0.065 0.322 0.341 0.279 0.104 0.158 0.147 0.181 0.300 0.466 0.497 0.126 0.460 0.866 0.894 0.163 0.094 0.150 0.455 0.176 0.125 0.927 0.026 0.108 0.379 0.201 0.199 0.004 0.418 0.150 0.088 0.406 0.133 0.161 0.302 0.034 0.112 0.068 0.106 0.887 0.490 0.441 0.035 0.358 0.289 0.074 0.884 0.259 0.459 0.383 0.094 0.341 0.246 0.231 0.235 0.093 0.416 0.362 0.188 0.411 0.198 0.598 0.101 0.105 0.038 0.321 0.484 0.187 0.440 
ofv: -12718.000000
Best time: 3.855
Total time:10.319 


Instance: ../Instances/CKP_Classical_Instances/75/9_70_75
RKO: SA | 
Sol: 0.436 0.647 0.073 0.437 0.018 0.858 0.017 0.402 0.992 0.404 0.652 0.768 0.566 0.585 0.587 0.355 0.708 0.424 0.520 0.575 0.519 0.987 0.170 0.643 0.402 0.293 0.603 0.691 0.341 0.957 0.323 0.985 0.107 0.839 0.011 0.480 0.901 0.364 0.924 0.927 0.927 0.487 0.289 0.607 0.408 0.596 0.525 0.219 0.059 0.169 0.577 0.131 0.766 0.937 0.598 0.353 0.670 0.501 0.633 0.829 0.611 0.270 0.947 0.884 0.229 0.874 0.047 0.739 0.600 0.096 
ofv: -2328543.000000
Best time: 9.254
Total time:10.303 


Instance: ../Instances/CKP_Classical_Instances/75/10_70_75
RKO: SA | 
Sol: 0.705 0.866 0.935 0.948 0.740 0.187 0.253 0.870 0.587 0.350 0.703 0.890 0.605 0.855 0.460 0.568 0.241 0.723 0.264 0.920 0.958 0.501 0.711 0.680 0.024 0.849 0.757 0.411 0.823 0.620 0.853 0.911 0.530 0.525 0.170 0.863 0.442 0.829 0.593 0.861 0.852 0.636 0.782 0.114 0.920 0.779 0.926 0.687 0.907 0.872 0.899 0.398 0.734 0.772 0.775 0.784 0.932 0.718 0.564 0.682 0.904 0.806 0.800 0.835 0.654 0.611 0.539 0.685 0.055 0.747 
ofv: -6855310.000000
Best time: 5.585
Total time:10.225 


Instance: ../Instances/CKP_Classical_Instances/100/1_70_100
RKO: SA | 
Sol: 0.956 0.650 0.383 0.917 0.641 0.660 0.705 0.764 0.687 0.396 0.756 0.438 0.750 0.689 0.909 0.639 0.660 0.937 0.781 0.944 0.740 0.094 0.917 0.724 0.597 0.938 0.090 0.970 0.964 0.792 0.627 0.793 0.655 0.588 0.942 0.711 0.970 0.388 0.635 0.996 0.476 0.705 0.901 0.078 0.225 0.907 0.734 0.852 0.630 0.974 0.526 0.493 0.840 0.544 0.795 0.537 0.853 0.669 0.420 0.080 0.853 0.813 0.762 0.755 0.862 0.814 0.856 0.504 0.373 0.624 
ofv: -8842455.000000
Best time: 7.326
Total time:10.161 


Instance: ../Instances/CKP_Classical_Instances/100/2_70_100
RKO: SA | 
Sol: 0.732 0.195 0.384 0.007 0.433 0.529 0.776 0.183 0.160 0.906 0.615 0.411 0.749 0.899 0.718 0.456 0.338 0.427 0.459 0.166 0.909 0.180 0.647 0.603 0.336 0.959 0.171 0.868 0.139 0.932 0.887 0.740 0.288 0.419 0.397 0.248 0.377 0.048 0.870 0.781 0.899 0.905 0.108 0.141 0.249 0.153 0.483 0.642 0.397 0.185 0.965 0.875 0.383 0.048 0.278 0.034 0.394 0.868 0.126 0.119 0.333 0.345 0.182 0.089 0.711 0.449 0.268 0.134 0.204 0.256 
ofv: -753690.000000
Best time: 5.624
Total time:10.022 


Instance: ../Instances/CKP_Classical_Instances/100/3_70_100
RKO: SA | 
Sol: 0.314 0.659 0.427 0.451 0.617 0.669 0.136 0.451 0.352 0.190 0.750 0.369 0.301 0.523 0.077 0.792 0.249 0.390 0.100 0.464 0.588 0.316 0.386 0.385 0.298 0.320 0.290 0.645 0.332 0.999 0.295 0.693 0.789 0.601 0.240 0.330 0.007 0.212 0.339 0.664 0.022 0.458 0.552 0.420 0.552 0.371 0.915 0.492 0.283 0.576 0.448 0.310 0.474 0.970 0.318 0.396 0.115 0.619 0.635 0.662 0.927 0.636 0.135 0.197 0.333 0.645 0.742 0.804 0.193 0.155 
ofv: -825213.000000
Best time: 10.313
Total time:10.313 


Instance: ../Instances/CKP_Classical_Instances/100/4_70_100
RKO: SA | 
Sol: 0.457 0.840 0.696 0.501 0.763 0.636 0.629 0.987 0.377 0.216 0.255 0.460 0.486 0.410 0.333 0.156 0.444 0.665 0.721 0.952 0.893 0.655 0.308 0.552 0.296 0.607 0.912 0.532 0.996 0.813 0.842 0.532 0.745 0.973 0.436 0.385 0.967 0.189 0.592 0.500 0.047 0.936 0.112 0.084 0.605 0.264 0.564 0.902 0.326 0.315 0.905 0.058 0.144 0.886 0.717 0.167 0.218 0.401 0.328 0.501 0.754 0.907 0.667 0.688 0.680 0.067 0.448 0.491 0.056 0.817 
ofv: -2858428.000000
Best time: 4.866
Total time:10.075 


Instance: ../Instances/CKP_Classical_Instances/100/5_70_100
RKO: SA | 
Sol: 0.518 0.451 0.331 0.123 0.089 0.475 0.096 0.064 0.369 0.047 0.648 0.124 0.470 0.131 0.336 0.288 0.368 0.209 0.477 0.061 0.890 0.785 0.210 0.265 0.344 0.161 0.573 0.370 0.245 0.190 0.339 0.311 0.213 0.472 0.119 0.408 0.004 0.382 0.511 0.521 0.480 0.203 0.255 0.344 0.238 0.895 0.819 0.844 0.117 0.296 0.053 0.624 0.350 0.399 0.075 0.341 0.394 0.039 0.122 0.052 0.419 0.550 0.070 0.866 0.594 0.858 0.493 0.357 0.226 0.052 
ofv: -156321.000000
Best time: 10.020
Total time:10.020 


Instance: ../Instances/CKP_Classical_Instances/100/6_70_100
RKO: SA | 
Sol: 0.151 0.080 0.417 0.679 0.275 0.062 0.208 0.012 0.339 0.352 0.418 0.149 0.115 0.764 0.279 0.220 0.256 0.043 0.234 0.554 0.347 0.220 0.463 0.091 0.253 0.087 0.209 0.381 0.551 0.413 0.321 0.127 0.349 0.454 0.183 0.181 0.240 0.448 0.423 0.284 0.090 0.488 0.488 0.010 0.085 0.093 0.350 0.660 0.116 0.586 0.338 0.499 0.103 0.534 0.135 0.162 0.325 0.718 0.423 0.320 0.369 0.311 0.146 0.010 0.001 0.451 0.445 0.945 0.232 0.190 
ofv: -33273.000000
Best time: 5.588
Total time:10.044 


Instance: ../Instances/CKP_Classical_Instances/100/7_70_100
RKO: SA | 
Sol: 0.538 0.084 0.793 0.995 0.207 0.937 0.509 0.136 0.211 0.420 0.834 0.587 0.759 0.099 0.383 0.716 0.763 0.638 0.721 0.402 0.784 0.611 0.675 0.121 0.303 0.995 0.324 0.229 0.525 0.560 0.899 0.229 0.621 0.621 0.184 0.235 0.406 0.552 0.099 0.303 0.270 0.643 0.594 0.271 0.715 0.356 0.718 0.386 0.997 0.544 0.544 0.309 0.212 0.443 0.158 0.842 0.500 0.380 0.517 0.531 0.680 0.477 0.175 0.229 0.339 0.882 0.312 0.903 0.171 0.207 
ofv: -2057991.000000
Best time: 9.100
Total time:10.217 


Instance: ../Instances/CKP_Classical_Instances/100/8_70_100
RKO: SA | 
Sol: 0.269 0.973 0.496 0.473 0.429 0.286 0.421 0.779 0.417 0.485 0.502 0.098 0.724 0.299 0.129 0.240 0.622 0.696 0.804 0.615 0.826 0.385 0.301 0.241 0.029 0.863 0.772 0.746 0.162 0.138 0.369 0.266 0.460 0.618 0.308 0.217 0.008 0.319 0.463 0.432 0.751 0.385 0.494 0.815 0.754 0.219 0.028 0.145 0.079 0.979 0.409 0.156 0.200 0.496 0.499 0.091 0.306 0.131 0.668 0.101 0.661 0.722 0.146 0.698 0.092 0.207 0.607 0.155 0.772 0.126 
ofv: -579641.000000
Best time: 7.534
Total time:10.096 


Instance: ../Instances/CKP_Classical_Instances/100/9_70_100
RKO: SA | 
Sol: 0.697 0.933 0.659 0.996 0.747 0.912 0.822 0.949 0.995 0.718 0.477 0.658 0.501 0.713 0.915 0.911 0.975 0.892 0.852 0.819 0.617 0.843 0.841 0.515 0.699 0.584 0.858 0.925 0.781 0.833 0.587 0.789 0.683 0.628 0.508 0.558 0.445 0.874 0.548 0.877 0.624 0.843 0.506 0.961 0.565 0.775 0.853 0.710 0.781 0.849 0.631 0.967 0.949 0.501 0.965 0.574 0.775 0.931 0.795 0.934 0.663 0.560 0.623 0.663 0.960 0.532 0.505 0.782 0.602 0.932 
ofv: -15446837.000000
Best time: 2.570
Total time:10.188 


Instance: ../Instances/CKP_Classical_Instances/100/10_70_100
RKO: SA | 
Sol: 0.402 0.146 0.774 0.539 0.573 0.963 0.549 0.242 0.329 0.119 0.837 0.945 0.576 0.873 0.777 0.420 0.379 0.912 0.619 0.385 0.943 0.032 0.622 0.454 0.462 0.546 0.536 0.481 0.349 0.915 0.990 0.537 0.505 0.180 0.688 0.942 0.264 0.710 0.459 0.701 0.540 0.382 0.341 0.636 0.223 0.267 0.324 0.688 0.723 0.704 0.626 0.372 0.829 0.853 0.468 0.055 0.962 0.738 0.132 0.752 0.943 0.349 0.010 0.066 0.469 0.784 0.552 0.698 0.842 0.130 
ofv: -3108468.000000
Best time: 9.774
Total time:10.042 


Instance: ../Instances/CKP_Classical_Instances/25/1_70_25
RKO: ILS | 
Sol: 0.644 0.534 0.565 0.175 0.410 0.629 0.183 0.302 0.669 0.599 0.917 0.456 0.118 0.947 0.042 0.857 0.850 0.421 0.526 0.848 0.292 0.325 0.910 0.724 0.625 0.645 0.878 0.733 0.921 0.200 0.009 0.417 0.818 0.894 0.992 0.536 0.687 0.699 0.703 0.587 0.276 0.722 0.455 0.811 0.559 0.724 0.066 0.496 0.509 0.626 0.049 0.438 0.505 0.779 0.559 0.897 0.256 0.443 0.499 0.526 0.893 0.618 0.683 0.229 0.540 0.971 0.864 0.992 0.105 0.924 
ofv: -1280608.000000
Best time: 11.600
Total time:11.634 


Instance: ../Instances/CKP_Classical_Instances/25/2_70_25
RKO: ILS | 
Sol: 0.871 0.529 0.592 0.685 0.262 0.549 0.558 0.942 0.553 0.041 0.540 0.737 0.386 0.503 0.745 0.400 0.553 0.555 0.685 0.756 0.535 0.826 0.520 0.758 0.565 0.539 0.701 0.613 0.734 0.782 0.930 0.529 0.952 0.576 0.644 0.371 0.421 0.780 0.573 0.675 0.925 0.555 0.704 0.169 0.701 0.562 0.169 0.873 0.506 0.852 0.532 0.528 0.551 0.560 0.700 0.327 0.904 0.584 0.282 0.807 0.570 0.526 0.607 0.943 0.910 0.281 0.557 0.538 0.896 0.546 
ofv: -2598490.000000
Best time: 11.744
Total time:11.744 


Instance: ../Instances/CKP_Classical_Instances/25/3_70_25
RKO: ILS | 
Sol: 0.859 0.305 0.319 0.384 0.031 0.857 0.369 0.982 0.517 0.968 0.512 0.391 0.570 0.845 0.111 0.917 0.852 0.410 0.126 0.776 0.296 0.935 0.794 0.312 0.919 0.586 0.020 0.089 0.496 0.456 0.573 0.641 0.240 0.637 0.919 0.884 0.193 0.936 0.773 0.992 0.514 0.752 0.915 0.075 0.433 0.625 0.699 0.594 0.392 0.075 0.375 0.563 0.586 0.330 0.064 0.078 0.771 0.333 0.633 0.235 0.779 0.828 0.776 0.166 0.362 0.154 0.132 0.288 0.443 0.072 
ofv: -633021.000000
Best time: 10.084
Total time:10.087 


Instance: ../Instances/CKP_Classical_Instances/25/4_70_25
RKO: ILS | 
Sol: 0.550 0.527 0.517 0.511 0.548 0.509 0.546 0.994 0.612 0.518 0.554 0.517 0.864 0.533 0.516 0.531 0.525 0.774 0.557 0.517 0.905 0.873 0.501 0.552 0.523 0.625 0.533 0.874 0.533 0.503 0.637 0.893 0.899 0.571 0.570 0.520 0.973 0.505 0.985 0.562 0.925 0.709 0.539 0.964 0.995 0.882 0.555 0.518 0.506 0.507 0.543 0.599 0.814 0.764 0.788 0.860 0.522 0.627 0.560 0.159 0.816 0.616 0.572 0.896 0.805 0.791 0.564 0.571 0.542 0.501 
ofv: -4046545.000000
Best time: 4.472
Total time:10.073 


Instance: ../Instances/CKP_Classical_Instances/25/5_70_25
RKO: ILS | 
Sol: 0.671 0.504 0.520 0.736 0.861 0.535 0.551 0.661 0.640 0.512 0.399 0.143 0.556 0.560 0.568 0.943 0.358 0.617 0.860 0.943 0.786 0.733 0.879 0.603 0.532 0.069 0.516 0.611 0.581 0.682 0.567 0.501 0.459 0.363 0.586 0.628 0.164 0.059 0.141 0.675 0.542 0.503 0.786 0.852 0.806 0.871 0.367 0.586 0.233 0.565 0.553 0.544 0.659 0.224 0.542 0.025 0.782 0.552 0.794 0.960 0.501 0.885 0.817 0.511 0.545 0.506 0.569 0.803 0.612 0.557 
ofv: -2358294.000000
Best time: 10.517
Total time:10.518 


Instance: ../Instances/CKP_Classical_Instances/25/6_70_25
RKO: ILS | 
Sol: 0.413 0.538 0.308 0.738 1.000 0.941 0.856 0.683 0.984 0.577 0.864 0.999 0.765 0.571 0.586 0.970 0.546 0.508 0.647 0.238 0.338 0.626 0.690 0.570 0.650 0.554 0.960 0.759 0.996 0.221 0.997 0.882 0.806 0.516 0.365 0.657 0.530 0.096 0.887 0.410 0.566 0.840 0.805 0.604 0.328 0.449 0.334 0.569 0.543 0.910 0.603 0.517 0.706 0.797 0.905 0.505 0.571 0.718 0.519 0.875 0.078 0.535 0.967 0.130 0.514 0.732 0.552 0.906 0.937 0.687 
ofv: -2365052.000000
Best time: 7.094
Total time:14.166 


Instance: ../Instances/CKP_Classical_Instances/25/7_70_25
RKO: ILS | 
Sol: 0.518 0.989 0.632 0.273 0.646 0.659 0.454 0.526 0.520 0.132 0.926 0.669 0.275 0.136 0.647 0.642 0.796 0.756 0.845 0.936 0.525 0.876 0.551 0.809 0.563 0.706 0.510 0.518 0.523 0.733 0.982 0.892 0.862 0.894 0.546 0.713 0.983 0.799 0.981 0.537 0.509 0.578 0.783 0.628 0.583 0.642 0.906 0.662 0.592 0.906 0.676 0.886 0.613 0.228 0.097 0.587 0.635 0.609 0.383 0.523 0.542 0.233 0.680 0.785 0.586 0.084 0.252 0.785 0.446 0.756 
ofv: -2493189.000000
Best time: 10.435
Total time:10.435 


Instance: ../Instances/CKP_Classical_Instances/25/8_70_25
RKO: ILS | 
Sol: 0.033 0.539 0.967 0.352 0.680 0.750 0.398 0.396 0.192 0.432 0.924 0.407 0.469 0.574 0.581 0.311 0.528 0.904 0.142 0.916 0.438 0.059 0.325 0.494 0.088 0.018 0.096 0.929 0.751 0.158 0.387 0.921 0.399 0.240 0.421 0.028 0.335 0.515 0.096 0.888 0.426 0.807 0.538 0.869 0.319 0.216 0.464 0.648 0.204 0.463 0.956 0.687 0.184 0.500 0.852 0.414 0.029 0.493 0.821 0.548 0.534 0.744 0.508 0.759 0.312 0.512 0.074 0.859 0.614 0.261 
ofv: -414818.000000
Best time: 10.240
Total time:10.240 


Instance: ../Instances/CKP_Classical_Instances/25/9_70_25
RKO: ILS | 
Sol: 0.326 0.047 0.503 0.301 0.030 0.210 0.594 0.064 0.546 0.132 0.984 0.021 0.102 0.745 0.028 0.045 0.371 0.585 0.720 0.355 0.132 0.220 0.108 0.031 0.222 0.270 0.541 0.084 0.200 0.176 0.374 0.416 0.027 0.119 0.490 0.020 0.327 0.558 0.789 0.560 0.577 0.021 0.722 0.037 0.191 0.817 0.246 0.213 0.992 0.906 0.122 0.220 0.285 0.070 0.558 0.844 0.688 0.018 0.113 0.801 0.355 0.671 0.036 0.260 0.037 0.008 0.078 0.188 0.107 0.433 
ofv: -142744.000000
Best time: 15.223
Total time:15.226 


Instance: ../Instances/CKP_Classical_Instances/25/10_70_25
RKO: ILS | 
Sol: 0.687 0.521 0.794 0.528 0.550 0.918 0.506 0.553 0.518 0.114 0.768 0.524 0.699 0.885 0.608 0.973 0.543 0.509 0.532 0.713 0.503 0.754 0.467 0.839 0.750 0.686 0.545 0.891 0.143 0.902 0.650 0.975 0.561 0.076 0.867 0.661 0.307 0.831 0.663 0.589 0.531 0.664 0.235 0.564 0.766 0.776 0.607 0.542 0.651 0.972 0.852 0.537 0.795 0.759 0.562 0.904 0.958 0.475 0.506 0.927 0.657 0.553 0.856 0.663 0.796 0.616 0.118 0.503 0.803 0.557 
ofv: -2994891.000000
Best time: 15.389
Total time:15.390 


Instance: ../Instances/CKP_Classical_Instances/50/1_70_50
RKO: ILS | 
Sol: 0.504 0.674 0.526 0.921 0.518 0.731 0.685 0.056 0.563 0.472 0.967 0.832 0.511 0.551 0.894 0.559 0.874 0.879 0.862 0.651 0.721 0.697 0.994 0.596 0.505 0.794 0.641 0.896 0.564 0.527 0.464 0.337 0.503 0.821 0.539 0.039 0.858 0.271 0.698 0.557 0.505 0.054 0.903 0.398 0.601 0.522 0.187 0.273 0.536 0.946 0.584 0.519 0.566 0.936 0.519 0.097 0.541 0.005 0.565 0.456 0.431 0.731 0.902 0.248 0.746 0.974 0.681 0.159 0.524 0.817 
ofv: -4018213.000000
Best time: 9.714
Total time:17.845 


Instance: ../Instances/CKP_Classical_Instances/50/2_70_50
RKO: ILS | 
Sol: 0.555 0.037 0.437 0.378 0.693 0.283 0.043 0.449 0.371 0.015 0.142 0.371 0.371 0.885 0.048 0.843 0.467 0.592 0.317 0.213 0.085 0.101 0.013 0.129 0.290 0.498 0.047 0.034 0.648 0.065 0.132 0.969 0.013 0.126 0.313 0.856 0.156 0.846 0.002 0.049 0.334 0.570 0.032 0.037 0.097 0.328 0.531 0.349 0.654 0.116 0.105 0.538 0.137 0.057 0.049 0.036 0.063 0.022 0.675 0.909 0.062 0.834 0.516 0.359 0.135 0.888 0.234 0.909 0.725 0.788 
ofv: -258801.000000
Best time: 13.795
Total time:13.795 


Instance: ../Instances/CKP_Classical_Instances/50/3_70_50
RKO: ILS | 
Sol: 0.840 0.837 0.248 0.822 0.977 0.844 0.996 0.502 0.657 0.925 0.606 0.792 0.351 0.799 0.856 0.378 0.075 0.509 0.338 0.834 0.558 0.439 0.708 0.556 0.251 0.732 0.443 0.138 0.565 0.987 0.541 0.463 0.288 0.730 0.743 0.872 0.523 0.141 0.941 0.951 0.170 0.623 0.510 0.184 0.335 0.439 0.303 0.256 0.652 0.987 0.564 0.512 0.868 0.706 0.834 0.352 0.713 0.656 0.627 0.315 0.706 0.658 0.154 0.677 0.674 0.929 0.899 0.800 0.994 0.703 
ofv: -2982450.000000
Best time: 11.917
Total time:11.917 


Instance: ../Instances/CKP_Classical_Instances/50/4_70_50
RKO: ILS | 
Sol: 0.069 0.563 0.291 0.039 0.017 0.249 0.071 0.212 0.011 0.058 0.155 0.437 0.054 0.012 0.425 0.007 0.204 0.054 0.063 0.422 0.144 0.175 0.010 0.249 0.165 0.437 0.100 0.125 0.336 0.058 0.157 0.093 0.496 0.141 0.427 0.064 0.364 0.366 0.063 0.095 0.002 0.506 0.030 0.082 0.072 0.614 0.042 0.135 0.134 0.101 0.010 0.002 0.111 0.280 0.037 0.079 0.588 0.435 0.144 0.133 0.398 0.112 0.052 0.094 0.032 0.137 0.260 0.028 0.055 0.071 
ofv: -2549.000000
Best time: 7.830
Total time:10.664 


Instance: ../Instances/CKP_Classical_Instances/50/5_70_50
RKO: ILS | 
Sol: 0.907 0.899 0.648 0.569 0.998 0.843 0.502 0.017 0.562 0.554 0.735 0.515 0.566 0.775 0.904 0.844 0.549 0.764 0.555 0.677 0.836 0.921 0.617 0.805 0.583 0.937 0.653 0.818 0.520 0.822 0.863 0.238 0.543 0.997 0.752 0.623 0.673 0.537 0.728 0.539 0.712 0.502 0.825 0.815 0.796 0.749 0.013 0.525 0.549 0.659 0.542 0.799 0.976 0.559 0.525 0.569 0.589 0.529 0.511 0.519 0.695 0.507 0.602 0.565 0.574 0.238 0.917 0.875 0.528 0.707 
ofv: -7154127.000000
Best time: 5.397
Total time:10.275 


Instance: ../Instances/CKP_Classical_Instances/50/6_70_50
RKO: ILS | 
Sol: 0.963 0.491 0.174 0.752 0.068 0.265 0.107 0.789 0.713 0.739 0.002 0.297 0.081 0.148 0.867 0.718 0.212 0.365 0.040 0.844 0.462 0.827 0.143 0.127 0.204 0.907 0.047 0.878 0.391 0.409 0.927 0.166 0.502 0.285 0.570 0.499 0.956 0.114 0.439 0.451 0.530 0.027 0.470 0.701 0.867 0.226 0.940 0.976 0.450 0.823 0.925 0.913 0.519 0.175 0.940 0.657 0.773 0.544 0.871 0.933 0.846 0.717 0.696 0.692 0.876 0.412 0.601 0.962 0.996 0.746 
ofv: -1541904.000000
Best time: 13.897
Total time:13.897 


Instance: ../Instances/CKP_Classical_Instances/50/7_70_50
RKO: ILS | 
Sol: 0.880 0.548 0.564 0.510 0.726 0.443 0.768 0.717 0.516 0.727 0.626 0.516 0.560 0.765 0.527 0.536 0.520 0.533 0.510 0.875 0.546 0.842 0.560 0.504 0.792 0.715 0.522 0.527 0.510 0.513 0.556 0.516 0.514 0.539 0.963 0.569 0.539 0.517 0.520 0.511 0.545 0.788 0.786 0.710 0.561 0.941 0.507 0.508 0.549 0.546 0.558 0.563 0.531 0.575 0.567 0.505 0.520 0.512 0.675 0.951 0.806 0.590 0.712 0.535 0.964 0.532 0.916 0.566 0.793 0.922 
ofv: -8082857.000000
Best time: 3.680
Total time:10.137 


Instance: ../Instances/CKP_Classical_Instances/50/8_70_50
RKO: ILS | 
Sol: 0.569 0.744 0.511 0.790 0.662 0.511 0.561 0.122 0.446 0.513 0.952 0.522 0.561 0.554 0.534 0.549 0.493 0.528 0.213 0.384 0.636 0.991 0.178 0.544 0.857 0.514 0.843 0.551 0.593 0.454 0.954 0.932 0.931 0.625 0.527 0.555 0.515 0.317 0.657 0.505 0.755 0.688 0.540 0.547 0.936 0.857 0.570 0.541 0.899 0.582 0.331 0.590 0.509 0.007 0.501 0.551 0.543 0.879 0.940 0.660 0.957 0.563 0.521 0.646 0.015 0.510 0.509 0.885 0.534 0.696 
ofv: -5165731.000000
Best time: 6.364
Total time:10.033 


Instance: ../Instances/CKP_Classical_Instances/50/9_70_50
RKO: ILS | 
Sol: 0.555 0.729 0.752 0.522 0.528 0.863 0.643 0.791 0.554 0.674 0.914 0.532 0.508 0.875 0.951 0.739 0.442 0.505 0.722 0.583 0.899 0.566 0.740 0.907 0.862 0.938 0.745 0.881 0.502 0.711 0.522 0.513 0.099 0.503 0.533 0.570 0.814 0.745 0.514 0.559 0.560 0.516 0.501 0.552 0.884 0.666 0.675 0.546 0.738 0.241 0.559 0.990 0.513 0.630 0.353 0.563 0.829 0.106 0.546 0.503 0.656 0.519 0.567 0.738 0.505 0.549 0.637 0.509 0.522 0.905 
ofv: -6790289.000000
Best time: 6.312
Total time:12.822 


Instance: ../Instances/CKP_Classical_Instances/50/10_70_50
RKO: ILS | 
Sol: 0.509 0.513 0.936 0.813 0.999 0.803 0.508 0.838 0.834 0.805 0.635 0.539 0.508 0.504 0.442 0.535 0.513 0.513 0.582 0.705 0.664 0.518 0.628 0.539 0.502 0.869 0.699 0.564 0.773 0.694 0.516 0.507 0.511 0.935 0.571 0.639 0.545 0.552 0.551 0.508 0.538 0.711 0.430 0.449 0.757 0.519 0.608 0.650 0.760 0.525 0.541 0.159 0.542 0.505 0.537 0.628 0.987 0.630 0.529 0.492 0.563 0.626 0.556 0.506 0.873 0.548 0.703 0.543 0.543 0.807 
ofv: -6832533.000000
Best time: 10.257
Total time:10.257 


Instance: ../Instances/CKP_Classical_Instances/75/1_70_75
RKO: ILS | 
Sol: 0.524 0.530 0.798 0.985 0.510 0.564 0.969 0.515 0.538 0.735 0.865 0.684 0.633 0.889 0.596 0.503 0.538 0.522 0.248 0.884 0.793 0.512 0.818 0.612 0.570 0.548 0.540 0.562 0.575 0.443 0.956 0.002 0.062 0.857 0.541 0.536 0.567 0.868 0.507 0.383 0.691 0.651 0.829 0.528 0.500 0.617 0.524 0.523 0.519 0.513 0.914 0.533 0.701 0.547 0.989 0.557 0.571 0.741 0.913 0.671 0.674 0.561 0.687 0.670 0.891 0.286 0.981 0.942 0.636 0.050 
ofv: -9212050.000000
Best time: 14.532
Total time:14.532 


Instance: ../Instances/CKP_Classical_Instances/75/2_70_75
RKO: ILS | 
Sol: 0.650 0.941 0.355 0.750 0.972 0.697 0.928 0.183 0.539 0.642 0.464 0.515 0.597 0.898 0.606 0.551 0.805 0.913 0.763 0.101 0.212 0.596 0.527 0.152 0.582 0.845 0.625 0.650 0.173 0.558 0.411 0.836 0.919 0.883 0.582 0.069 0.360 0.768 0.748 0.552 0.769 0.968 0.708 0.980 0.977 0.673 0.693 0.954 0.524 0.667 0.521 0.393 0.903 0.162 0.442 0.784 0.097 0.997 0.445 0.760 0.649 0.619 0.499 0.524 0.343 0.130 0.644 0.012 0.320 0.653 
ofv: -4677572.000000
Best time: 10.643
Total time:10.644 


Instance: ../Instances/CKP_Classical_Instances/75/3_70_75
RKO: ILS | 
Sol: 0.950 0.639 0.489 0.251 0.505 0.034 0.797 0.458 0.120 0.621 0.527 0.560 0.535 0.521 0.964 0.542 0.333 0.881 0.151 0.558 0.017 0.530 0.502 0.991 0.669 0.563 0.123 0.702 0.766 0.526 0.723 0.737 0.566 0.522 0.533 0.588 0.216 0.383 0.544 0.943 0.520 0.818 0.355 0.534 0.914 0.685 0.082 0.541 0.971 0.517 0.991 0.821 0.778 0.825 0.568 0.304 0.939 0.759 0.693 0.513 0.604 0.677 0.801 0.188 0.529 0.984 0.593 0.904 0.626 0.631 
ofv: -6229598.000000
Best time: 9.588
Total time:12.249 


Instance: ../Instances/CKP_Classical_Instances/75/4_70_75
RKO: ILS | 
Sol: 0.467 0.076 0.118 0.161 0.003 0.376 0.039 0.878 0.965 0.153 0.503 0.262 0.008 0.018 0.152 0.120 0.492 0.133 0.341 0.104 0.035 0.199 0.079 0.142 0.859 0.100 0.004 0.225 0.501 0.086 0.079 0.946 0.049 0.204 0.031 0.125 0.038 0.288 0.458 0.110 0.026 0.017 0.404 0.194 0.072 0.141 0.388 0.046 0.137 0.357 0.287 0.055 0.055 0.068 0.103 0.120 0.237 0.053 0.301 0.260 0.287 0.255 0.099 0.117 0.183 0.461 0.118 0.099 0.491 0.052 
ofv: -9870.000000
Best time: 11.871
Total time:11.872 


Instance: ../Instances/CKP_Classical_Instances/75/5_70_75
RKO: ILS | 
Sol: 0.591 0.306 0.384 0.527 0.485 0.221 0.972 0.021 0.103 0.048 0.465 0.275 0.021 0.639 0.206 0.721 0.500 0.124 0.748 0.455 0.936 0.085 0.090 0.967 0.721 0.497 0.870 0.748 0.475 0.504 0.248 0.553 0.260 0.648 0.513 0.144 0.654 0.126 0.113 0.127 0.175 0.407 0.868 0.490 0.768 0.400 0.678 0.908 0.602 0.669 0.663 0.766 0.631 0.429 0.277 0.897 0.822 0.387 0.491 0.237 0.531 0.245 0.311 0.032 0.058 0.373 0.546 0.854 0.297 0.446 
ofv: -1130823.000000
Best time: 16.573
Total time:16.573 


Instance: ../Instances/CKP_Classical_Instances/75/6_70_75
RKO: ILS | 
Sol: 0.818 0.551 0.526 0.752 0.611 0.489 0.755 0.509 0.684 0.988 0.598 0.559 0.005 0.477 0.236 0.954 0.898 0.332 0.615 0.340 0.286 0.589 0.591 0.539 0.158 0.139 0.803 0.754 0.776 0.773 0.697 0.570 0.675 0.551 0.348 0.272 0.618 0.071 0.943 0.685 0.726 0.938 0.662 0.074 0.892 0.229 0.945 0.135 0.956 0.739 0.501 0.743 0.745 0.978 0.570 0.696 0.541 0.814 0.213 0.873 0.058 0.064 0.996 0.569 0.565 0.036 0.378 0.140 0.864 0.995 
ofv: -4406790.000000
Best time: 10.868
Total time:10.868 


Instance: ../Instances/CKP_Classical_Instances/75/7_70_75
RKO: ILS | 
Sol: 0.386 0.093 0.120 0.218 0.887 0.023 0.155 0.420 0.127 0.191 0.443 0.080 0.036 0.046 0.010 0.140 0.294 0.118 0.057 0.098 0.055 0.097 0.031 0.034 0.051 0.087 0.019 0.494 0.000 0.031 0.446 0.443 0.106 0.020 0.109 0.132 0.108 0.086 0.051 0.962 0.111 0.096 0.091 0.406 0.204 0.090 0.474 0.004 0.133 0.510 0.627 0.165 0.127 0.100 0.118 0.937 0.310 0.078 0.737 0.144 0.097 0.019 0.078 0.120 0.187 0.016 0.065 0.495 0.055 0.874 
ofv: -15163.000000
Best time: 10.247
Total time:10.248 


Instance: ../Instances/CKP_Classical_Instances/75/8_70_75
RKO: ILS | 
Sol: 0.734 0.042 0.203 0.004 0.325 0.119 0.052 0.337 0.192 0.044 0.017 0.112 0.015 0.303 0.032 0.098 0.582 0.219 0.464 0.045 0.481 0.006 0.051 0.019 0.549 0.284 0.095 0.110 0.001 0.132 0.104 0.060 0.116 0.344 0.303 0.660 0.326 0.037 0.085 0.358 0.024 0.057 0.159 0.067 0.020 0.445 0.117 0.059 0.018 0.133 0.010 0.078 0.297 0.233 0.104 0.019 0.122 0.018 0.300 0.341 0.258 0.107 0.015 0.429 0.008 0.068 0.024 0.073 0.104 0.031 
ofv: -3064.000000
Best time: 10.710
Total time:10.710 


Instance: ../Instances/CKP_Classical_Instances/75/9_70_75
RKO: ILS | 
Sol: 0.363 0.481 0.127 0.970 0.049 0.890 0.006 0.414 0.046 0.144 0.531 0.608 0.009 0.589 0.617 0.505 0.542 0.915 0.514 0.242 0.493 0.981 0.141 0.895 0.541 0.163 0.457 0.084 0.456 0.621 0.520 0.975 0.776 0.831 0.406 0.151 0.586 0.002 0.764 0.961 0.553 0.839 0.267 0.714 0.116 0.805 0.428 0.103 0.356 0.816 0.854 0.149 0.929 0.542 0.769 0.177 0.813 0.080 0.571 0.635 0.530 0.329 0.907 0.535 0.250 0.739 0.319 0.975 0.259 0.717 
ofv: -2214651.000000
Best time: 10.878
Total time:10.878 


Instance: ../Instances/CKP_Classical_Instances/75/10_70_75
RKO: ILS | 
Sol: 0.643 0.937 0.628 0.353 0.584 0.546 0.374 0.699 0.709 0.875 0.515 0.562 0.010 0.805 0.506 0.754 0.170 0.975 0.735 0.141 0.738 0.983 0.547 0.931 0.486 0.724 0.524 0.186 0.784 0.678 0.496 0.209 0.476 0.800 0.013 0.544 0.508 0.825 0.634 0.745 0.534 0.505 0.957 0.946 0.469 0.529 0.737 0.563 0.905 0.856 0.763 0.485 0.543 0.805 0.121 0.401 0.592 0.611 0.534 0.323 0.527 0.818 0.565 0.695 0.526 0.560 0.518 0.868 0.053 0.537 
ofv: -5618243.000000
Best time: 6.542
Total time:13.426 


Instance: ../Instances/CKP_Classical_Instances/100/1_70_100
RKO: ILS | 
Sol: 0.515 0.563 0.561 0.521 0.847 0.081 0.534 0.563 0.336 0.474 0.651 0.402 0.585 0.884 0.553 0.541 0.675 0.527 0.258 0.685 0.509 0.706 0.860 0.552 0.136 0.724 0.995 0.547 0.946 0.376 0.913 0.948 0.926 0.922 0.780 0.516 0.863 0.560 0.569 0.586 0.458 0.512 0.031 0.522 0.432 0.077 0.229 0.568 0.217 0.269 0.523 0.844 0.566 0.702 0.991 0.534 0.858 0.756 0.382 0.432 0.563 0.661 0.546 0.232 0.521 0.506 0.677 0.533 0.521 0.594 
ofv: -7395110.000000
Best time: 11.704
Total time:11.704 


Instance: ../Instances/CKP_Classical_Instances/100/2_70_100
RKO: ILS | 
Sol: 0.394 0.401 0.836 0.352 0.281 0.688 0.170 0.287 0.737 0.575 0.577 0.028 0.048 0.288 0.683 0.315 0.021 0.508 0.758 0.305 0.343 0.325 0.969 0.252 0.783 0.089 0.343 0.561 0.313 0.575 0.987 0.124 0.254 0.302 0.368 0.082 0.809 0.308 0.401 0.428 0.029 0.896 0.586 0.115 0.025 0.335 0.305 0.878 0.310 0.287 0.917 0.278 0.095 0.619 0.297 0.186 0.115 0.097 0.947 0.114 0.252 0.068 0.012 0.141 0.390 0.315 0.461 0.001 0.187 0.976 
ofv: -467059.000000
Best time: 10.510
Total time:10.511 


Instance: ../Instances/CKP_Classical_Instances/100/3_70_100
RKO: ILS | 
Sol: 0.994 0.842 0.949 0.455 0.561 0.168 0.078 0.084 0.088 0.379 0.500 0.649 0.333 0.749 0.438 0.225 0.373 0.511 0.723 0.140 0.454 0.495 0.134 0.111 0.862 0.016 0.900 0.749 0.428 0.512 0.052 0.550 0.318 0.379 0.226 0.029 0.048 0.000 0.365 0.426 0.707 0.064 0.703 0.094 0.437 0.191 0.619 0.500 0.132 0.527 0.300 0.383 0.460 0.981 0.754 0.047 0.298 0.632 0.060 0.222 0.225 0.017 0.156 0.362 0.976 0.102 0.140 0.701 0.465 0.325 
ofv: -528091.000000
Best time: 11.674
Total time:11.674 


Instance: ../Instances/CKP_Classical_Instances/100/4_70_100
RKO: ILS | 
Sol: 0.098 0.677 0.922 0.679 0.787 0.068 0.587 0.822 0.567 0.282 0.194 0.183 0.268 0.185 0.531 0.490 0.108 0.376 0.016 0.844 0.859 0.704 0.190 0.425 0.310 0.382 0.866 0.946 0.747 0.701 0.680 0.830 0.814 0.936 0.989 0.233 0.829 0.810 0.782 0.389 0.421 0.598 0.026 0.169 0.555 0.133 0.064 0.773 0.728 0.052 0.945 0.156 0.298 0.882 0.405 0.992 0.054 0.095 0.115 0.778 0.245 0.143 0.097 0.953 0.721 0.179 0.431 0.529 0.128 0.366 
ofv: -1955628.000000
Best time: 14.993
Total time:14.993 


Instance: ../Instances/CKP_Classical_Instances/100/5_70_100
RKO: ILS | 
Sol: 0.145 0.058 0.290 0.067 0.021 0.124 0.132 0.018 0.196 0.225 0.104 0.985 0.200 0.208 0.196 0.107 0.099 0.108 0.499 0.136 0.073 0.487 0.071 0.077 0.886 0.176 0.001 0.045 0.094 0.095 0.799 0.055 0.085 0.076 0.263 0.084 0.379 0.874 0.001 0.073 0.093 0.019 0.220 0.167 0.112 0.320 0.458 0.564 0.829 0.220 0.092 0.383 0.239 0.134 0.438 0.265 0.121 0.030 0.495 0.417 0.471 0.800 0.081 0.380 0.672 0.583 0.087 0.109 0.063 0.609 
ofv: -52861.000000
Best time: 10.533
Total time:10.533 


Instance: ../Instances/CKP_Classical_Instances/100/6_70_100
RKO: ILS | 
Sol: 0.066 0.125 0.111 0.012 0.424 0.329 0.961 0.043 0.529 0.106 0.568 0.195 0.111 0.323 0.252 0.377 0.197 0.097 0.062 0.634 0.136 0.070 0.002 0.013 0.440 0.109 0.145 0.025 0.112 0.380 0.041 0.049 0.326 0.078 0.213 0.474 0.406 0.005 0.133 0.093 0.359 0.351 0.093 0.094 0.140 0.027 0.642 0.329 0.004 0.577 0.055 0.391 0.109 0.555 0.121 0.151 0.026 0.132 0.467 0.017 0.401 0.847 0.302 0.117 0.034 0.318 0.056 0.219 0.261 0.048 
ofv: -26639.000000
Best time: 15.126
Total time:15.127 


Instance: ../Instances/CKP_Classical_Instances/100/7_70_100
RKO: ILS | 
Sol: 0.196 0.045 0.992 0.873 0.117 0.995 0.704 0.970 0.371 0.046 0.719 0.867 0.944 0.272 0.418 0.063 0.272 0.714 0.504 0.122 0.671 0.565 0.932 0.347 0.190 0.859 0.452 0.490 0.907 0.181 0.995 0.215 0.851 0.993 0.416 0.197 0.029 0.558 0.142 0.419 0.426 0.299 0.736 0.098 0.262 0.068 0.895 0.329 0.875 0.862 0.256 0.622 0.300 0.117 0.702 0.547 0.499 0.379 0.581 0.738 0.231 0.827 0.063 0.045 0.352 0.648 0.409 0.518 0.574 0.714 
ofv: -1781366.000000
Best time: 18.603
Total time:18.603 


Instance: ../Instances/CKP_Classical_Instances/100/8_70_100
RKO: ILS | 
Sol: 0.032 0.107 0.109 0.727 0.174 0.975 0.199 0.534 0.063 0.323 0.067 0.568 0.084 0.028 0.279 0.496 0.506 0.918 0.044 0.557 0.512 0.080 0.142 0.002 0.099 0.070 0.005 0.063 0.042 0.132 0.047 0.347 0.177 0.095 0.092 0.015 0.468 0.522 0.984 0.074 0.024 0.014 0.006 0.103 0.335 0.242 0.136 0.771 0.083 0.010 0.641 0.100 0.137 0.007 0.065 0.517 0.853 0.108 0.962 0.683 0.534 0.665 0.011 0.582 0.315 0.100 0.060 0.079 0.462 0.427 
ofv: -342691.000000
Best time: 12.927
Total time:12.927 


Instance: ../Instances/CKP_Classical_Instances/100/9_70_100
RKO: ILS | 
Sol: 0.555 0.793 0.504 0.545 0.519 0.596 0.524 0.670 0.709 0.506 0.146 0.825 0.576 0.803 0.550 0.568 0.530 0.506 0.505 0.786 0.732 0.834 0.563 0.875 0.936 0.504 0.950 0.525 0.975 0.517 0.522 0.501 0.532 0.561 0.551 0.569 0.397 0.506 0.523 0.551 0.542 0.512 0.559 0.665 0.517 0.990 0.556 0.929 0.559 0.656 0.886 0.549 0.536 0.550 0.623 0.533 0.564 0.534 0.510 0.894 0.508 0.662 0.649 0.513 0.537 0.737 0.517 0.707 0.541 0.873 
ofv: -15446837.000000
Best time: 6.539
Total time:11.314 


Instance: ../Instances/CKP_Classical_Instances/100/10_70_100
RKO: ILS | 
Sol: 0.696 0.497 0.731 0.896 0.717 0.606 0.779 0.281 0.374 0.643 0.912 0.708 0.968 0.829 0.799 0.007 0.096 0.399 0.731 0.642 0.094 0.135 0.703 0.392 0.288 0.933 0.919 0.084 0.422 0.930 0.500 0.201 0.742 0.151 0.318 0.978 0.214 0.822 0.978 0.610 0.457 0.291 0.779 0.160 0.528 0.015 0.172 0.281 0.542 0.948 0.415 0.086 0.094 0.320 0.202 0.879 0.317 0.886 0.237 0.628 0.385 0.431 0.245 0.474 0.373 0.781 0.525 0.936 0.685 0.861 
ofv: -2312805.000000
Best time: 8.799
Total time:12.132 


Instance: ../Instances/CKP_Classical_Instances/25/1_70_25
RKO: VNS | 
Sol: 0.489 0.946 0.524 0.045 0.691 0.720 0.098 0.121 0.488 0.025 0.677 0.125 0.830 0.964 0.009 0.732 0.553 0.505 0.553 0.530 0.382 0.335 0.788 0.996 0.644 0.557 0.521 0.224 0.510 0.376 0.656 0.312 0.445 0.901 0.632 0.327 0.508 0.768 0.825 0.558 0.336 0.810 0.268 0.645 0.596 0.533 0.252 0.667 0.869 0.783 0.461 0.042 0.830 0.088 0.532 0.569 0.542 0.730 0.489 0.517 0.782 0.570 0.536 0.265 0.201 0.881 0.557 0.891 0.915 0.560 
ofv: -1278988.000000
Best time: 12.069
Total time:12.069 


Instance: ../Instances/CKP_Classical_Instances/25/2_70_25
RKO: VNS | 
Sol: 0.648 0.511 0.543 0.825 0.088 0.365 0.822 0.831 0.713 0.457 0.519 0.262 0.566 0.603 0.913 0.900 0.648 0.950 0.512 0.567 0.523 0.551 0.875 0.568 0.521 0.538 0.684 0.500 0.513 0.561 0.576 0.515 0.547 0.518 0.562 0.069 0.145 0.557 0.588 0.561 0.520 0.910 0.783 0.368 0.839 0.720 0.065 0.500 0.651 0.517 0.603 0.547 0.715 0.643 0.524 0.483 0.544 0.947 0.094 0.684 0.522 0.929 0.551 0.505 0.799 0.483 0.980 0.571 0.520 0.555 
ofv: -2603658.000000
Best time: 5.439
Total time:14.564 


Instance: ../Instances/CKP_Classical_Instances/25/3_70_25
RKO: VNS | 
Sol: 0.775 0.399 0.083 0.483 0.821 0.116 0.596 0.603 0.200 0.518 0.992 0.967 0.069 0.710 0.421 0.076 0.242 0.480 0.047 0.361 0.243 0.936 0.998 0.180 0.377 0.304 0.902 0.448 0.307 0.073 0.432 0.776 0.238 0.989 0.594 0.721 0.843 0.994 0.504 0.286 0.757 0.016 0.702 0.078 0.621 0.657 0.522 0.197 0.869 0.515 0.664 0.633 0.819 0.735 0.159 0.096 0.294 0.364 0.728 0.086 0.556 0.740 0.219 0.916 0.809 0.239 0.191 0.961 0.221 0.681 
ofv: -636151.000000
Best time: 15.071
Total time:15.071 


Instance: ../Instances/CKP_Classical_Instances/25/4_70_25
RKO: VNS | 
Sol: 0.524 0.567 0.533 0.612 0.861 0.998 0.922 0.940 0.624 0.513 0.501 0.564 0.864 0.952 0.534 0.551 0.571 0.820 0.636 0.567 0.825 0.516 0.944 0.503 0.526 0.682 0.526 0.530 0.892 0.521 0.536 0.548 0.527 0.677 0.713 0.552 0.524 0.570 0.550 0.574 0.751 0.927 0.761 0.762 0.993 0.734 0.503 0.559 0.534 0.559 0.532 0.985 0.712 0.615 0.626 0.524 0.515 0.528 0.502 0.162 0.733 0.557 0.603 0.660 0.842 0.839 0.680 0.528 0.561 0.501 
ofv: -4046545.000000
Best time: 6.342
Total time:15.720 


Instance: ../Instances/CKP_Classical_Instances/25/5_70_25
RKO: VNS | 
Sol: 0.505 0.548 0.858 0.793 0.511 0.560 0.693 0.623 0.683 0.839 0.045 0.965 0.521 0.740 0.510 0.545 0.219 0.522 0.764 0.888 0.661 0.553 0.673 0.993 0.801 0.495 0.546 0.899 0.701 0.512 0.539 0.583 0.299 0.746 0.517 0.670 0.229 0.620 0.551 0.550 0.504 0.549 0.512 0.553 0.511 0.522 0.392 0.657 0.274 0.779 0.854 0.896 0.553 0.664 0.387 0.467 0.501 0.110 0.545 0.672 0.700 0.585 0.709 0.569 0.613 0.132 0.053 0.517 0.807 0.846 
ofv: -2456949.000000
Best time: 9.771
Total time:11.352 


Instance: ../Instances/CKP_Classical_Instances/25/6_70_25
RKO: VNS | 
Sol: 0.867 0.906 0.508 0.589 0.893 0.984 0.901 0.588 0.830 0.265 0.561 0.065 0.511 0.382 0.882 0.755 0.947 0.310 0.481 0.018 0.197 0.520 0.513 0.840 0.432 0.627 0.825 0.569 0.562 0.818 0.454 0.571 0.550 0.502 0.664 0.561 0.538 0.568 0.890 0.544 0.487 0.532 0.115 0.102 0.664 0.520 0.830 0.735 0.976 0.708 0.501 0.741 0.551 0.531 0.924 0.602 0.621 0.553 0.207 0.557 0.687 0.562 0.786 0.846 0.669 0.287 0.501 0.532 0.874 0.540 
ofv: -2252917.000000
Best time: 3.872
Total time:11.461 


Instance: ../Instances/CKP_Classical_Instances/25/7_70_25
RKO: VNS | 
Sol: 0.740 0.558 0.809 0.314 0.552 0.862 0.796 0.660 0.508 0.901 0.941 0.518 0.395 0.278 0.646 0.158 0.757 0.102 0.516 0.648 0.906 0.327 0.511 0.827 0.996 0.802 0.525 0.871 0.558 0.912 0.658 0.581 0.997 0.503 0.868 0.511 0.636 0.793 0.986 0.668 0.686 0.555 0.727 0.555 0.532 0.777 0.925 0.630 0.927 0.564 0.931 0.690 0.523 0.316 0.534 0.116 0.698 0.545 0.134 0.694 0.934 0.572 0.799 0.568 0.609 0.047 0.109 0.557 0.491 0.513 
ofv: -2495130.000000
Best time: 5.267
Total time:11.520 


Instance: ../Instances/CKP_Classical_Instances/25/8_70_25
RKO: VNS | 
Sol: 0.254 0.054 0.758 0.013 0.638 0.604 0.196 0.902 0.034 0.368 0.725 0.361 0.421 0.554 0.503 0.633 0.757 0.907 0.112 0.614 0.176 0.436 0.065 0.052 0.154 0.242 0.058 0.216 0.687 0.366 0.333 0.610 0.352 0.425 0.366 0.468 0.461 0.960 0.068 0.888 0.003 0.549 0.029 0.742 0.232 0.207 0.046 0.284 0.238 0.318 0.564 0.997 0.205 0.540 0.902 0.430 0.482 0.849 0.588 0.713 0.049 0.872 0.673 0.572 0.261 0.222 0.210 0.870 0.807 0.372 
ofv: -360118.000000
Best time: 14.126
Total time:14.127 


Instance: ../Instances/CKP_Classical_Instances/25/9_70_25
RKO: VNS | 
Sol: 0.120 0.052 0.249 0.628 0.961 0.636 0.820 0.605 0.109 0.437 0.590 0.023 0.767 0.046 0.254 0.456 0.234 0.570 0.519 0.004 0.798 0.219 0.119 0.006 0.094 0.153 0.782 0.845 0.183 0.242 0.123 0.035 0.492 0.372 0.554 0.880 0.001 0.036 0.082 0.512 0.224 0.278 0.094 0.414 0.100 0.026 0.368 0.956 0.883 0.032 0.897 0.106 0.373 0.316 0.082 0.105 0.099 0.347 0.775 0.034 0.228 0.439 0.968 0.214 0.843 0.297 0.208 0.549 0.623 0.669 
ofv: -205392.000000
Best time: 22.787
Total time:22.787 


Instance: ../Instances/CKP_Classical_Instances/25/10_70_25
RKO: VNS | 
Sol: 0.655 0.602 0.548 0.740 0.647 0.545 0.552 0.559 0.517 0.088 0.751 0.570 0.540 0.763 0.847 0.547 0.578 0.855 0.508 0.681 0.567 0.602 0.278 0.534 0.543 0.553 0.511 0.501 0.258 0.557 0.504 0.525 0.529 0.159 0.563 0.520 0.450 0.565 0.717 0.517 0.538 0.605 0.035 0.554 0.559 0.539 0.542 0.504 0.620 0.538 0.511 0.920 0.887 0.808 0.870 0.552 0.986 0.328 0.984 0.631 0.714 0.519 0.525 0.781 0.839 0.971 0.290 0.647 0.545 0.563 
ofv: -2994891.000000
Best time: 17.320
Total time:17.320 


Instance: ../Instances/CKP_Classical_Instances/50/1_70_50
RKO: VNS | 
Sol: 0.844 0.829 0.791 0.554 0.818 0.820 0.520 0.143 0.518 0.222 0.686 0.676 0.951 0.589 0.507 0.977 0.507 0.813 0.679 0.502 0.927 0.805 0.344 0.942 0.864 0.866 0.526 0.774 0.716 0.518 0.547 0.308 0.841 0.501 0.915 0.159 0.662 0.896 0.897 0.522 0.779 0.223 0.500 0.351 0.517 0.540 0.464 0.073 0.959 0.658 0.507 0.155 0.516 0.540 0.555 0.476 0.530 0.482 0.581 0.484 0.475 0.547 0.575 0.238 0.548 0.751 0.549 0.149 0.802 0.925 
ofv: -4019419.000000
Best time: 9.919
Total time:11.576 


Instance: ../Instances/CKP_Classical_Instances/50/2_70_50
RKO: VNS | 
Sol: 0.214 0.446 0.137 0.428 0.248 0.369 0.241 0.213 0.517 0.349 0.009 0.718 0.063 0.395 0.044 0.651 0.465 0.725 0.165 0.098 0.011 0.564 0.401 0.234 0.477 0.140 0.051 0.054 0.928 0.198 0.280 0.554 0.726 0.141 0.741 0.989 0.098 0.776 0.021 0.007 0.052 0.011 0.359 0.258 0.034 0.033 0.986 0.937 0.349 0.075 0.118 0.803 0.825 0.281 0.052 0.284 0.020 0.040 0.582 0.559 0.301 0.748 0.246 0.047 0.056 0.861 0.075 0.052 0.327 0.530 
ofv: -227006.000000
Best time: 10.173
Total time:10.173 


Instance: ../Instances/CKP_Classical_Instances/50/3_70_50
RKO: VNS | 
Sol: 0.333 0.516 0.224 0.713 0.502 0.560 0.816 0.640 0.529 0.703 0.707 0.980 0.015 0.319 0.611 0.011 0.356 0.970 0.177 0.864 0.859 0.254 0.565 0.559 0.171 0.290 0.185 0.086 0.504 0.857 0.753 0.709 0.157 0.750 0.965 0.952 0.575 0.251 0.548 0.726 0.228 0.555 0.630 0.055 0.661 0.098 0.007 0.454 0.718 0.551 0.549 0.994 0.606 0.645 0.620 0.293 0.613 0.530 0.874 0.405 0.628 0.543 0.570 0.519 0.846 0.618 0.721 0.843 0.446 0.042 
ofv: -2652621.000000
Best time: 10.387
Total time:10.387 


Instance: ../Instances/CKP_Classical_Instances/50/4_70_50
RKO: VNS | 
Sol: 0.321 0.048 0.294 0.072 0.082 0.049 0.482 0.431 0.032 0.184 0.130 0.136 0.112 0.625 0.071 0.029 0.432 0.167 0.068 0.051 0.392 0.183 0.472 0.121 0.106 0.139 0.076 0.029 0.065 0.030 0.141 0.195 0.011 0.137 0.955 0.128 0.009 0.062 0.329 0.498 0.208 0.512 0.053 0.927 0.027 0.076 0.078 0.117 0.034 0.096 0.126 0.035 0.339 0.304 0.088 0.176 0.261 0.185 0.059 0.473 0.074 0.059 0.059 0.491 0.604 0.030 0.509 0.433 0.291 0.098 
ofv: -6638.000000
Best time: 10.990
Total time:10.990 


Instance: ../Instances/CKP_Classical_Instances/50/5_70_50
RKO: VNS | 
Sol: 0.537 0.549 0.559 0.565 0.957 0.564 0.514 0.261 0.754 0.535 0.537 0.887 0.531 0.888 0.632 0.691 0.507 0.733 0.844 0.952 0.619 0.635 0.743 0.565 0.550 0.766 0.551 0.512 0.963 0.702 0.563 0.017 0.511 0.541 0.513 0.523 0.585 0.684 0.558 0.855 0.742 0.522 0.506 0.541 0.959 0.599 0.221 0.549 0.751 0.528 0.545 0.877 0.689 0.759 0.859 0.508 0.513 0.553 0.922 0.949 0.532 0.505 0.784 0.871 0.770 0.176 0.911 0.696 0.842 0.808 
ofv: -7154127.000000
Best time: 6.524
Total time:14.955 


Instance: ../Instances/CKP_Classical_Instances/50/6_70_50
RKO: VNS | 
Sol: 0.148 0.191 0.390 0.602 0.471 0.110 0.487 0.882 0.669 0.099 0.484 0.958 0.270 0.943 0.610 0.925 0.491 0.194 0.978 0.728 0.393 0.968 0.434 0.248 0.524 0.701 0.679 0.443 0.707 0.578 0.974 0.097 0.925 0.727 0.584 0.056 0.669 0.375 0.391 0.325 0.578 0.916 0.235 0.431 0.573 0.884 0.056 0.772 0.540 0.689 0.585 0.567 0.521 0.330 0.794 0.215 0.675 0.776 0.316 0.507 0.509 0.359 0.677 0.524 0.690 0.228 0.552 0.221 0.894 0.740 
ofv: -1771666.000000
Best time: 7.845
Total time:10.780 


Instance: ../Instances/CKP_Classical_Instances/50/7_70_50
RKO: VNS | 
Sol: 0.550 0.539 0.524 0.799 0.527 0.492 0.562 0.560 0.887 0.710 0.557 0.925 0.899 0.502 0.997 0.535 0.525 0.551 0.576 0.531 0.698 0.555 0.510 0.782 0.712 0.931 0.592 0.511 0.821 0.519 0.514 0.636 0.550 0.808 0.660 0.560 0.989 0.500 0.554 0.558 0.538 0.538 0.510 0.827 0.540 0.570 0.978 0.518 0.566 0.556 0.548 0.547 0.567 0.528 0.546 0.772 0.592 0.506 0.535 0.543 0.509 0.754 0.584 0.539 0.866 0.519 0.614 0.514 0.874 0.515 
ofv: -8082857.000000
Best time: 3.495
Total time:14.736 


Instance: ../Instances/CKP_Classical_Instances/50/8_70_50
RKO: VNS | 
Sol: 0.946 0.558 0.610 0.523 0.731 0.532 0.678 0.841 0.889 0.903 0.551 0.561 0.517 0.521 0.973 0.515 0.018 0.543 0.020 0.381 0.738 0.587 0.175 0.794 0.971 0.817 0.206 0.732 0.535 0.178 0.603 0.794 0.510 0.978 0.517 0.850 0.501 0.262 0.527 0.923 0.549 0.835 0.844 0.563 0.540 0.917 0.500 0.510 0.523 0.987 0.500 0.763 0.503 0.234 0.539 0.545 0.544 0.552 0.569 0.567 0.503 0.651 0.994 0.536 0.127 0.702 0.728 0.516 0.869 0.972 
ofv: -5415927.000000
Best time: 8.246
Total time:11.073 


Instance: ../Instances/CKP_Classical_Instances/50/9_70_50
RKO: VNS | 
Sol: 0.539 0.651 0.509 0.602 0.505 0.612 0.606 0.654 0.892 0.746 0.825 0.531 0.855 0.558 0.565 0.710 0.493 0.524 0.327 0.757 0.624 0.522 0.878 0.567 0.508 0.515 0.542 0.689 0.751 0.526 0.986 0.508 0.733 0.818 0.941 0.503 0.196 0.508 0.947 0.747 0.586 0.558 0.881 0.554 0.512 0.909 0.734 0.883 0.545 0.670 0.763 0.537 0.792 0.108 0.411 0.514 0.521 0.238 0.554 0.515 0.564 0.569 0.525 0.527 0.505 0.718 0.964 0.664 0.660 0.790 
ofv: -6495850.000000
Best time: 7.679
Total time:10.520 


Instance: ../Instances/CKP_Classical_Instances/50/10_70_50
RKO: VNS | 
Sol: 0.639 0.681 0.935 0.641 0.819 0.731 0.847 0.542 0.570 0.990 0.569 0.745 0.987 0.807 0.465 0.567 0.767 0.985 0.927 0.512 0.622 0.570 0.545 0.605 0.544 0.574 0.510 0.549 0.895 0.671 0.784 0.536 0.815 0.550 0.567 0.548 0.669 0.838 0.537 0.506 0.919 0.554 0.346 0.300 0.530 0.570 0.501 0.532 0.527 0.712 0.822 0.050 0.568 0.565 0.732 0.571 0.935 0.558 0.929 0.480 0.592 0.750 0.501 0.787 0.670 0.543 0.530 0.867 0.571 0.563 
ofv: -6832533.000000
Best time: 4.207
Total time:13.686 


Instance: ../Instances/CKP_Classical_Instances/75/1_70_75
RKO: VNS | 
Sol: 0.521 0.248 0.915 0.509 0.529 0.513 0.543 0.676 0.528 0.507 0.744 0.533 0.662 0.997 0.538 0.914 0.519 0.879 0.471 0.562 0.962 0.912 0.712 0.588 0.517 0.542 0.604 0.527 0.792 0.680 0.882 0.740 0.453 0.522 0.508 0.519 0.528 0.009 0.509 0.007 0.099 0.994 0.511 0.567 0.992 0.535 0.526 0.886 0.559 0.520 0.575 0.504 0.944 0.503 0.569 0.698 0.857 0.988 0.551 0.561 0.810 0.523 0.541 0.527 0.509 0.132 0.610 0.507 0.501 0.759 
ofv: -9221492.000000
Best time: 11.642
Total time:11.642 


Instance: ../Instances/CKP_Classical_Instances/75/2_70_75
RKO: VNS | 
Sol: 0.530 0.266 0.153 0.536 0.650 0.543 0.903 0.375 0.902 0.053 0.992 0.316 0.553 0.564 0.556 0.551 0.950 0.380 0.532 0.422 0.954 0.931 0.253 0.256 0.927 0.906 0.713 0.795 0.155 0.159 0.313 0.789 0.568 0.653 0.406 0.878 0.523 0.530 0.875 0.930 0.521 0.966 0.814 0.369 0.251 0.813 0.651 0.616 0.408 0.667 0.507 0.376 0.682 0.724 0.626 0.985 0.568 0.512 0.351 0.339 0.641 0.156 0.573 0.868 0.566 0.929 0.664 0.933 0.417 0.604 
ofv: -4405343.000000
Best time: 10.568
Total time:10.568 


Instance: ../Instances/CKP_Classical_Instances/75/3_70_75
RKO: VNS | 
Sol: 0.748 0.567 0.512 0.298 0.948 0.147 0.863 0.579 0.353 0.062 0.757 0.520 0.494 0.688 0.541 0.981 0.932 0.932 0.334 0.935 0.267 0.933 0.534 0.557 0.509 0.756 0.086 0.514 0.896 0.554 0.823 0.838 0.516 0.736 0.923 0.273 0.279 0.232 0.543 0.525 0.518 0.539 0.466 0.899 0.580 0.882 0.275 0.549 0.561 0.571 0.641 0.945 0.536 0.997 0.512 0.835 0.724 0.555 0.796 0.512 0.527 0.518 0.547 0.347 0.589 0.570 0.542 0.529 0.904 0.876 
ofv: -6552660.000000
Best time: 11.152
Total time:11.200 


Instance: ../Instances/CKP_Classical_Instances/75/4_70_75
RKO: VNS | 
Sol: 0.037 0.132 0.059 0.026 0.117 0.611 0.173 0.738 0.099 0.005 0.593 0.223 0.457 0.145 0.278 0.018 0.055 0.872 0.253 0.112 0.190 0.208 0.114 0.334 0.114 0.162 0.045 0.389 0.402 0.359 0.507 0.496 0.084 0.348 0.326 0.049 0.117 0.321 0.199 0.089 0.005 0.057 0.242 0.893 0.006 0.045 0.043 0.006 0.776 0.224 0.552 0.210 0.031 0.868 0.116 0.043 0.424 0.156 0.124 0.049 0.068 0.120 0.080 0.082 0.313 0.133 0.357 0.599 0.112 0.083 
ofv: -34071.000000
Best time: 13.338
Total time:13.338 


Instance: ../Instances/CKP_Classical_Instances/75/5_70_75
RKO: VNS | 
Sol: 0.060 0.706 0.549 0.811 0.121 0.422 0.846 0.440 0.213 0.091 0.016 0.084 0.311 0.065 0.460 0.546 0.773 0.252 0.713 0.004 0.510 0.373 0.813 0.654 0.629 0.415 0.191 0.960 0.947 0.604 0.428 0.002 0.382 0.889 0.066 0.738 0.374 0.230 0.245 0.372 0.961 0.019 0.087 0.342 0.356 0.226 0.744 0.894 0.458 0.853 0.668 0.899 0.943 0.387 0.362 0.559 0.570 0.359 0.703 0.795 0.058 0.905 0.012 0.451 0.367 0.008 0.060 0.965 0.679 0.088 
ofv: -1027411.000000
Best time: 17.418
Total time:17.418 


Instance: ../Instances/CKP_Classical_Instances/75/6_70_75
RKO: VNS | 
Sol: 0.847 0.650 0.602 0.918 0.217 0.396 0.060 0.811 0.872 0.560 0.222 0.848 0.212 0.368 0.221 0.066 0.554 0.257 0.690 0.755 0.523 0.058 0.237 0.844 0.146 0.752 0.579 0.701 0.518 0.390 0.530 0.913 0.836 0.628 0.605 0.720 0.670 0.601 0.624 0.778 0.943 0.566 0.851 0.579 0.777 0.857 0.809 0.088 0.501 0.020 0.558 0.931 0.355 0.777 0.182 0.839 0.914 0.709 0.885 0.986 0.761 0.928 0.676 0.557 0.620 0.721 0.272 0.284 0.858 0.450 
ofv: -4668174.000000
Best time: 8.551
Total time:10.433 


Instance: ../Instances/CKP_Classical_Instances/75/7_70_75
RKO: VNS | 
Sol: 0.374 0.017 0.369 0.086 0.018 0.082 0.241 0.403 0.021 0.665 0.114 0.370 0.132 0.150 0.098 0.110 0.321 0.869 0.071 0.468 0.091 0.849 0.012 0.037 0.080 0.131 0.052 0.124 0.289 0.003 0.004 0.985 0.423 0.446 0.182 0.032 0.048 0.223 0.126 0.489 0.119 0.441 0.041 0.081 0.439 0.000 0.047 0.427 0.084 0.043 0.032 0.260 0.034 0.003 0.218 0.078 0.119 0.048 0.615 0.286 0.104 0.097 0.057 0.468 0.103 0.095 0.080 0.292 0.810 0.111 
ofv: -8774.000000
Best time: 4.955
Total time:14.801 


Instance: ../Instances/CKP_Classical_Instances/75/8_70_75
RKO: VNS | 
Sol: 0.061 0.062 0.320 0.107 0.153 0.117 0.026 0.152 0.024 0.086 0.254 0.144 0.179 0.102 0.612 0.151 0.489 0.276 0.541 0.000 0.114 0.032 0.204 0.071 0.953 0.035 0.246 0.075 0.031 0.123 0.169 0.134 0.018 0.030 0.141 0.100 0.167 0.137 0.061 0.059 0.549 0.440 0.476 0.487 0.046 0.045 0.102 0.951 0.124 0.383 0.043 0.195 0.012 0.152 0.135 0.041 0.138 0.095 0.032 0.141 0.090 0.548 0.278 0.421 0.501 0.182 0.444 0.061 0.080 0.044 
ofv: -14796.000000
Best time: 14.912
Total time:14.912 


Instance: ../Instances/CKP_Classical_Instances/75/9_70_75
RKO: VNS | 
Sol: 0.074 0.438 0.450 0.490 0.518 0.860 0.031 0.659 0.262 0.894 0.581 0.914 0.016 0.954 0.716 0.445 0.884 0.863 0.684 0.022 0.622 0.818 0.016 0.731 0.161 0.138 0.024 0.337 0.035 0.323 0.436 0.997 0.474 0.799 0.275 0.998 0.931 0.841 0.307 0.501 0.943 0.982 0.433 0.501 0.581 0.968 0.277 0.313 0.382 0.939 0.050 0.084 0.403 0.235 0.435 0.487 0.978 0.547 0.752 0.764 0.637 0.206 0.914 0.566 0.124 0.696 0.143 0.753 0.524 0.985 
ofv: -1913730.000000
Best time: 10.093
Total time:10.093 


Instance: ../Instances/CKP_Classical_Instances/75/10_70_75
RKO: VNS | 
Sol: 0.570 0.830 0.630 0.207 0.559 0.552 0.477 0.909 0.547 0.722 0.712 0.857 0.330 0.892 0.563 0.865 0.291 0.829 0.169 0.394 0.793 0.517 0.506 0.955 0.250 0.867 0.593 0.464 0.609 0.984 0.056 0.454 0.893 0.643 0.454 0.608 0.544 0.920 0.216 0.953 0.713 0.575 0.756 0.984 0.057 0.529 0.744 0.764 0.800 0.985 0.550 0.401 0.797 0.652 0.534 0.945 0.632 0.512 0.670 0.601 0.846 0.922 0.619 0.891 0.560 0.571 0.985 0.705 0.319 0.558 
ofv: -6245682.000000
Best time: 13.139
Total time:13.139 


Instance: ../Instances/CKP_Classical_Instances/100/1_70_100
RKO: VNS | 
Sol: 0.598 0.708 0.955 0.912 0.997 0.163 0.814 0.842 0.268 0.127 0.538 0.139 0.600 0.908 0.624 0.557 0.557 0.738 0.064 0.838 0.835 0.639 0.966 0.983 0.248 0.894 0.900 0.538 0.859 0.139 0.839 0.524 0.806 0.505 0.536 0.641 0.630 0.928 0.613 0.879 0.453 0.857 0.078 0.527 0.245 0.518 0.346 0.702 0.494 0.564 0.569 0.539 0.661 0.901 0.618 0.570 0.659 0.985 0.081 0.154 0.818 0.865 0.582 0.187 0.055 0.935 0.554 0.905 0.759 0.581 
ofv: -7804014.000000
Best time: 14.588
Total time:14.588 


Instance: ../Instances/CKP_Classical_Instances/100/2_70_100
RKO: VNS | 
Sol: 0.851 0.057 0.505 0.466 0.127 0.948 0.137 0.115 0.175 0.712 0.038 0.739 0.067 0.638 0.631 0.007 0.010 0.480 0.925 0.181 0.752 0.027 0.877 0.065 0.100 0.025 0.273 0.082 0.814 0.947 0.897 0.563 0.270 0.059 0.273 0.372 0.320 0.533 0.527 0.914 0.185 0.876 0.121 0.701 0.129 0.472 0.064 0.807 0.459 0.728 0.903 0.040 0.301 0.107 0.482 0.037 0.119 0.006 0.118 0.001 0.052 0.169 0.415 0.151 0.480 0.470 0.193 0.393 0.013 0.639 
ofv: -614349.000000
Best time: 15.142
Total time:15.145 


Instance: ../Instances/CKP_Classical_Instances/100/3_70_100
RKO: VNS | 
Sol: 0.061 0.288 0.601 0.088 0.139 0.178 0.017 0.074 0.457 0.412 0.595 0.448 0.187 0.767 0.127 0.307 0.014 0.486 0.722 0.142 0.405 0.250 0.198 0.185 0.633 0.041 0.853 0.542 0.296 0.950 0.102 0.981 0.420 0.840 0.164 0.057 0.576 0.010 0.132 0.005 0.367 0.055 0.527 0.236 0.432 0.166 0.146 0.015 0.568 0.118 0.778 0.189 0.034 0.455 0.541 0.336 0.104 0.100 0.829 0.471 0.860 0.798 0.841 0.139 0.995 0.010 0.444 0.851 0.748 0.421 
ofv: -529408.000000
Best time: 14.390
Total time:14.390 


Instance: ../Instances/CKP_Classical_Instances/100/4_70_100
RKO: VNS | 
Sol: 0.440 0.816 0.943 0.567 0.720 0.956 0.058 0.880 0.617 0.008 0.396 0.119 0.199 0.269 0.937 0.445 0.040 0.494 0.307 0.966 0.813 0.870 0.808 0.252 0.051 0.001 0.541 0.973 0.655 0.676 0.531 0.840 0.971 0.715 0.626 0.837 0.991 0.491 0.899 0.378 0.140 0.898 0.455 0.072 0.704 0.371 0.205 0.861 0.850 0.329 0.961 0.199 0.363 0.175 0.181 0.824 0.027 0.125 0.327 0.935 0.237 0.281 0.046 0.992 0.852 0.009 0.351 0.941 0.485 0.403 
ofv: -1953438.000000
Best time: 12.688
Total time:12.688 


Instance: ../Instances/CKP_Classical_Instances/100/5_70_100
RKO: VNS | 
Sol: 0.095 0.052 0.094 0.063 0.339 0.332 0.897 0.285 0.066 0.565 0.092 0.517 0.090 0.455 0.085 0.136 0.511 0.033 0.053 0.484 0.101 0.231 0.021 0.001 0.113 0.261 0.946 0.992 0.028 0.012 0.519 0.725 0.270 0.767 0.312 0.462 0.535 0.272 0.396 0.571 0.062 0.110 0.132 0.004 0.123 0.064 0.004 0.001 0.010 0.062 0.248 0.837 0.119 0.002 0.207 0.040 0.470 0.103 0.097 0.491 0.047 0.159 0.114 0.059 0.217 0.273 0.211 0.079 0.435 0.090 
ofv: -89134.000000
Best time: 17.350
Total time:17.350 


Instance: ../Instances/CKP_Classical_Instances/100/6_70_100
RKO: VNS | 
Sol: 0.133 0.135 0.362 0.059 0.124 0.386 0.951 0.307 0.445 0.219 0.287 0.063 0.118 0.142 0.292 0.292 0.063 0.031 0.293 0.041 0.035 0.015 0.082 0.355 0.246 0.083 0.795 0.007 0.306 0.213 0.213 0.358 0.005 0.303 0.048 0.084 0.357 0.476 0.214 0.129 0.033 0.089 0.084 0.186 0.353 0.054 0.040 0.078 0.033 0.038 0.038 0.738 0.042 0.560 0.282 0.109 0.105 0.529 0.571 0.102 0.062 0.402 0.030 0.114 0.075 0.457 0.315 0.864 0.002 0.129 
ofv: -17383.000000
Best time: 11.299
Total time:11.299 


Instance: ../Instances/CKP_Classical_Instances/100/7_70_100
RKO: VNS | 
Sol: 0.390 0.007 0.829 0.853 0.915 0.403 0.955 0.478 0.380 0.047 0.728 0.801 0.104 0.447 0.346 0.080 0.805 0.772 0.142 0.973 0.130 0.974 0.890 0.847 0.129 0.510 0.284 0.094 0.579 0.029 0.074 0.288 0.231 0.718 0.165 0.072 0.298 0.567 0.223 0.334 0.120 0.827 0.519 0.414 0.113 0.978 0.460 0.909 0.332 0.873 0.029 0.869 0.913 0.805 0.422 0.701 0.142 0.309 0.550 0.822 0.092 0.757 0.213 0.052 0.065 0.591 0.349 0.091 0.007 0.451 
ofv: -1217093.000000
Best time: 5.134
Total time:10.449 


Instance: ../Instances/CKP_Classical_Instances/100/8_70_100
RKO: VNS | 
Sol: 0.078 0.202 0.056 0.376 0.085 0.723 0.054 0.495 0.281 0.359 0.057 0.248 0.082 0.013 0.324 0.344 0.519 0.028 0.438 0.966 0.874 0.070 0.080 0.080 0.137 0.780 0.121 0.040 0.099 0.364 0.116 0.199 0.079 0.154 0.464 0.927 0.126 0.032 0.506 0.062 0.552 0.017 0.565 0.932 0.624 0.350 0.262 0.440 0.228 0.551 0.385 0.138 0.118 0.469 0.228 0.529 0.054 0.057 0.807 0.075 0.627 0.908 0.116 0.479 0.186 0.056 0.580 0.088 0.517 0.653 
ofv: -342291.000000
Best time: 11.880
Total time:11.880 


Instance: ../Instances/CKP_Classical_Instances/100/9_70_100
RKO: VNS | 
Sol: 0.558 0.559 0.553 0.536 0.554 0.953 0.544 0.534 0.527 0.771 0.285 0.555 0.828 0.600 0.542 0.819 0.520 0.780 0.510 0.873 0.567 0.511 0.986 0.709 0.570 0.562 0.532 0.529 0.845 0.578 0.565 0.511 0.951 0.988 0.681 0.709 0.193 0.912 0.546 0.523 0.532 0.568 0.764 0.523 0.917 0.565 0.569 0.792 0.562 0.523 0.850 0.530 0.590 0.727 0.991 0.537 0.743 0.562 0.505 0.564 0.956 0.539 0.528 0.511 0.542 0.757 0.546 0.522 0.553 0.571 
ofv: -15446837.000000
Best time: 5.124
Total time:11.415 


Instance: ../Instances/CKP_Classical_Instances/100/10_70_100
RKO: VNS | 
Sol: 0.434 0.500 0.750 0.505 0.880 0.681 0.691 0.354 0.696 0.486 0.899 0.572 0.828 0.600 0.528 0.472 0.290 0.241 0.598 0.861 0.399 0.050 0.477 0.831 0.885 0.963 0.260 0.177 0.228 0.246 0.122 0.647 0.750 0.370 0.173 0.586 0.411 0.607 0.799 0.894 0.334 0.065 0.032 0.942 0.490 0.457 0.658 0.357 0.796 0.714 0.385 0.146 0.758 0.749 0.197 0.411 0.269 0.439 0.229 0.881 0.096 0.044 0.494 0.860 0.880 0.639 0.702 0.705 0.816 0.563 
ofv: -2306143.000000
Best time: 10.105
Total time:10.105 


Instance: ../Instances/CKP_Classical_Instances/25/1_70_25
RKO: BRKGA | 
Sol: 0.170 0.704 0.710 0.760 0.587 0.687 0.076 0.813 0.304 0.779 0.220 0.543 0.940 0.967 0.717 0.270 0.479 0.220 0.898 0.543 0.074 0.490 0.834 0.831 0.147 0.489 0.801 0.815 0.831 0.266 0.639 0.993 0.883 0.779 0.768 0.948 0.693 0.594 0.546 0.632 0.295 0.583 0.570 0.990 0.590 0.738 0.430 0.813 0.829 0.923 0.228 0.382 0.562 0.397 0.988 0.630 0.173 0.806 0.220 0.736 0.985 0.938 0.778 0.773 0.940 0.698 0.358 0.703 0.767 0.836 
ofv: -1540421.000000
Best time: 9.096
Total time:10.167 


Instance: ../Instances/CKP_Classical_Instances/25/2_70_25
RKO: BRKGA | 
Sol: 0.536 0.503 0.890 0.716 0.022 0.171 0.698 0.925 0.872 0.397 0.632 0.531 0.644 0.828 0.086 0.839 0.574 0.927 0.557 0.984 0.548 0.962 0.902 0.890 0.903 0.873 0.644 0.563 0.559 0.785 0.605 0.539 0.627 0.913 0.575 0.400 0.846 0.667 0.842 0.732 0.732 0.517 0.532 0.819 0.739 0.546 0.282 0.668 0.603 0.844 0.674 0.938 0.927 0.786 0.565 0.413 0.823 0.970 0.709 0.774 0.737 0.935 0.342 0.949 0.883 0.347 0.644 0.727 0.898 0.516 
ofv: -2839433.000000
Best time: 9.740
Total time:10.007 


Instance: ../Instances/CKP_Classical_Instances/25/3_70_25
RKO: BRKGA | 
Sol: 0.845 0.301 0.500 0.524 0.891 0.830 0.379 0.775 0.666 0.624 0.759 0.711 0.336 0.758 0.065 0.880 0.416 0.248 0.608 0.913 0.345 0.851 0.634 0.483 0.583 0.142 0.959 0.718 0.971 0.408 0.056 0.846 0.265 0.311 0.780 0.820 0.715 0.560 0.039 0.697 0.537 0.762 0.672 0.483 0.119 0.127 0.633 0.015 0.701 0.622 0.516 0.759 0.508 0.749 0.146 0.591 0.579 0.476 0.246 0.230 0.826 0.042 0.753 0.918 0.277 0.437 0.382 0.297 0.436 0.914 
ofv: -848855.000000
Best time: 9.447
Total time:10.168 


Instance: ../Instances/CKP_Classical_Instances/25/4_70_25
RKO: BRKGA | 
Sol: 0.953 0.716 0.749 0.996 0.806 0.711 0.505 0.503 0.944 0.521 0.692 0.893 0.573 0.814 0.645 0.739 0.731 0.932 0.899 0.743 0.702 0.763 0.982 0.977 0.802 0.819 0.608 0.654 0.718 0.932 0.984 0.548 0.568 0.511 0.721 0.633 0.653 0.887 0.708 0.529 0.645 0.789 0.958 0.894 0.693 0.756 0.518 0.840 0.502 0.781 0.948 0.535 0.588 0.855 0.528 0.668 0.901 0.605 0.959 0.169 0.934 0.641 0.959 0.931 0.790 0.772 0.882 0.820 0.974 0.969 
ofv: -4046545.000000
Best time: 6.229
Total time:10.036 


Instance: ../Instances/CKP_Classical_Instances/25/5_70_25
RKO: BRKGA | 
Sol: 0.835 0.931 0.959 0.584 0.612 0.764 0.514 0.718 0.879 0.842 0.092 0.978 0.611 0.770 0.924 0.904 0.056 0.561 0.958 0.563 0.930 0.522 0.453 0.840 0.776 0.151 0.879 0.832 0.565 0.884 0.785 0.950 0.687 0.995 0.145 0.566 0.224 0.278 0.069 0.947 0.990 0.877 0.602 0.560 0.992 0.930 0.998 0.535 0.920 0.995 0.690 0.744 0.891 0.835 0.056 0.115 0.926 0.661 0.603 0.717 0.938 0.831 0.889 0.786 0.905 0.708 0.355 0.756 0.697 0.501 
ofv: -2556073.000000
Best time: 10.156
Total time:10.157 


Instance: ../Instances/CKP_Classical_Instances/25/6_70_25
RKO: BRKGA | 
Sol: 0.693 0.817 0.956 0.941 0.680 0.164 0.645 0.940 0.952 0.788 0.709 0.893 0.945 0.804 1.000 0.855 0.560 0.842 0.814 0.322 0.390 0.972 0.141 0.917 0.762 0.715 0.797 0.976 0.922 0.670 0.856 0.548 0.543 0.659 0.117 0.618 0.837 0.828 0.952 0.520 0.259 0.855 0.692 0.882 0.193 0.659 0.696 0.576 0.807 0.756 0.767 0.831 0.837 0.501 0.892 0.548 0.723 0.890 0.781 0.265 0.637 0.516 0.911 0.227 0.511 0.703 0.512 0.069 0.506 0.635 
ofv: -2686704.000000
Best time: 6.622
Total time:10.145 


Instance: ../Instances/CKP_Classical_Instances/25/7_70_25
RKO: BRKGA | 
Sol: 0.926 0.641 0.922 0.784 0.572 0.930 0.378 0.971 0.529 0.215 0.599 0.614 0.852 0.126 0.658 0.389 0.680 0.542 0.868 0.840 0.914 0.917 0.943 0.600 0.824 0.859 0.583 0.882 0.666 0.695 0.882 0.737 0.598 0.691 0.577 0.694 0.742 0.660 0.989 0.879 0.940 0.634 0.510 0.565 0.729 0.630 0.729 0.815 0.824 0.760 0.994 0.877 0.993 0.192 0.985 0.218 0.590 0.787 0.133 0.977 0.822 0.332 0.713 0.589 0.571 0.056 0.327 0.617 0.775 0.615 
ofv: -2722656.000000
Best time: 9.195
Total time:10.040 


Instance: ../Instances/CKP_Classical_Instances/25/8_70_25
RKO: BRKGA | 
Sol: 0.291 0.610 0.316 0.006 0.648 0.444 0.744 0.678 0.334 0.042 0.633 0.054 0.935 0.587 0.478 0.114 0.295 0.924 0.456 0.922 0.665 0.295 0.378 0.317 0.396 0.255 0.120 0.531 0.740 0.164 0.024 0.990 0.503 0.619 0.345 0.186 0.206 0.629 0.027 0.661 0.393 0.724 0.653 0.556 0.104 0.097 0.098 0.653 0.894 0.205 0.559 0.303 0.379 0.943 0.514 0.336 0.106 0.509 0.760 0.618 0.597 0.809 0.661 0.542 0.001 0.699 0.442 0.685 0.885 0.371 
ofv: -528877.000000
Best time: 9.975
Total time:10.231 


Instance: ../Instances/CKP_Classical_Instances/25/9_70_25
RKO: BRKGA | 
Sol: 0.850 0.080 0.623 0.851 0.775 0.348 0.810 0.173 0.566 0.416 0.862 0.018 0.133 0.371 0.216 0.217 0.205 0.575 0.601 0.231 0.809 0.498 0.409 0.886 0.396 0.141 0.682 0.944 0.121 0.121 0.449 0.066 0.334 0.082 0.355 0.962 0.460 0.925 0.890 0.762 0.834 0.282 0.211 0.014 0.713 0.027 0.009 0.675 0.919 0.339 0.257 0.948 0.203 0.496 0.455 0.238 0.397 0.477 0.420 0.087 0.398 0.398 0.521 0.999 0.511 0.483 0.431 0.805 0.811 0.982 
ofv: -269019.000000
Best time: 8.980
Total time:10.214 


Instance: ../Instances/CKP_Classical_Instances/25/10_70_25
RKO: BRKGA | 
Sol: 0.504 0.211 0.621 0.797 0.884 0.510 0.998 0.815 0.872 0.359 0.728 0.994 0.882 0.949 0.875 0.591 0.984 0.947 0.630 0.657 0.784 0.508 0.879 0.627 0.666 0.505 0.761 0.549 0.376 0.582 0.563 0.679 0.822 0.518 0.550 0.514 0.246 0.750 0.704 0.736 0.554 0.543 0.197 0.553 0.928 0.517 0.815 0.989 0.788 0.995 0.944 0.674 0.969 0.638 0.134 0.967 0.823 0.899 0.779 0.590 0.598 0.714 0.974 0.522 0.691 0.924 0.487 0.969 0.828 0.614 
ofv: -3116346.000000
Best time: 5.576
Total time:10.067 


Instance: ../Instances/CKP_Classical_Instances/50/1_70_50
RKO: BRKGA | 
Sol: 0.755 0.535 0.792 0.636 0.557 0.796 0.967 0.392 0.860 0.816 0.870 0.748 0.046 0.450 0.381 0.777 0.517 0.585 0.550 0.654 0.821 0.408 0.873 0.848 0.820 0.827 0.654 0.594 0.968 0.946 0.932 0.205 0.743 0.714 0.952 0.763 0.711 0.206 0.941 0.986 0.513 0.742 0.557 0.532 0.551 0.840 0.592 0.287 0.265 0.546 0.446 0.854 0.005 0.651 0.773 0.682 0.773 0.322 0.758 0.996 0.836 0.741 0.873 0.616 0.999 0.560 0.681 0.155 0.641 0.929 
ofv: -4625758.000000
Best time: 10.149
Total time:10.149 


Instance: ../Instances/CKP_Classical_Instances/50/2_70_50
RKO: BRKGA | 
Sol: 0.066 0.486 0.121 0.374 0.537 0.214 0.464 0.077 0.503 0.265 0.303 0.734 0.388 0.491 0.191 0.942 0.133 0.961 0.428 0.714 0.932 0.754 0.233 0.925 0.212 0.213 0.275 0.232 0.271 0.880 0.438 0.545 0.380 0.263 0.318 0.863 0.475 0.382 0.203 0.636 0.151 0.312 0.793 0.206 0.011 0.660 0.667 0.566 0.234 0.228 0.334 0.868 0.037 0.081 0.036 0.167 0.329 0.091 0.587 0.560 0.088 0.636 0.919 0.227 0.439 0.876 0.079 0.921 0.266 0.848 
ofv: -395244.000000
Best time: 9.076
Total time:10.109 


Instance: ../Instances/CKP_Classical_Instances/50/3_70_50
RKO: BRKGA | 
Sol: 0.680 0.594 0.513 0.850 0.590 0.887 0.853 0.705 0.948 0.773 0.610 0.047 0.313 0.593 0.603 0.176 0.133 0.600 0.252 0.941 0.863 0.390 0.723 0.785 0.080 0.734 0.393 0.779 0.957 0.789 0.601 0.474 0.916 0.946 0.575 0.555 0.291 0.509 0.532 0.536 0.370 0.610 0.930 0.080 0.933 0.163 0.527 0.320 0.701 0.864 0.028 0.875 0.820 0.898 0.884 0.776 0.634 0.943 0.707 0.389 0.684 0.755 0.217 0.958 0.568 0.942 0.836 0.734 0.892 0.206 
ofv: -3501841.000000
Best time: 10.005
Total time:10.008 


Instance: ../Instances/CKP_Classical_Instances/50/4_70_50
RKO: BRKGA | 
Sol: 0.146 0.906 0.423 0.368 0.995 0.050 0.471 0.346 0.327 0.430 0.101 0.288 0.294 0.358 0.130 0.431 0.420 0.334 0.295 0.133 0.307 0.277 0.327 0.489 0.340 0.182 0.118 0.093 0.224 0.031 0.204 0.260 0.390 0.272 0.746 0.407 0.477 0.319 0.473 0.116 0.424 0.580 0.372 0.981 0.014 0.323 0.012 0.335 0.203 0.364 0.213 0.468 0.333 0.334 0.015 0.284 0.162 0.115 0.257 0.399 0.007 0.382 0.393 0.407 0.948 0.014 0.590 0.137 0.234 0.238 
ofv: -8649.000000
Best time: 5.969
Total time:10.089 


Instance: ../Instances/CKP_Classical_Instances/50/5_70_50
RKO: BRKGA | 
Sol: 0.789 0.934 0.940 0.922 0.932 0.862 0.886 0.320 0.645 0.635 0.970 0.831 0.517 0.863 0.743 0.874 0.693 0.518 0.669 0.987 0.959 0.932 0.824 0.603 0.961 0.639 0.865 0.559 0.732 0.668 0.810 0.454 0.832 0.879 0.938 0.998 0.609 0.592 0.610 0.872 0.502 0.995 0.529 0.645 0.840 0.927 0.221 0.983 0.627 0.940 0.707 0.807 0.971 0.994 0.543 0.615 0.519 0.656 0.795 0.765 0.766 0.966 0.602 0.651 0.669 0.200 0.816 0.729 0.922 0.697 
ofv: -7154127.000000
Best time: 9.440
Total time:10.042 


Instance: ../Instances/CKP_Classical_Instances/50/6_70_50
RKO: BRKGA | 
Sol: 0.225 0.283 0.820 0.900 0.414 0.549 0.097 0.184 0.067 0.235 0.765 0.509 0.664 0.754 0.607 0.584 0.335 0.668 0.839 0.739 0.136 0.532 0.381 0.968 0.825 0.514 0.597 0.272 0.321 0.458 0.980 0.256 0.492 0.012 0.503 0.390 0.721 0.965 0.993 0.173 0.532 0.719 0.942 0.378 0.669 0.330 0.177 0.631 0.988 0.917 0.794 0.791 0.877 0.092 0.308 0.724 0.704 0.732 0.525 0.661 0.895 0.490 0.903 0.967 0.618 0.499 0.919 0.430 0.900 0.756 
ofv: -2081832.000000
Best time: 10.168
Total time:10.172 


Instance: ../Instances/CKP_Classical_Instances/50/7_70_50
RKO: BRKGA | 
Sol: 0.928 0.942 0.508 0.557 0.910 0.223 0.927 0.965 0.918 0.861 0.536 0.658 0.765 0.706 0.577 0.821 0.789 0.545 0.695 0.690 0.519 0.849 0.685 0.780 0.905 0.615 0.572 0.513 0.787 0.650 0.613 0.702 0.925 0.829 0.671 0.729 0.941 0.793 0.866 0.856 0.639 0.900 0.876 0.995 0.510 0.719 0.506 0.846 0.884 0.770 0.702 0.679 0.814 0.555 0.619 0.500 0.842 0.946 0.635 0.679 0.539 0.812 0.973 0.599 0.734 0.515 0.915 0.696 0.570 0.839 
ofv: -8082857.000000
Best time: 5.806
Total time:10.049 


Instance: ../Instances/CKP_Classical_Instances/50/8_70_50
RKO: BRKGA | 
Sol: 0.740 0.530 0.222 0.287 0.656 0.904 0.761 0.931 0.693 0.701 0.695 0.928 0.709 0.557 0.720 0.632 0.209 0.543 0.818 0.721 0.646 0.916 0.133 0.528 0.888 0.800 0.030 0.603 0.795 0.617 0.769 0.980 0.932 0.878 0.871 0.523 0.540 0.313 0.798 0.380 0.948 0.633 0.551 0.577 0.640 0.660 0.947 0.710 0.566 0.585 0.818 0.627 0.603 0.429 0.696 0.591 0.681 0.831 0.964 0.797 0.941 0.529 0.729 0.713 0.126 0.714 0.858 0.719 0.954 0.508 
ofv: -5642906.000000
Best time: 8.632
Total time:10.152 


Instance: ../Instances/CKP_Classical_Instances/50/9_70_50
RKO: BRKGA | 
Sol: 0.850 0.756 0.510 0.694 0.875 0.839 0.572 0.504 0.857 0.770 0.585 0.892 0.996 0.945 0.794 0.994 0.501 0.628 0.930 0.669 0.537 0.644 0.575 0.504 0.783 0.812 0.615 0.763 0.526 0.861 0.686 0.650 0.880 0.774 0.854 0.779 0.583 0.822 0.847 0.004 0.678 0.853 0.565 0.905 0.699 0.610 0.596 0.638 0.990 0.992 0.480 0.883 0.921 0.943 0.661 0.537 0.818 0.193 0.878 0.261 0.588 0.737 0.921 0.529 0.628 0.529 0.879 0.872 0.676 0.980 
ofv: -7070757.000000
Best time: 6.618
Total time:10.060 


Instance: ../Instances/CKP_Classical_Instances/50/10_70_50
RKO: BRKGA | 
Sol: 0.991 0.686 0.646 0.538 0.801 0.661 0.773 0.921 0.982 0.568 0.703 0.741 0.883 0.899 0.307 0.668 0.866 0.598 0.650 0.721 0.993 0.711 0.903 0.629 0.879 0.790 0.528 0.520 0.947 0.646 0.536 0.925 0.635 0.699 0.589 0.607 0.981 0.692 0.778 0.689 0.694 0.848 0.030 0.835 0.779 0.727 0.918 0.671 0.660 0.528 0.949 0.476 0.803 0.769 0.221 0.675 0.641 0.900 0.782 0.053 0.548 0.792 0.706 0.858 0.675 0.738 0.793 0.637 0.637 0.599 
ofv: -6827466.000000
Best time: 9.676
Total time:10.084 


Instance: ../Instances/CKP_Classical_Instances/75/1_70_75
RKO: BRKGA | 
Sol: 0.924 0.332 0.524 0.556 0.718 0.694 0.975 0.224 0.562 0.767 0.830 0.619 0.815 0.875 0.505 0.718 0.581 0.525 0.401 0.797 0.588 0.603 0.723 0.516 0.954 0.940 0.647 0.729 0.844 0.829 0.731 0.702 0.949 0.866 0.780 0.653 0.999 0.706 0.773 0.839 0.392 0.522 0.781 0.743 0.992 0.600 0.707 0.880 0.839 0.611 0.988 0.966 0.956 0.887 0.660 0.761 0.911 0.757 0.909 0.641 0.760 0.829 0.975 0.880 0.847 0.030 0.952 0.619 0.968 0.108 
ofv: -9635805.000000
Best time: 8.601
Total time:10.125 


Instance: ../Instances/CKP_Classical_Instances/75/2_70_75
RKO: BRKGA | 
Sol: 0.877 0.465 0.326 0.545 0.660 0.951 0.950 0.457 0.571 0.418 0.018 0.656 0.653 0.645 0.553 0.841 0.529 0.764 0.833 0.915 0.938 0.502 0.031 0.953 0.431 0.228 0.854 0.719 0.384 0.902 0.803 0.543 0.709 0.753 0.923 0.356 0.573 0.521 0.688 0.603 0.688 0.500 0.534 0.664 0.954 0.896 0.944 0.807 0.398 0.534 0.839 0.170 0.554 0.031 0.593 0.600 0.888 0.994 0.008 0.590 0.545 0.910 0.621 0.999 0.544 0.514 0.510 0.307 0.135 0.937 
ofv: -5803481.000000
Best time: 8.589
Total time:10.219 


Instance: ../Instances/CKP_Classical_Instances/75/3_70_75
RKO: BRKGA | 
Sol: 0.601 0.590 0.829 0.634 0.205 0.590 0.508 0.798 0.116 0.296 0.576 0.859 0.038 0.567 0.703 0.814 0.769 0.748 0.821 0.949 0.515 0.752 0.565 0.515 0.925 0.647 0.568 0.940 0.912 0.366 0.897 0.794 0.662 0.872 0.023 0.655 0.713 0.051 0.815 0.582 0.887 0.833 0.573 0.569 0.621 0.853 0.773 0.874 0.604 0.976 0.550 0.154 0.616 0.960 0.850 0.522 0.900 0.618 0.770 0.988 0.924 0.551 0.117 0.834 0.911 0.678 0.527 0.853 0.316 0.049 
ofv: -7549893.000000
Best time: 9.056
Total time:10.102 


Instance: ../Instances/CKP_Classical_Instances/75/4_70_75
RKO: BRKGA | 
Sol: 0.164 0.447 0.119 0.134 0.401 0.052 0.942 0.809 0.101 0.067 0.950 0.266 0.326 0.236 0.278 0.279 0.323 0.625 0.446 0.391 0.339 0.994 0.483 0.213 0.119 0.492 0.019 0.103 0.429 0.356 0.422 0.117 0.878 0.427 0.090 0.470 0.226 0.113 0.066 0.210 0.171 0.398 0.076 0.950 0.073 0.401 0.325 0.243 0.048 0.399 0.017 0.422 0.468 0.731 0.370 0.875 0.209 0.030 0.368 0.411 0.236 0.077 0.119 0.328 0.491 0.191 0.010 0.562 0.180 0.166 
ofv: -32192.000000
Best time: 5.945
Total time:10.232 


Instance: ../Instances/CKP_Classical_Instances/75/5_70_75
RKO: BRKGA | 
Sol: 0.655 0.589 0.646 0.723 0.031 0.520 0.621 0.411 0.978 0.088 0.508 0.048 0.274 0.184 0.367 0.510 0.881 0.146 0.558 0.191 0.861 0.395 0.962 0.772 0.503 0.218 0.638 0.557 0.165 0.892 0.405 0.137 0.963 0.042 0.639 0.068 0.544 0.136 0.853 0.261 0.445 0.318 0.904 0.473 0.557 0.493 0.583 0.250 0.858 0.600 0.293 0.578 0.775 0.436 0.055 0.517 0.541 0.149 0.038 0.098 0.780 0.860 0.047 0.370 0.288 0.472 0.040 0.933 0.770 0.113 
ofv: -1552167.000000
Best time: 9.641
Total time:10.276 


Instance: ../Instances/CKP_Classical_Instances/75/6_70_75
RKO: BRKGA | 
Sol: 0.477 0.578 0.569 0.642 0.552 0.185 0.863 0.988 0.743 0.570 0.421 0.929 0.172 0.128 0.885 0.817 0.573 0.404 0.619 0.928 0.676 0.507 0.955 0.687 0.506 0.186 0.712 0.851 0.605 0.537 0.894 0.550 0.614 0.630 0.230 0.654 0.749 0.634 0.987 0.734 0.040 0.687 0.769 0.985 0.730 0.276 0.729 0.299 0.444 0.122 0.630 0.887 0.535 0.505 0.936 0.737 0.964 0.874 0.830 0.638 0.610 0.612 0.019 0.775 0.832 0.930 0.644 0.391 0.898 0.379 
ofv: -5782742.000000
Best time: 9.843
Total time:10.026 


Instance: ../Instances/CKP_Classical_Instances/75/7_70_75
RKO: BRKGA | 
Sol: 0.322 0.472 0.103 0.072 0.023 0.001 0.081 0.341 0.369 0.074 0.099 0.267 0.395 0.287 0.466 0.023 0.387 0.427 0.297 0.467 0.001 0.622 0.013 0.258 0.321 0.412 0.662 0.901 0.086 0.465 0.063 0.205 0.026 0.339 0.229 0.003 0.040 0.262 0.120 0.254 0.173 0.512 0.438 0.117 0.479 0.358 0.149 0.465 0.202 0.932 0.126 0.492 0.533 0.496 0.492 0.073 0.482 0.147 0.745 0.302 0.480 0.061 0.045 0.034 0.482 0.146 0.497 0.074 0.741 0.529 
ofv: -24922.000000
Best time: 7.038
Total time:10.059 


Instance: ../Instances/CKP_Classical_Instances/75/8_70_75
RKO: BRKGA | 
Sol: 0.964 0.076 0.194 0.209 0.271 0.287 0.211 0.306 0.458 0.088 0.236 0.233 0.386 0.079 0.732 0.859 0.222 0.265 0.390 0.026 0.049 0.167 0.036 0.191 0.236 0.008 0.250 0.253 0.036 0.868 0.399 0.743 0.170 0.433 0.149 0.445 0.367 0.236 0.004 0.063 0.596 0.173 0.342 0.091 0.195 0.098 0.332 0.614 0.149 0.081 0.280 0.827 0.324 0.034 0.084 0.352 0.295 0.024 0.361 0.291 0.310 0.185 0.216 0.333 0.057 0.287 0.225 0.419 0.128 0.163 
ofv: -19237.000000
Best time: 9.131
Total time:10.035 


Instance: ../Instances/CKP_Classical_Instances/75/9_70_75
RKO: BRKGA | 
Sol: 0.375 0.282 0.012 0.255 0.421 0.714 0.042 0.031 0.183 0.861 0.792 0.727 0.401 0.649 0.871 0.535 0.837 0.911 0.665 0.574 0.554 0.506 0.098 0.784 0.847 0.150 0.174 0.615 0.444 0.691 0.789 0.916 0.461 0.562 0.204 0.491 0.850 0.173 0.402 0.535 0.837 0.264 0.221 0.696 0.798 0.599 0.056 0.444 0.492 0.975 0.718 0.196 0.767 0.663 0.752 0.328 0.827 0.256 0.803 0.722 0.527 0.197 0.544 0.716 0.213 0.503 0.465 0.884 0.643 0.994 
ofv: -2530131.000000
Best time: 10.047
Total time:10.047 


Instance: ../Instances/CKP_Classical_Instances/75/10_70_75
RKO: BRKGA | 
Sol: 0.822 0.380 0.837 0.766 0.719 0.330 0.126 0.751 0.885 0.002 0.596 0.901 0.689 0.657 0.634 0.968 0.315 0.160 0.079 0.691 0.838 0.889 0.518 0.859 0.865 0.179 0.105 0.881 0.347 0.940 0.602 0.757 0.908 0.542 0.843 0.741 0.526 0.964 0.519 0.675 0.624 0.754 0.507 0.442 0.546 0.508 0.966 0.873 0.718 0.679 0.903 0.727 0.985 0.945 0.556 0.726 0.840 0.866 0.967 0.767 0.686 0.572 0.910 0.868 0.048 0.648 0.813 0.538 0.774 0.568 
ofv: -6970665.000000
Best time: 10.133
Total time:10.134 


Instance: ../Instances/CKP_Classical_Instances/100/1_70_100
RKO: BRKGA | 
Sol: 0.945 0.995 0.014 0.996 0.719 0.805 0.588 0.789 0.705 0.415 0.819 0.087 0.628 0.981 0.959 0.925 0.693 0.834 0.010 0.787 0.982 0.489 0.917 0.948 0.913 0.841 0.610 0.790 0.351 0.570 0.869 0.869 0.790 0.584 0.623 0.372 0.576 0.304 0.865 0.980 0.108 0.818 0.812 0.276 0.736 0.930 0.769 0.662 0.933 0.782 0.893 0.068 0.657 0.603 0.613 0.672 0.959 0.837 0.945 0.134 0.152 0.559 0.982 0.923 0.983 0.592 0.687 0.646 0.755 0.800 
ofv: -8772192.000000
Best time: 9.022
Total time:10.164 


Instance: ../Instances/CKP_Classical_Instances/100/2_70_100
RKO: BRKGA | 
Sol: 0.971 0.221 0.577 0.131 0.363 0.517 0.620 0.198 0.364 0.972 0.994 0.337 0.504 0.081 0.767 0.313 0.188 0.407 0.613 0.209 0.115 0.288 0.870 0.873 0.422 0.557 0.076 0.793 0.773 0.753 0.586 0.835 0.024 0.751 0.241 0.423 0.109 0.599 0.712 0.986 0.272 0.957 0.012 0.019 0.214 0.362 0.585 0.637 0.420 0.437 0.505 0.261 0.899 0.266 0.074 0.217 0.281 0.182 0.778 0.412 0.310 0.254 0.260 0.150 0.884 0.390 0.156 0.321 0.206 0.090 
ofv: -1063817.000000
Best time: 10.110
Total time:10.110 


Instance: ../Instances/CKP_Classical_Instances/100/3_70_100
RKO: BRKGA | 
Sol: 0.198 0.718 0.152 0.337 0.923 0.039 0.458 0.684 0.171 0.209 0.788 0.067 1.000 0.848 0.495 0.550 0.457 0.183 0.969 0.492 0.549 0.086 0.401 0.332 0.841 0.014 0.631 0.823 0.474 0.734 0.189 0.755 0.893 0.932 0.072 0.415 0.376 0.087 0.481 0.048 0.337 0.250 0.795 0.124 0.726 0.145 0.930 0.129 0.217 0.661 0.342 0.179 0.170 0.188 0.206 0.353 0.085 0.825 0.466 0.795 0.207 0.914 0.285 0.398 0.284 0.557 0.641 0.825 0.651 0.899 
ofv: -1026924.000000
Best time: 9.642
Total time:10.188 


Instance: ../Instances/CKP_Classical_Instances/100/4_70_100
RKO: BRKGA | 
Sol: 0.445 0.884 0.741 0.644 0.926 0.759 0.936 0.538 0.603 0.219 0.460 0.100 0.435 0.260 0.383 0.451 0.312 0.704 0.801 0.684 0.793 0.693 0.022 0.853 0.435 0.455 0.578 0.867 0.539 0.925 0.656 0.929 0.595 0.806 0.198 0.551 0.855 0.478 0.879 0.707 0.235 0.824 0.273 0.299 0.966 0.445 0.789 0.939 0.096 0.459 0.731 0.484 0.120 0.733 0.992 0.410 0.466 0.763 0.085 0.930 0.224 0.184 0.866 0.521 0.539 0.164 0.265 0.525 0.394 0.609 
ofv: -3099980.000000
Best time: 10.038
Total time:10.038 


Instance: ../Instances/CKP_Classical_Instances/100/5_70_100
RKO: BRKGA | 
Sol: 0.937 0.203 0.314 0.268 0.144 0.052 0.114 0.096 0.052 0.326 0.168 0.136 0.867 0.600 0.271 0.464 0.731 0.256 0.255 0.450 0.063 0.818 0.255 0.494 0.433 0.497 0.705 0.975 0.493 0.195 0.404 0.244 0.350 0.111 0.958 0.229 0.036 0.176 0.387 0.835 0.125 0.432 0.343 0.017 0.098 0.649 0.129 0.855 0.055 0.395 0.316 0.967 0.373 0.467 0.030 0.495 0.078 0.990 0.345 0.111 0.386 0.942 0.124 0.486 0.508 0.962 0.221 0.155 0.282 0.445 
ofv: -193795.000000
Best time: 9.501
Total time:10.039 


Instance: ../Instances/CKP_Classical_Instances/100/6_70_100
RKO: BRKGA | 
Sol: 0.893 0.210 0.034 0.273 0.026 0.411 0.570 0.376 0.229 0.439 0.805 0.103 0.226 0.750 0.360 0.041 0.405 0.078 0.328 0.591 0.422 0.300 0.241 0.379 0.378 0.104 0.240 0.420 0.920 0.195 0.274 0.432 0.296 0.152 0.494 0.422 0.108 0.266 0.373 0.224 0.018 0.259 0.385 0.374 0.166 0.378 0.217 0.474 0.351 0.106 0.214 0.274 0.294 0.413 0.296 0.376 0.363 0.754 0.418 0.109 0.449 0.506 0.432 0.236 0.095 0.270 0.320 0.513 0.394 0.534 
ofv: -45591.000000
Best time: 6.229
Total time:10.438 


Instance: ../Instances/CKP_Classical_Instances/100/7_70_100
RKO: BRKGA | 
Sol: 0.595 0.214 0.795 0.975 0.331 0.396 0.583 0.187 0.218 0.364 0.680 0.256 0.947 0.836 0.466 0.377 0.500 0.696 0.595 0.104 0.312 0.809 0.829 0.775 0.234 0.613 0.118 0.560 0.734 0.072 0.849 0.089 0.914 0.992 0.563 0.927 0.200 0.964 0.370 0.396 0.446 0.881 0.816 0.494 0.598 0.137 0.687 0.159 0.634 0.682 0.151 0.308 0.851 0.413 0.002 0.681 0.493 0.177 0.823 0.941 0.969 0.803 0.139 0.042 0.421 0.649 0.044 0.589 0.994 0.077 
ofv: -2446636.000000
Best time: 9.787
Total time:10.090 


Instance: ../Instances/CKP_Classical_Instances/100/8_70_100
RKO: BRKGA | 
Sol: 0.388 0.907 0.264 0.199 0.587 0.677 0.085 0.040 0.196 0.006 0.737 0.853 0.683 0.027 0.013 0.374 0.566 0.743 0.763 0.562 0.817 0.371 0.488 0.215 0.149 0.582 0.626 0.298 0.392 0.411 0.345 0.324 0.306 0.053 0.069 0.453 0.005 0.047 0.046 0.044 0.834 0.185 0.427 0.562 0.530 0.889 0.072 0.464 0.056 0.266 0.134 0.376 0.189 0.469 0.812 0.432 0.249 0.381 0.769 0.805 0.851 0.819 0.400 0.591 0.072 0.348 0.935 0.443 0.535 0.022 
ofv: -743402.000000
Best time: 8.566
Total time:10.163 


Instance: ../Instances/CKP_Classical_Instances/100/9_70_100
RKO: BRKGA | 
Sol: 0.778 0.683 0.833 0.978 0.576 0.814 0.641 0.877 0.766 0.692 0.171 0.896 0.758 0.758 0.907 0.850 0.924 0.738 0.652 0.989 0.650 0.742 0.609 0.511 0.938 0.963 0.574 0.681 0.523 0.959 0.769 0.826 0.547 0.979 0.695 0.943 0.166 0.815 0.710 0.944 0.986 0.866 0.694 0.753 0.728 0.653 0.869 0.921 0.977 0.735 0.875 0.852 0.774 0.595 0.678 0.777 0.950 0.509 0.869 0.891 0.977 0.825 0.851 0.687 0.673 0.602 0.644 0.944 0.534 0.716 
ofv: -15446837.000000
Best time: 5.629
Total time:10.138 


Instance: ../Instances/CKP_Classical_Instances/100/10_70_100
RKO: BRKGA | 
Sol: 0.349 0.177 0.770 0.891 0.704 0.937 0.911 0.651 0.228 0.043 0.649 0.923 0.826 0.589 0.825 0.069 0.292 0.970 0.966 0.156 0.854 0.985 0.864 0.564 0.445 0.821 0.224 0.189 0.392 0.573 0.593 0.858 0.643 0.428 0.822 0.828 0.179 0.565 0.783 0.676 0.011 0.364 0.365 0.855 0.766 0.182 0.473 0.300 0.892 0.901 0.816 0.412 0.711 0.312 0.427 0.142 0.735 0.642 0.068 0.709 0.056 0.569 0.397 0.073 0.091 0.914 0.698 0.552 0.532 0.498 
ofv: -3343874.000000
Best time: 9.058
Total time:10.017 


Instance: ../Instances/CKP_Classical_Instances/25/1_70_25
RKO: BRKGA-CS | 
Sol: 0.751 0.955 0.595 0.549 0.526 0.958 0.198 0.165 0.055 0.655 0.898 0.941 0.379 0.062 0.483 0.164 0.336 0.252 0.552 0.617 0.840 0.204 0.861 0.931 0.605 0.389 0.071 0.915 0.720 0.554 0.006 0.735 0.735 0.982 0.953 0.623 0.833 0.361 0.997 0.817 0.063 0.570 0.652 0.946 0.740 0.732 0.180 0.840 0.827 0.792 0.217 0.373 0.601 0.778 0.925 0.892 0.197 0.736 0.485 0.565 0.646 0.837 0.937 0.112 0.133 0.685 0.635 0.636 0.815 0.684 
ofv: -1425726.000000
Best time: 14.793
Total time:15.154 


Instance: ../Instances/CKP_Classical_Instances/25/2_70_25
RKO: BRKGA-CS | 
Sol: 0.824 0.724 0.518 0.592 0.202 0.357 0.560 0.513 0.678 0.326 0.779 0.552 0.624 0.809 0.528 0.794 0.502 0.737 0.749 0.854 0.566 0.181 0.510 0.621 0.577 0.525 0.742 0.949 0.763 0.917 0.868 0.770 0.617 0.565 0.571 0.070 0.021 0.928 0.970 0.552 0.568 0.624 0.541 0.932 0.505 0.636 0.464 0.788 0.569 0.516 0.948 0.887 0.822 0.590 0.595 0.010 0.607 0.824 0.470 0.801 0.902 0.669 0.720 0.501 0.951 0.139 0.548 0.906 0.592 0.550 
ofv: -2723426.000000
Best time: 9.286
Total time:11.268 


Instance: ../Instances/CKP_Classical_Instances/25/3_70_25
RKO: BRKGA-CS | 
Sol: 0.893 0.006 0.139 0.060 0.789 0.006 0.378 0.652 0.930 0.706 0.641 0.707 0.930 0.785 0.119 0.392 0.215 0.417 0.581 0.613 0.022 0.687 0.618 0.062 0.740 0.351 0.813 0.904 0.318 0.420 0.221 0.467 0.047 0.580 0.787 0.864 0.059 0.897 0.937 0.391 0.543 0.737 0.673 0.120 0.528 0.404 0.794 0.442 0.753 0.619 0.944 0.621 0.940 0.548 0.083 0.322 0.171 0.950 0.449 0.203 0.954 0.488 0.097 0.753 0.537 0.467 0.463 0.798 0.228 0.992 
ofv: -731095.000000
Best time: 13.306
Total time:13.865 


Instance: ../Instances/CKP_Classical_Instances/25/4_70_25
RKO: BRKGA-CS | 
Sol: 0.513 0.560 0.938 0.828 0.517 0.527 0.559 0.526 0.736 0.781 0.516 0.659 0.994 0.936 0.901 0.887 0.626 0.664 0.730 0.984 0.549 0.882 0.705 0.705 0.872 0.890 0.514 0.559 0.629 0.813 0.800 0.984 0.561 0.607 0.801 0.992 0.822 0.520 0.600 0.543 0.925 0.589 0.535 0.557 0.537 0.528 0.918 0.659 0.969 0.561 0.890 0.621 0.703 0.642 0.731 0.507 0.858 0.714 0.885 0.087 0.919 0.729 0.544 0.618 0.898 0.562 0.815 0.607 0.579 0.521 
ofv: -4046545.000000
Best time: 5.629
Total time:10.198 


Instance: ../Instances/CKP_Classical_Instances/25/5_70_25
RKO: BRKGA-CS | 
Sol: 0.587 0.562 0.547 0.753 0.517 0.844 0.999 0.993 0.580 0.945 0.053 0.878 0.754 0.999 0.718 0.561 0.224 0.522 0.622 0.422 0.774 0.661 0.531 0.957 0.746 0.962 0.844 0.524 0.910 0.545 0.894 0.288 0.115 0.969 0.391 0.573 0.461 0.318 0.813 0.937 0.536 0.813 0.931 0.590 0.511 0.661 0.366 0.262 0.634 0.954 0.740 0.551 0.653 0.811 0.986 0.331 0.912 0.564 0.645 0.653 0.563 0.623 0.678 0.555 0.622 0.940 0.883 0.593 0.895 0.970 
ofv: -2520441.000000
Best time: 9.835
Total time:11.535 


Instance: ../Instances/CKP_Classical_Instances/25/6_70_25
RKO: BRKGA-CS | 
Sol: 0.031 0.948 0.788 0.886 0.894 0.511 0.541 0.775 0.871 0.595 0.825 0.607 0.514 0.639 0.522 0.641 0.502 0.572 0.803 0.236 0.402 0.934 0.911 0.544 0.759 0.859 0.541 0.532 0.065 0.707 0.489 0.755 0.846 0.802 0.011 0.939 0.583 0.624 0.554 0.530 0.726 0.585 0.615 0.117 0.386 0.142 0.740 0.905 0.994 0.842 0.997 0.841 0.513 0.837 0.964 0.834 0.703 0.074 0.853 0.944 0.564 0.890 0.543 0.270 0.680 0.581 0.595 0.477 0.957 0.741 
ofv: -2468929.000000
Best time: 8.593
Total time:10.042 


Instance: ../Instances/CKP_Classical_Instances/25/7_70_25
RKO: BRKGA-CS | 
Sol: 0.549 0.969 0.517 0.283 0.789 0.920 0.976 0.515 0.704 0.667 0.825 0.909 0.252 0.216 0.582 0.115 0.548 0.014 0.679 0.872 0.645 0.361 0.553 0.730 0.560 0.625 0.681 0.557 0.753 0.824 0.887 0.956 0.764 0.544 0.558 0.506 0.554 0.559 0.996 0.517 0.503 0.871 0.674 0.908 0.504 0.630 0.882 0.508 0.590 0.884 0.862 0.900 0.524 0.424 0.774 0.219 0.957 0.951 0.396 0.571 0.549 0.973 0.689 0.599 0.708 0.330 0.478 0.831 0.009 0.800 
ofv: -2495130.000000
Best time: 7.959
Total time:10.240 


Instance: ../Instances/CKP_Classical_Instances/25/8_70_25
RKO: BRKGA-CS | 
Sol: 0.328 0.982 0.771 0.143 0.068 0.239 0.507 0.261 0.043 0.424 0.861 0.315 0.893 0.704 0.869 0.319 0.704 0.907 0.281 0.855 0.212 0.380 0.418 0.422 0.170 0.457 0.051 0.510 0.927 0.043 0.167 0.778 0.697 0.414 0.333 0.162 0.012 0.822 0.274 0.994 0.187 0.816 0.766 0.890 0.151 0.125 0.103 0.512 0.915 0.265 0.757 0.294 0.185 0.661 0.624 0.160 0.432 0.175 0.888 0.850 0.935 0.755 0.637 0.896 0.499 0.696 0.233 0.788 0.579 0.079 
ofv: -456356.000000
Best time: 9.246
Total time:10.085 


Instance: ../Instances/CKP_Classical_Instances/25/9_70_25
RKO: BRKGA-CS | 
Sol: 0.692 0.220 0.779 0.469 0.737 0.006 0.507 0.585 0.370 0.441 0.781 0.497 0.357 0.058 0.133 0.485 0.285 0.661 0.938 0.190 0.483 0.498 0.353 0.224 0.457 0.458 0.658 0.829 0.304 0.165 0.756 0.474 0.219 0.156 0.307 0.776 0.379 0.971 0.452 0.774 0.865 0.191 0.284 0.430 0.754 0.207 0.865 0.523 0.955 0.419 0.308 0.673 0.399 0.398 0.039 0.588 0.049 0.262 0.342 0.186 0.165 0.277 0.664 0.764 0.027 0.149 0.878 0.952 0.057 0.831 
ofv: -218406.000000
Best time: 9.162
Total time:10.047 


Instance: ../Instances/CKP_Classical_Instances/25/10_70_25
RKO: BRKGA-CS | 
Sol: 0.934 0.759 0.858 0.992 0.550 0.941 0.851 0.516 0.517 0.011 0.927 0.529 0.769 0.763 0.527 0.684 0.943 0.557 0.533 0.842 0.507 0.781 0.288 0.855 0.827 0.504 0.688 0.675 0.353 0.873 0.953 0.992 0.696 0.234 0.745 0.900 0.479 0.632 0.778 0.534 0.734 0.507 0.266 0.785 0.537 0.991 0.780 0.757 0.906 0.930 0.942 0.680 0.768 0.514 0.903 0.510 0.599 0.159 0.535 0.713 0.625 0.748 0.884 0.977 0.884 0.820 0.040 0.997 0.838 0.785 
ofv: -2994891.000000
Best time: 7.224
Total time:11.344 


Instance: ../Instances/CKP_Classical_Instances/50/1_70_50
RKO: BRKGA-CS | 
Sol: 0.974 0.476 0.801 0.418 0.703 0.568 0.890 0.249 0.822 0.415 0.157 0.681 0.342 0.933 0.660 0.522 0.574 0.843 0.967 0.579 0.062 0.706 0.975 0.649 0.786 0.940 0.542 0.696 0.639 0.542 0.843 0.929 0.903 0.631 0.955 0.836 0.853 0.376 0.819 0.843 0.940 0.518 0.564 0.926 0.505 0.682 0.607 0.851 0.604 0.655 0.882 0.163 0.100 0.575 0.850 0.793 0.668 0.387 0.944 0.923 0.284 0.671 0.963 0.888 0.980 0.639 0.866 0.070 0.851 0.554 
ofv: -4584438.000000
Best time: 13.832
Total time:13.856 


Instance: ../Instances/CKP_Classical_Instances/50/2_70_50
RKO: BRKGA-CS | 
Sol: 0.538 0.382 0.122 0.303 0.992 0.221 0.228 0.187 0.378 0.327 0.271 0.407 0.341 0.562 0.639 0.553 0.162 0.859 0.495 0.428 0.253 0.331 0.270 0.563 0.498 0.442 0.196 0.346 0.427 0.841 0.200 0.558 0.195 0.043 0.465 0.931 0.312 0.061 0.460 0.206 0.487 0.281 0.861 0.332 0.385 0.561 0.684 0.927 0.646 0.286 0.409 0.002 0.039 0.074 0.172 0.346 0.122 0.586 0.514 0.879 0.055 0.982 0.805 0.070 0.071 0.844 0.589 0.214 0.252 0.992 
ofv: -316756.000000
Best time: 14.124
Total time:14.263 


Instance: ../Instances/CKP_Classical_Instances/50/3_70_50
RKO: BRKGA-CS | 
Sol: 0.684 0.931 0.585 0.899 0.925 0.991 0.546 0.651 0.463 0.862 0.720 0.323 0.944 0.670 0.541 0.126 0.051 0.590 0.042 0.522 0.115 0.470 0.606 0.961 0.089 0.574 0.364 0.097 0.734 0.799 0.713 0.463 0.566 0.956 0.653 0.551 0.099 0.195 0.994 0.805 0.398 0.912 0.818 0.564 0.056 0.127 0.029 0.094 0.878 0.520 0.552 0.933 0.696 0.030 0.785 0.802 0.698 0.807 0.622 0.220 0.539 0.760 0.923 0.540 0.997 0.720 0.855 0.506 0.941 0.577 
ofv: -3101422.000000
Best time: 7.997
Total time:11.957 


Instance: ../Instances/CKP_Classical_Instances/50/4_70_50
RKO: BRKGA-CS | 
Sol: 0.314 0.862 0.347 0.307 0.037 0.334 0.209 0.021 0.422 0.418 0.047 0.044 0.114 0.047 0.246 0.121 0.211 0.365 0.001 0.265 0.164 0.030 0.432 0.240 0.064 0.033 0.141 0.278 0.033 0.463 0.022 0.128 0.081 0.074 0.031 0.474 0.236 0.230 0.036 0.277 0.026 0.527 0.094 0.060 0.277 0.880 0.400 0.453 0.434 0.268 0.338 0.041 0.347 0.296 0.104 0.032 0.529 0.058 0.085 0.486 0.421 0.132 0.216 0.004 0.041 0.041 0.326 0.333 0.036 0.096 
ofv: -2549.000000
Best time: 9.187
Total time:15.086 


Instance: ../Instances/CKP_Classical_Instances/50/5_70_50
RKO: BRKGA-CS | 
Sol: 0.607 0.502 0.524 0.732 0.925 0.535 0.508 0.317 0.514 0.918 0.516 0.950 0.506 0.913 0.568 0.559 0.805 0.791 0.690 0.647 0.796 0.521 0.612 0.558 0.560 0.621 0.911 0.514 0.740 0.960 0.724 0.479 0.867 0.526 0.716 0.911 0.527 0.805 0.881 0.532 0.553 0.504 0.575 0.720 0.515 0.879 0.412 0.688 0.697 0.873 0.547 0.558 0.687 0.851 0.556 0.897 0.564 0.590 0.803 0.514 0.506 0.656 0.870 0.865 0.611 0.250 0.911 0.546 0.684 0.592 
ofv: -7154127.000000
Best time: 8.276
Total time:10.103 


Instance: ../Instances/CKP_Classical_Instances/50/6_70_50
RKO: BRKGA-CS | 
Sol: 0.798 0.320 0.491 0.894 0.497 0.488 0.311 0.803 0.602 0.172 0.750 0.501 0.401 0.875 0.696 0.666 0.275 0.373 0.206 0.532 0.336 0.539 0.125 0.388 0.638 0.796 0.288 0.105 0.216 0.925 0.925 0.259 0.837 0.773 0.981 0.215 0.972 0.476 0.283 0.204 0.632 0.879 0.829 0.272 0.649 0.189 0.273 0.852 0.723 0.845 0.993 0.858 0.662 0.056 0.918 0.231 0.633 0.965 0.581 0.874 0.913 0.965 0.836 0.918 0.959 0.211 0.602 0.187 0.638 0.564 
ofv: -1878919.000000
Best time: 12.772
Total time:13.362 


Instance: ../Instances/CKP_Classical_Instances/50/7_70_50
RKO: BRKGA-CS | 
Sol: 0.542 0.524 0.680 0.567 0.525 0.126 0.576 0.772 0.952 0.544 0.534 0.961 0.560 0.841 0.850 0.668 0.559 0.917 0.771 0.557 0.552 0.747 0.817 0.566 0.711 0.502 0.563 0.970 0.542 0.540 0.520 0.804 0.753 0.638 0.985 0.630 0.923 0.666 0.676 0.622 0.510 0.629 0.648 0.551 0.768 0.502 0.597 0.741 0.512 0.548 0.529 0.535 0.708 0.859 0.696 0.724 0.672 0.615 0.891 0.777 0.573 0.586 0.527 0.596 0.553 0.885 0.592 0.681 0.765 0.698 
ofv: -8082857.000000
Best time: 7.063
Total time:10.032 


Instance: ../Instances/CKP_Classical_Instances/50/8_70_50
RKO: BRKGA-CS | 
Sol: 0.783 0.929 0.859 0.719 0.934 0.994 0.950 0.895 0.615 0.657 0.997 0.719 0.934 0.695 0.771 0.663 0.169 0.754 0.260 0.317 0.929 0.549 0.409 0.751 0.614 0.643 0.325 0.513 0.840 0.443 0.880 0.586 0.847 0.854 0.901 0.881 0.574 0.241 0.959 0.804 0.557 0.632 0.759 0.871 0.730 0.578 0.956 0.668 0.598 0.643 0.465 0.603 0.779 0.012 0.801 0.719 0.997 0.607 0.508 0.887 0.823 0.832 0.645 0.884 0.333 0.629 0.731 0.966 0.639 0.985 
ofv: -5415927.000000
Best time: 12.739
Total time:13.455 


Instance: ../Instances/CKP_Classical_Instances/50/9_70_50
RKO: BRKGA-CS | 
Sol: 0.560 0.735 0.549 0.505 0.894 0.814 0.540 0.566 0.798 0.833 0.944 0.576 0.723 0.590 0.995 0.534 0.242 0.709 0.970 0.854 0.559 0.724 0.772 0.817 0.593 0.764 0.860 0.565 0.644 0.860 0.978 0.952 0.093 0.925 0.517 0.999 0.691 0.628 0.571 0.898 0.542 0.563 0.744 0.564 0.566 0.838 0.687 0.753 0.728 0.414 0.751 0.808 0.530 0.742 0.344 0.555 0.617 0.044 0.556 0.677 0.574 0.698 0.992 0.811 0.764 0.555 0.506 0.907 0.551 0.528 
ofv: -6790289.000000
Best time: 3.786
Total time:10.759 


Instance: ../Instances/CKP_Classical_Instances/50/10_70_50
RKO: BRKGA-CS | 
Sol: 0.620 0.815 0.705 0.886 0.997 0.770 0.892 0.854 0.782 0.543 0.898 0.987 0.542 0.971 0.389 0.549 0.846 0.712 0.555 0.724 0.856 0.510 0.897 0.555 0.546 0.757 0.803 0.534 0.612 0.703 0.773 0.736 0.539 0.514 0.748 0.885 0.976 0.808 0.655 0.728 0.772 0.559 0.491 0.880 0.595 0.699 0.777 0.747 0.512 0.333 0.579 0.380 0.500 0.485 0.554 0.519 0.980 0.657 0.532 0.680 0.831 0.703 0.573 0.232 0.551 0.631 0.632 0.766 0.721 0.564 
ofv: -6537525.000000
Best time: 5.832
Total time:10.294 


Instance: ../Instances/CKP_Classical_Instances/75/1_70_75
RKO: BRKGA-CS | 
Sol: 0.979 0.381 0.551 0.976 0.545 0.785 0.646 0.617 0.524 0.772 0.546 0.911 0.685 0.832 0.500 0.900 0.814 0.968 0.757 0.517 0.519 0.523 0.525 0.703 0.655 0.604 0.802 0.638 0.739 0.742 0.549 0.882 0.855 0.421 0.571 0.692 0.529 0.589 0.755 0.533 0.389 0.909 0.741 0.297 0.627 0.346 0.864 0.543 0.509 0.592 0.942 0.522 0.768 0.712 0.658 0.569 0.966 0.523 0.706 0.561 0.532 0.657 0.565 0.503 0.793 0.374 0.634 0.507 0.904 0.140 
ofv: -9204838.000000
Best time: 9.172
Total time:10.103 


Instance: ../Instances/CKP_Classical_Instances/75/2_70_75
RKO: BRKGA-CS | 
Sol: 0.865 0.898 0.333 0.619 0.917 0.539 0.481 0.010 0.949 0.880 0.078 0.244 0.996 0.624 0.719 0.584 0.909 0.757 0.890 0.749 0.608 0.975 0.164 0.064 0.634 0.755 0.775 0.251 0.141 0.991 0.761 0.565 0.991 0.036 0.890 0.311 0.596 0.587 0.962 0.956 0.599 0.534 0.149 0.712 0.652 0.823 0.637 0.970 0.961 0.248 0.865 0.559 0.567 0.262 0.616 0.531 0.036 0.547 0.498 0.294 0.598 0.638 0.508 0.891 0.700 0.907 0.740 0.062 0.310 0.552 
ofv: -4906923.000000
Best time: 9.337
Total time:10.033 


Instance: ../Instances/CKP_Classical_Instances/75/3_70_75
RKO: BRKGA-CS | 
Sol: 0.695 0.733 0.772 0.612 0.738 0.951 0.585 0.699 0.379 0.741 0.543 0.660 0.078 0.870 0.140 0.645 0.587 0.841 0.456 0.925 0.382 0.669 0.888 0.659 0.773 0.860 0.658 0.983 0.945 0.409 0.516 0.926 0.986 0.786 0.545 0.762 0.942 0.667 0.965 0.663 0.599 0.805 0.944 0.778 0.064 0.590 0.973 0.234 0.942 0.665 0.680 0.458 0.504 0.806 0.604 0.331 0.987 0.905 0.813 0.641 0.834 0.786 0.037 0.675 0.715 0.631 0.842 0.784 0.860 0.034 
ofv: -7176690.000000
Best time: 10.795
Total time:10.975 


Instance: ../Instances/CKP_Classical_Instances/75/4_70_75
RKO: BRKGA-CS | 
Sol: 0.010 0.453 0.470 0.088 0.056 0.061 0.883 0.783 0.217 0.482 0.720 0.424 0.435 0.232 0.131 0.467 0.090 0.673 0.283 0.012 0.106 0.065 0.175 0.161 0.234 0.006 0.299 0.476 0.247 0.223 0.031 0.507 0.552 0.215 0.234 0.065 0.051 0.025 0.454 0.012 0.401 0.113 0.141 0.900 0.292 0.480 0.042 0.498 0.560 0.057 0.297 0.281 0.201 0.081 0.061 0.317 0.490 0.086 0.302 0.330 0.425 0.289 0.227 0.213 0.465 0.138 0.468 0.534 0.478 0.230 
ofv: -22198.000000
Best time: 10.643
Total time:11.415 


Instance: ../Instances/CKP_Classical_Instances/75/5_70_75
RKO: BRKGA-CS | 
Sol: 0.709 0.827 0.492 0.520 0.959 0.404 0.922 0.801 0.583 0.457 0.912 0.207 0.358 0.086 0.252 0.949 0.597 0.273 0.753 0.354 0.723 0.219 0.672 0.596 0.542 0.152 0.504 0.591 0.412 0.693 0.376 0.905 0.095 0.641 0.341 0.058 0.938 0.035 0.229 0.065 0.464 0.016 0.566 0.023 0.941 0.484 0.530 0.147 0.524 0.951 0.074 0.751 0.211 0.345 0.138 0.817 0.556 0.418 0.050 0.052 0.514 0.689 0.089 0.347 0.136 0.444 0.005 0.839 0.634 0.386 
ofv: -1330645.000000
Best time: 9.941
Total time:10.907 


Instance: ../Instances/CKP_Classical_Instances/75/6_70_75
RKO: BRKGA-CS | 
Sol: 0.569 0.589 0.755 0.823 0.506 0.469 0.771 0.606 0.543 0.082 0.337 0.757 0.627 0.310 0.985 0.675 0.712 0.092 0.604 0.849 0.274 0.911 0.456 0.027 0.123 0.420 0.746 0.779 0.848 0.740 0.596 0.561 0.516 0.089 0.180 0.753 0.868 0.742 0.984 0.875 0.817 0.719 0.621 0.984 0.635 0.096 0.870 0.155 0.674 0.247 0.790 0.979 0.795 0.968 0.283 0.808 0.872 0.655 0.573 0.866 0.855 0.925 0.406 0.632 0.845 0.718 0.835 0.512 0.525 0.258 
ofv: -5202836.000000
Best time: 9.891
Total time:10.586 


Instance: ../Instances/CKP_Classical_Instances/75/7_70_75
RKO: BRKGA-CS | 
Sol: 0.008 0.469 0.470 0.088 0.390 0.124 0.951 0.248 0.051 0.046 0.237 0.174 0.450 0.038 0.003 0.457 0.083 0.009 0.207 0.486 0.160 0.488 0.962 0.381 0.371 0.222 0.115 0.022 0.369 0.183 0.360 0.243 0.036 0.155 0.074 0.112 0.217 0.085 0.035 0.348 0.065 0.765 0.047 0.111 0.199 0.450 0.157 0.374 0.066 0.071 0.237 0.269 0.054 0.114 0.039 0.404 0.565 0.143 0.933 0.343 0.030 0.120 0.013 0.166 0.103 0.226 0.437 0.625 0.953 0.352 
ofv: -13876.000000
Best time: 12.028
Total time:12.246 


Instance: ../Instances/CKP_Classical_Instances/75/8_70_75
RKO: BRKGA-CS | 
Sol: 0.116 0.005 0.338 0.085 0.346 0.104 0.018 0.440 0.215 0.140 0.094 0.048 0.040 0.165 0.068 0.041 0.154 0.018 0.517 0.056 0.445 0.204 0.658 0.088 0.151 0.116 0.306 0.284 0.040 0.123 0.140 0.083 0.236 0.356 0.134 0.121 0.205 0.086 0.082 0.141 0.068 0.067 0.162 0.374 0.230 0.279 0.493 0.543 0.263 0.020 0.498 0.474 0.307 0.307 0.215 0.470 0.139 0.464 0.238 0.279 0.313 0.231 0.000 0.200 0.930 0.541 0.895 0.162 0.458 0.134 
ofv: -9465.000000
Best time: 5.690
Total time:10.130 


Instance: ../Instances/CKP_Classical_Instances/75/9_70_75
RKO: BRKGA-CS | 
Sol: 0.442 0.556 0.393 0.914 0.358 0.759 0.108 0.334 0.312 0.868 0.925 0.598 0.579 0.008 0.948 0.280 0.850 0.797 0.857 0.526 0.748 0.740 0.424 0.264 0.902 0.162 0.864 0.727 0.068 0.046 0.429 0.953 0.036 0.258 0.426 0.637 0.857 0.223 0.410 0.661 0.968 0.524 0.062 0.724 0.259 0.810 0.319 0.075 0.420 0.068 0.574 0.595 0.076 0.196 0.834 0.026 0.540 0.249 0.699 0.719 0.892 0.423 0.532 0.811 0.398 0.648 0.342 0.981 0.519 0.944 
ofv: -2062738.000000
Best time: 8.920
Total time:10.045 


Instance: ../Instances/CKP_Classical_Instances/75/10_70_75
RKO: BRKGA-CS | 
Sol: 0.814 0.731 0.853 0.169 0.832 0.841 0.352 0.814 0.735 0.872 0.573 0.665 0.433 0.536 0.848 0.551 0.349 0.891 0.079 0.137 0.945 0.943 0.977 0.705 0.140 0.951 0.678 0.460 0.790 0.774 0.221 0.403 0.887 0.575 0.925 0.937 0.958 0.690 0.369 0.516 0.661 0.596 0.860 0.622 0.819 0.821 0.587 0.625 0.584 0.970 0.696 0.291 0.548 0.826 0.984 0.962 0.553 0.660 0.881 0.438 0.763 0.552 0.705 0.606 0.056 0.779 0.900 0.653 0.473 0.542 
ofv: -6245380.000000
Best time: 9.296
Total time:11.296 


Instance: ../Instances/CKP_Classical_Instances/100/1_70_100
RKO: BRKGA-CS | 
Sol: 0.564 0.655 0.588 0.991 0.504 0.840 0.891 0.942 0.091 0.494 0.704 0.277 0.920 0.761 0.557 0.940 0.347 0.879 0.141 0.826 0.504 0.688 0.890 0.945 0.456 0.837 0.675 0.569 0.984 0.117 0.524 0.531 0.556 0.867 0.904 0.571 0.592 0.942 0.808 0.596 0.082 0.657 0.373 0.698 0.428 0.255 0.730 0.674 0.096 0.136 0.747 0.966 0.757 0.594 0.836 0.533 0.701 0.614 0.084 0.355 0.719 0.595 0.557 0.355 0.030 0.594 0.634 0.950 0.672 0.586 
ofv: -7396595.000000
Best time: 15.058
Total time:15.962 


Instance: ../Instances/CKP_Classical_Instances/100/2_70_100
RKO: BRKGA-CS | 
Sol: 0.767 0.321 0.658 0.372 0.023 0.714 0.027 0.087 0.262 0.620 0.052 0.123 0.078 0.031 0.804 0.223 0.043 0.102 0.796 0.260 0.804 0.121 0.514 0.885 0.405 0.771 0.115 0.132 0.915 0.947 0.275 0.137 0.275 0.122 0.135 0.336 0.084 0.740 0.605 0.102 0.659 0.531 0.001 0.091 0.331 0.226 0.563 0.625 0.002 0.336 0.876 0.546 0.434 0.256 0.386 0.143 0.563 0.803 0.715 0.584 0.278 0.477 0.136 0.186 0.531 0.041 0.266 0.153 0.111 0.246 
ofv: -768998.000000
Best time: 7.743
Total time:10.040 


Instance: ../Instances/CKP_Classical_Instances/100/3_70_100
RKO: BRKGA-CS | 
Sol: 0.151 0.774 0.248 0.041 0.140 0.526 0.122 0.998 0.270 0.225 0.737 0.410 0.834 0.616 0.370 0.794 0.008 0.228 0.902 0.241 0.535 0.412 0.265 0.345 0.325 0.419 0.927 0.286 0.936 0.998 0.478 0.871 0.659 0.770 0.066 0.033 0.333 0.356 0.218 0.644 0.384 0.168 0.747 0.129 0.673 0.418 0.571 0.104 0.322 0.573 0.244 0.280 0.477 0.948 0.167 0.481 0.190 0.939 0.821 0.018 0.108 0.213 0.278 0.243 0.311 0.208 0.253 0.889 0.744 0.904 
ofv: -830636.000000
Best time: 14.585
Total time:14.586 


Instance: ../Instances/CKP_Classical_Instances/100/4_70_100
RKO: BRKGA-CS | 
Sol: 0.218 0.725 0.720 0.990 0.750 0.733 0.072 0.971 0.739 0.490 0.569 0.006 0.014 0.172 0.944 0.144 0.114 0.540 0.338 0.250 0.960 0.885 0.044 0.171 0.171 0.309 0.172 0.744 0.434 0.192 0.540 0.966 0.736 0.280 0.009 0.621 0.937 0.434 0.770 0.919 0.960 0.067 0.177 0.229 0.411 0.298 0.884 0.732 0.688 0.690 0.828 0.143 0.044 0.548 0.588 0.176 0.288 0.521 0.628 0.854 0.212 0.220 0.150 0.948 0.952 0.168 0.987 0.063 0.043 0.742 
ofv: -2102063.000000
Best time: 11.140
Total time:11.999 


Instance: ../Instances/CKP_Classical_Instances/100/5_70_100
RKO: BRKGA-CS | 
Sol: 0.565 0.124 0.321 0.055 0.002 0.047 0.262 0.397 0.099 0.489 0.287 0.414 0.195 0.867 0.013 0.129 0.745 0.365 0.331 0.472 0.188 0.314 0.230 0.043 0.395 0.088 0.622 0.577 0.627 0.253 0.296 0.375 0.627 0.580 0.735 0.258 0.792 0.138 0.372 0.319 0.188 0.430 0.326 0.081 0.083 0.082 0.260 0.653 0.053 0.385 0.124 0.460 0.118 0.418 0.090 0.209 0.347 0.760 0.074 0.041 0.077 0.736 0.253 0.902 0.195 0.585 0.158 0.066 0.079 0.022 
ofv: -153400.000000
Best time: 8.208
Total time:10.069 


Instance: ../Instances/CKP_Classical_Instances/100/6_70_100
RKO: BRKGA-CS | 
Sol: 0.377 0.025 0.695 0.210 0.277 0.193 0.607 0.113 0.158 0.079 0.550 0.010 0.013 0.078 0.428 0.257 0.353 0.435 0.119 0.378 0.415 0.097 0.253 0.484 0.205 0.242 0.338 0.022 0.925 0.247 0.094 0.954 0.339 0.078 0.035 0.009 0.283 0.427 0.353 0.304 0.300 0.119 0.141 0.313 0.432 0.463 0.351 0.212 0.315 0.160 0.127 0.288 0.171 0.298 0.094 0.218 0.135 0.002 0.524 0.031 0.125 0.702 0.391 0.066 0.138 0.134 0.144 0.116 0.779 0.419 
ofv: -24281.000000
Best time: 17.125
Total time:17.126 


Instance: ../Instances/CKP_Classical_Instances/100/7_70_100
RKO: BRKGA-CS | 
Sol: 0.613 0.319 0.685 0.754 0.210 0.117 0.612 0.794 0.484 0.039 0.553 0.629 0.427 0.212 0.128 0.073 0.496 0.903 0.672 0.246 0.849 0.709 0.607 0.440 0.484 0.672 0.169 0.871 0.512 0.194 0.931 0.445 0.117 0.056 0.654 0.566 0.161 0.217 0.162 0.201 0.005 0.638 0.613 0.947 0.068 0.347 0.852 0.125 0.806 0.560 0.075 0.568 0.126 0.111 0.338 0.502 0.072 0.058 0.680 0.780 0.155 0.909 0.060 0.852 0.103 0.658 0.130 0.559 0.901 0.786 
ofv: -1922111.000000
Best time: 13.017
Total time:13.175 


Instance: ../Instances/CKP_Classical_Instances/100/8_70_100
RKO: BRKGA-CS | 
Sol: 0.128 0.223 0.411 0.060 0.540 0.455 0.305 0.394 0.401 0.240 0.414 0.533 0.119 0.385 0.472 0.347 0.882 0.535 0.680 0.818 0.947 0.329 0.135 0.425 0.493 0.611 0.427 0.190 0.124 0.111 0.147 0.852 0.428 0.025 0.434 0.461 0.209 0.749 0.065 0.309 0.885 0.304 0.293 0.079 0.900 0.654 0.481 0.654 0.346 0.340 0.293 0.284 0.311 0.342 0.312 0.906 0.045 0.741 0.926 0.097 0.944 0.602 0.262 0.767 0.284 0.104 0.753 0.436 0.840 0.035 
ofv: -502278.000000
Best time: 12.528
Total time:12.547 


Instance: ../Instances/CKP_Classical_Instances/100/9_70_100
RKO: BRKGA-CS | 
Sol: 0.689 0.544 0.692 0.611 0.888 0.727 0.521 0.893 0.914 0.941 0.297 0.722 0.953 0.856 0.905 0.959 0.570 0.529 0.525 0.565 0.857 0.815 0.543 0.954 0.800 0.513 0.836 0.639 0.683 0.526 0.628 0.944 0.561 0.584 0.560 0.654 0.255 0.527 0.730 0.601 0.509 0.578 0.755 0.517 0.505 0.903 0.507 0.697 0.733 0.886 0.946 0.884 0.631 0.644 0.897 0.680 0.549 0.558 0.558 0.669 0.517 0.986 0.586 0.549 0.529 0.521 0.528 0.936 0.782 0.508 
ofv: -15446837.000000
Best time: 4.555
Total time:10.241 


Instance: ../Instances/CKP_Classical_Instances/100/10_70_100
RKO: BRKGA-CS | 
Sol: 0.979 0.256 0.616 0.603 0.717 0.779 0.572 0.860 0.239 0.209 0.733 0.998 0.734 0.656 0.509 0.050 0.261 0.803 0.895 0.196 0.354 0.142 0.736 0.597 0.241 0.502 0.317 0.411 0.282 0.950 0.708 0.191 0.765 0.179 0.354 0.528 0.091 0.750 0.991 0.612 0.476 0.482 0.749 0.553 0.965 0.349 0.076 0.422 0.918 0.591 0.125 0.332 0.847 0.057 0.254 0.550 0.861 0.982 0.440 0.940 0.208 0.901 0.077 0.732 0.160 0.999 0.861 0.315 0.570 0.029 
ofv: -2901248.000000
Best time: 12.138
Total time:12.881 


Instance: ../Instances/CKP_Classical_Instances/25/1_70_25
RKO: PSO | 
Sol: 0.142 0.670 0.642 0.284 0.827 0.878 0.276 0.337 0.175 0.983 0.512 0.840 0.748 0.592 0.837 0.363 0.993 0.856 0.644 0.660 0.419 0.133 0.693 0.639 0.254 0.226 0.906 0.420 0.551 0.281 0.266 0.778 0.858 0.619 0.156 0.817 0.692 0.604 0.933 0.893 0.102 0.665 0.402 0.659 0.653 0.785 0.325 0.724 0.642 0.516 0.725 0.219 0.738 0.253 0.587 0.845 0.979 0.740 0.493 0.696 0.672 0.602 0.505 0.496 0.967 0.967 0.546 0.878 0.779 0.653 
ofv: -1459611.000000
Best time: 8.491
Total time:10.112 


Instance: ../Instances/CKP_Classical_Instances/25/2_70_25
RKO: PSO | 
Sol: 0.875 0.934 0.695 0.671 0.366 0.098 0.897 0.255 0.856 0.092 0.856 0.484 0.543 0.882 0.531 0.098 0.569 0.879 0.876 0.616 0.664 0.885 0.675 0.945 0.910 0.929 0.853 0.898 0.921 0.690 0.918 0.609 0.802 0.662 0.805 0.586 0.884 0.919 0.572 0.655 0.855 0.895 0.976 0.896 0.891 0.869 0.298 0.904 0.871 0.854 0.728 0.876 0.932 0.694 0.515 0.147 0.768 0.930 0.613 0.779 0.932 0.611 0.352 0.897 0.722 0.902 0.753 0.632 0.988 0.956 
ofv: -2833507.000000
Best time: 6.392
Total time:10.035 


Instance: ../Instances/CKP_Classical_Instances/25/3_70_25
RKO: PSO | 
Sol: 0.871 0.143 0.304 0.222 0.895 0.510 0.309 0.804 0.543 0.597 0.951 0.517 0.741 0.691 0.420 0.615 0.447 0.065 0.574 0.505 0.112 0.937 0.619 0.261 0.896 0.258 0.805 0.774 0.216 0.080 0.281 0.903 0.360 0.935 0.816 0.886 0.084 0.625 0.023 0.986 0.558 0.676 0.533 0.197 0.465 0.628 0.833 0.407 0.838 0.603 0.514 0.849 0.556 0.103 0.405 0.851 0.518 0.486 0.068 0.071 0.679 0.052 0.679 0.936 0.495 0.212 0.151 0.038 0.324 0.692 
ofv: -800370.000000
Best time: 9.996
Total time:10.111 


Instance: ../Instances/CKP_Classical_Instances/25/4_70_25
RKO: PSO | 
Sol: 0.739 0.801 0.664 0.851 0.771 0.824 0.655 0.818 0.797 0.610 0.858 0.939 0.929 0.782 0.686 0.864 0.605 0.694 0.516 0.737 0.802 0.969 0.560 0.885 0.926 0.954 0.577 0.672 0.776 0.802 0.620 0.609 0.701 0.859 0.770 0.769 0.719 0.911 0.815 0.947 0.715 0.722 0.829 0.797 0.778 0.478 0.787 0.553 0.815 0.817 0.899 0.697 0.870 0.813 0.854 0.874 0.914 0.650 0.558 0.907 0.852 0.859 0.837 0.795 0.747 0.957 0.581 0.682 0.877 0.732 
ofv: -4042082.000000
Best time: 8.377
Total time:10.071 


Instance: ../Instances/CKP_Classical_Instances/25/5_70_25
RKO: PSO | 
Sol: 0.516 0.753 0.678 0.808 0.822 0.908 0.916 0.971 0.887 0.702 0.810 0.744 0.781 0.654 0.667 0.764 0.104 0.533 0.579 0.557 0.517 0.956 0.040 0.726 0.992 0.247 0.528 0.857 0.782 0.885 0.826 0.514 0.274 0.978 0.420 0.668 0.369 0.635 0.673 0.564 0.823 0.644 0.800 0.526 0.910 0.866 0.357 0.788 0.919 0.912 0.704 0.793 0.393 0.514 0.221 0.229 0.728 0.437 0.938 0.862 0.980 0.938 0.821 0.912 0.617 0.895 0.833 0.855 0.600 0.743 
ofv: -2565539.000000
Best time: 7.679
Total time:10.026 


Instance: ../Instances/CKP_Classical_Instances/25/6_70_25
RKO: PSO | 
Sol: 0.923 0.996 0.728 0.871 0.647 0.805 0.951 0.571 0.570 0.363 0.004 0.012 0.896 0.038 0.860 0.687 0.954 0.921 0.840 0.863 0.349 0.878 0.117 0.717 0.973 0.992 0.791 0.892 0.843 0.541 0.123 0.597 0.710 0.846 0.796 0.858 0.598 0.719 0.932 0.913 0.887 0.791 0.685 0.761 0.170 0.893 0.897 0.826 0.845 0.789 0.925 0.926 0.708 0.747 0.766 0.706 0.906 0.743 0.391 0.264 0.977 0.794 0.889 0.125 0.952 0.983 0.766 0.880 0.726 0.722 
ofv: -2578523.000000
Best time: 7.247
Total time:10.114 


Instance: ../Instances/CKP_Classical_Instances/25/7_70_25
RKO: PSO | 
Sol: 0.696 0.983 0.832 0.572 0.880 0.874 0.344 0.839 0.717 0.449 0.575 0.766 0.891 0.223 0.961 0.104 0.531 0.538 0.585 0.935 0.695 0.889 0.997 0.759 0.879 0.818 0.936 0.743 0.984 0.931 0.931 0.804 0.770 0.888 0.804 0.852 0.774 0.852 0.904 0.887 0.762 0.369 0.851 0.567 0.766 0.784 0.801 0.977 0.968 0.758 0.549 0.658 0.615 0.293 0.806 0.843 0.947 0.667 0.234 0.830 0.749 0.376 0.545 0.874 0.943 0.144 0.158 0.633 0.740 0.547 
ofv: -2726680.000000
Best time: 8.994
Total time:10.015 


Instance: ../Instances/CKP_Classical_Instances/25/8_70_25
RKO: PSO | 
Sol: 0.181 0.755 0.098 0.160 0.690 0.283 0.737 0.925 0.180 0.446 0.744 0.288 0.187 0.871 0.185 0.278 0.520 0.942 0.314 0.734 0.448 0.926 0.420 0.242 0.329 0.108 0.433 0.846 0.812 0.041 0.041 0.764 0.027 0.057 0.457 0.585 0.870 0.831 0.148 0.719 0.422 0.971 0.617 0.800 0.267 0.180 0.237 0.591 0.389 0.345 0.742 0.464 0.556 0.742 0.887 0.045 0.019 0.629 0.730 0.973 0.849 0.992 0.691 0.101 0.246 0.930 0.119 0.573 0.762 0.274 
ofv: -490944.000000
Best time: 9.659
Total time:10.118 


Instance: ../Instances/CKP_Classical_Instances/25/9_70_25
RKO: PSO | 
Sol: 0.001 0.272 0.092 0.624 0.521 0.135 0.914 0.118 0.475 0.267 0.973 0.271 0.843 0.065 0.245 0.165 0.389 0.219 0.669 0.093 0.614 0.044 0.180 0.768 0.242 0.145 0.758 0.698 0.063 0.041 0.268 0.208 0.395 0.014 0.448 0.635 0.242 0.843 0.307 0.687 0.733 0.596 0.450 0.066 0.538 0.232 0.751 0.274 0.977 0.313 0.626 0.228 0.219 0.360 0.006 0.906 0.139 0.381 0.268 0.339 0.125 0.837 0.605 0.102 0.224 0.256 0.593 0.562 0.822 0.736 
ofv: -225051.000000
Best time: 7.506
Total time:10.112 


Instance: ../Instances/CKP_Classical_Instances/25/10_70_25
RKO: PSO | 
Sol: 0.933 0.917 0.562 0.602 0.611 0.715 0.700 0.681 0.744 0.317 0.554 0.811 0.774 0.920 0.924 0.555 0.855 0.720 0.941 0.802 0.731 0.759 0.855 0.683 0.926 0.770 0.780 0.776 0.249 0.865 0.973 0.600 0.973 0.575 0.723 0.794 0.297 0.767 0.988 0.778 0.954 0.815 0.302 0.813 0.898 0.933 0.514 0.772 0.526 0.046 0.568 0.945 0.706 0.871 0.791 0.698 0.919 0.494 0.716 0.844 0.743 0.553 0.989 0.833 0.975 0.788 0.392 0.850 0.710 0.923 
ofv: -3121744.000000
Best time: 4.842
Total time:10.112 


Instance: ../Instances/CKP_Classical_Instances/50/1_70_50
RKO: PSO | 
Sol: 0.714 0.790 0.750 0.140 0.693 0.966 0.670 0.272 0.547 0.073 0.659 0.994 0.680 0.335 0.812 0.908 0.670 0.583 0.718 0.959 0.603 0.778 0.767 0.723 0.834 0.802 0.872 0.737 0.506 0.870 0.330 0.500 0.603 0.553 0.537 0.817 0.713 0.749 0.911 0.869 0.659 0.661 0.515 0.675 0.875 0.706 0.764 0.201 0.876 0.778 0.061 0.697 0.284 0.820 0.825 0.872 0.832 0.483 0.929 0.661 0.017 0.792 0.994 0.806 0.773 0.917 0.755 0.099 0.675 0.032 
ofv: -4600752.000000
Best time: 9.059
Total time:10.124 


Instance: ../Instances/CKP_Classical_Instances/50/2_70_50
RKO: PSO | 
Sol: 0.081 0.222 0.181 0.201 0.707 0.046 0.426 0.422 0.633 0.007 0.189 0.672 0.498 0.325 0.177 0.561 0.289 0.552 0.141 0.858 0.733 0.240 0.265 0.427 0.999 0.232 0.271 0.159 0.067 0.736 0.176 0.531 0.336 0.128 0.217 0.704 0.065 0.275 0.277 0.539 0.411 0.999 0.417 0.078 0.174 0.024 0.513 0.770 0.045 0.157 0.041 0.124 0.746 0.387 0.199 0.097 0.155 0.072 0.526 0.920 0.019 0.855 0.798 0.162 0.279 0.726 0.893 0.787 0.199 0.872 
ofv: -350550.000000
Best time: 5.224
Total time:10.101 


Instance: ../Instances/CKP_Classical_Instances/50/3_70_50
RKO: PSO | 
Sol: 0.678 0.839 0.919 0.925 0.693 0.785 0.623 0.868 0.847 0.898 0.650 0.290 0.210 0.751 0.696 0.416 0.119 0.726 0.313 0.632 0.872 0.389 0.591 0.858 0.148 0.985 0.091 0.812 0.696 0.768 0.720 0.235 0.547 0.669 0.960 0.825 0.347 0.911 0.811 0.624 0.767 0.827 0.624 0.119 0.312 0.206 0.116 0.137 0.616 0.647 0.382 0.788 0.847 0.793 0.604 0.715 0.760 0.658 0.666 0.271 0.909 0.571 0.385 0.550 0.697 0.720 0.995 0.875 0.541 0.845 
ofv: -3504895.000000
Best time: 9.641
Total time:10.099 


Instance: ../Instances/CKP_Classical_Instances/50/4_70_50
RKO: PSO | 
Sol: 0.090 0.939 0.267 0.014 0.183 0.147 0.441 0.089 0.263 0.127 0.192 0.179 0.374 0.072 0.117 0.114 0.228 0.481 0.168 0.353 0.015 0.064 0.218 0.295 0.466 0.092 0.114 0.403 0.125 0.244 0.197 0.441 0.015 0.141 0.556 0.130 0.171 0.240 0.128 0.074 0.235 0.591 0.206 0.524 0.012 0.178 0.190 0.088 0.170 0.481 0.355 0.276 0.409 0.378 0.059 0.183 0.416 0.117 0.329 0.277 0.162 0.462 0.286 0.297 0.680 0.556 0.671 0.156 0.071 0.251 
ofv: -8001.000000
Best time: 7.558
Total time:10.034 


Instance: ../Instances/CKP_Classical_Instances/50/5_70_50
RKO: PSO | 
Sol: 0.793 0.908 0.935 0.738 0.906 0.754 0.744 0.606 0.536 0.971 0.846 0.991 0.565 0.867 0.533 0.859 0.746 0.903 0.759 0.786 0.642 0.505 0.675 0.612 0.939 0.765 0.919 0.965 0.979 0.782 0.945 0.220 0.826 0.786 0.704 0.575 0.715 0.841 0.824 0.734 0.790 0.505 0.997 0.683 0.651 0.917 0.486 0.823 0.857 0.892 0.841 0.956 0.924 0.870 0.155 0.986 0.522 0.765 0.793 0.847 0.995 0.714 0.856 0.830 0.892 0.046 0.735 0.802 0.796 0.578 
ofv: -7145330.000000
Best time: 5.742
Total time:10.048 


Instance: ../Instances/CKP_Classical_Instances/50/6_70_50
RKO: PSO | 
Sol: 0.177 0.393 0.789 0.883 0.475 0.499 0.076 0.867 0.073 0.131 0.128 0.582 0.157 0.842 0.924 0.550 0.085 0.254 0.333 0.988 0.086 0.803 0.197 0.411 0.754 0.923 0.592 0.415 0.024 0.576 0.922 0.135 0.146 0.825 0.948 0.478 0.932 0.849 0.117 0.042 0.873 0.777 0.698 0.045 0.987 0.688 0.364 0.622 0.939 0.740 0.585 0.726 0.888 0.584 0.756 0.668 0.919 0.921 0.721 0.881 0.867 0.137 0.851 0.926 0.733 0.037 0.844 0.363 0.738 0.654 
ofv: -1979524.000000
Best time: 3.670
Total time:10.049 


Instance: ../Instances/CKP_Classical_Instances/50/7_70_50
RKO: PSO | 
Sol: 0.816 0.824 0.779 0.626 0.943 0.209 0.628 0.952 0.630 0.961 0.866 0.655 0.695 0.745 0.883 0.842 0.771 0.921 0.864 0.613 0.781 0.515 0.904 0.916 0.723 0.964 0.654 0.903 0.683 0.811 0.760 0.887 0.718 0.597 0.686 0.777 0.509 0.667 0.562 0.770 0.626 0.580 0.803 0.720 0.729 0.795 0.625 0.906 0.945 0.586 0.536 0.640 0.844 0.751 0.664 0.585 0.685 0.949 0.592 0.784 0.662 0.924 0.629 0.965 0.604 0.852 0.855 0.931 0.799 0.861 
ofv: -8082857.000000
Best time: 4.515
Total time:10.028 


Instance: ../Instances/CKP_Classical_Instances/50/8_70_50
RKO: PSO | 
Sol: 0.728 0.616 0.522 0.972 0.779 0.830 0.727 0.780 0.856 0.811 0.899 0.616 0.790 0.661 0.943 0.830 0.456 0.689 0.310 0.441 0.835 0.646 0.254 0.893 0.922 0.404 0.812 0.865 0.631 0.385 0.631 0.874 0.930 0.889 0.908 0.587 0.993 0.264 0.613 0.858 0.993 0.802 0.684 0.872 0.655 0.655 0.792 0.546 0.662 0.762 0.627 0.937 0.914 0.001 0.854 0.986 0.759 0.685 0.730 0.870 0.910 0.613 0.724 0.795 0.224 0.664 0.612 0.746 0.707 0.665 
ofv: -5663128.000000
Best time: 3.638
Total time:10.015 


Instance: ../Instances/CKP_Classical_Instances/50/9_70_50
RKO: PSO | 
Sol: 0.894 0.736 0.890 0.879 0.763 0.904 0.993 0.913 0.923 0.904 0.916 0.880 0.406 0.831 0.598 0.784 0.971 0.693 0.629 0.530 0.919 0.669 0.934 0.951 0.672 0.925 0.877 0.696 0.884 0.855 0.897 0.755 0.909 0.700 0.750 0.680 0.720 0.717 0.607 0.076 0.709 0.915 0.882 0.981 0.541 0.751 0.854 0.799 0.580 0.414 0.528 0.969 0.796 0.682 0.590 0.907 0.934 0.156 0.771 0.768 0.536 0.899 0.770 0.620 0.851 0.634 0.957 0.934 0.824 0.923 
ofv: -7079105.000000
Best time: 6.525
Total time:10.065 


Instance: ../Instances/CKP_Classical_Instances/50/10_70_50
RKO: PSO | 
Sol: 0.601 0.883 0.986 0.872 0.951 0.975 0.906 0.803 0.803 0.791 0.571 0.603 0.999 0.586 0.883 0.954 0.802 0.965 0.905 0.934 0.943 0.893 0.724 0.765 0.654 0.874 0.508 0.688 0.897 0.830 0.771 0.801 0.758 0.809 0.677 0.569 0.956 0.817 0.855 0.862 0.734 0.706 0.229 0.844 0.750 0.691 0.898 0.532 0.799 0.291 0.837 0.290 0.733 0.811 0.546 0.545 0.958 0.783 0.926 0.508 0.729 0.532 0.846 0.194 0.857 0.909 0.449 0.730 0.696 0.997 
ofv: -6824162.000000
Best time: 2.495
Total time:10.080 


Instance: ../Instances/CKP_Classical_Instances/75/1_70_75
RKO: PSO | 
Sol: 0.643 0.638 0.578 0.905 0.968 0.883 0.832 0.557 0.833 0.943 0.844 0.136 0.976 0.795 0.913 0.972 0.866 0.771 0.336 0.532 0.962 0.792 0.935 0.810 0.768 0.572 0.761 0.708 0.849 0.638 0.953 0.917 0.848 0.895 0.821 0.545 0.980 0.688 0.954 0.614 0.452 0.699 0.894 0.697 0.968 0.585 0.819 0.795 0.749 0.170 0.694 0.780 0.853 0.918 0.717 0.806 0.956 0.679 0.994 0.722 0.728 0.916 0.568 0.579 0.901 0.495 0.707 0.924 0.982 0.315 
ofv: -9618077.000000
Best time: 8.764
Total time:10.112 


Instance: ../Instances/CKP_Classical_Instances/75/2_70_75
RKO: PSO | 
Sol: 0.624 0.118 0.118 0.653 0.799 0.773 0.176 0.117 0.750 0.224 0.699 0.665 0.836 0.774 0.613 0.750 0.767 0.578 0.583 0.566 0.517 0.798 0.365 0.169 0.250 0.122 0.937 0.713 0.045 0.787 0.994 0.809 0.953 0.629 0.522 0.814 0.720 0.628 0.804 0.939 0.971 0.682 0.929 0.852 0.658 0.581 0.763 0.868 0.053 0.788 0.578 0.263 0.882 0.236 0.878 0.696 0.830 0.723 0.074 0.686 0.762 0.955 0.760 0.536 0.793 0.586 0.504 0.450 0.462 0.863 
ofv: -5798917.000000
Best time: 8.169
Total time:10.133 


Instance: ../Instances/CKP_Classical_Instances/75/3_70_75
RKO: PSO | 
Sol: 0.690 0.823 0.588 0.405 0.698 0.855 0.639 0.835 0.798 0.663 0.868 0.724 0.001 0.521 0.638 0.824 0.660 0.896 0.137 0.639 0.305 0.659 0.745 0.917 0.874 0.781 0.906 0.635 0.801 0.443 0.798 0.839 0.779 0.991 0.331 0.032 0.906 0.084 0.952 0.902 0.754 0.721 0.618 0.946 0.844 0.736 0.847 0.629 0.879 0.854 0.790 0.368 0.865 0.514 0.833 0.685 0.593 0.545 0.780 0.556 0.956 0.719 0.643 0.368 0.515 0.880 0.523 0.787 0.464 0.283 
ofv: -7221555.000000
Best time: 8.991
Total time:10.064 


Instance: ../Instances/CKP_Classical_Instances/75/4_70_75
RKO: PSO | 
Sol: 0.160 0.026 0.260 0.227 0.157 0.910 0.087 0.123 0.038 0.236 0.501 0.132 0.077 0.193 0.280 0.214 0.028 0.381 0.231 0.141 0.330 0.105 0.088 0.311 0.274 0.128 0.151 0.436 0.248 0.174 0.815 0.239 0.173 0.322 0.328 0.175 0.369 0.167 0.104 0.262 0.399 0.221 0.545 0.576 0.194 0.257 0.308 0.428 0.466 0.179 0.200 0.078 0.237 0.630 0.074 0.096 0.117 0.066 0.109 0.109 0.195 0.208 0.472 0.022 0.067 0.957 0.318 0.603 0.037 0.525 
ofv: -27546.000000
Best time: 5.494
Total time:10.181 


Instance: ../Instances/CKP_Classical_Instances/75/5_70_75
RKO: PSO | 
Sol: 0.145 0.552 0.567 0.625 0.684 0.400 0.645 0.342 0.940 0.149 0.649 0.115 0.065 0.178 0.107 0.885 0.901 0.705 0.638 0.254 0.636 0.282 0.710 0.537 0.828 0.192 0.579 0.710 0.405 0.858 0.203 0.188 0.040 0.278 0.672 0.057 0.535 0.500 0.572 0.217 0.406 0.300 0.703 0.372 0.341 0.217 0.839 0.036 0.558 0.536 0.320 0.949 0.848 0.781 0.133 0.728 0.604 0.124 0.489 0.142 0.615 0.900 0.284 0.341 0.266 0.213 0.636 0.515 0.990 0.256 
ofv: -1555408.000000
Best time: 8.608
Total time:10.086 


Instance: ../Instances/CKP_Classical_Instances/75/6_70_75
RKO: PSO | 
Sol: 0.090 0.797 0.782 0.735 0.848 0.195 0.966 0.757 0.521 0.659 0.951 0.917 0.129 0.231 0.681 0.512 0.888 0.018 0.590 0.708 0.096 0.592 0.592 0.894 0.816 0.883 0.537 0.758 0.612 0.696 0.998 0.919 0.924 0.978 0.320 0.892 0.918 0.804 0.328 0.615 0.047 0.791 0.620 0.081 0.655 0.320 0.604 0.374 0.804 0.073 0.768 0.724 0.660 0.765 0.579 0.747 0.907 0.696 0.438 0.520 0.818 0.512 0.576 0.705 0.996 0.862 0.042 0.034 0.767 0.187 
ofv: -5495949.000000
Best time: 9.997
Total time:10.142 


Instance: ../Instances/CKP_Classical_Instances/75/7_70_75
RKO: PSO | 
Sol: 0.060 0.144 0.152 0.080 0.292 0.077 0.423 0.123 0.166 0.243 0.092 0.444 0.101 0.177 0.234 0.204 0.065 0.102 0.093 0.720 0.104 0.075 0.447 0.170 0.087 0.069 0.382 0.592 0.128 0.259 0.135 0.177 0.030 0.034 0.380 0.316 0.177 0.016 0.101 0.118 0.258 0.857 0.102 0.288 0.062 0.398 0.158 0.278 0.316 0.334 0.091 0.036 0.548 0.050 0.147 0.143 0.237 0.279 0.838 0.124 0.025 0.161 0.178 0.248 0.017 0.081 0.175 0.674 0.501 0.753 
ofv: -20492.000000
Best time: 9.889
Total time:10.116 


Instance: ../Instances/CKP_Classical_Instances/75/8_70_75
RKO: PSO | 
Sol: 0.102 0.240 0.402 0.483 0.441 0.068 0.461 0.462 0.285 0.217 0.310 0.063 0.384 0.369 0.176 0.719 0.086 0.479 0.371 0.235 0.364 0.020 0.262 0.093 0.404 0.195 0.489 0.380 0.316 0.681 0.630 0.481 0.023 0.486 0.161 0.274 0.098 0.235 0.843 0.119 0.523 0.307 0.259 0.266 0.409 0.072 0.080 0.832 0.328 0.105 0.299 0.169 0.954 0.193 0.156 0.305 0.299 0.274 0.438 0.383 0.026 0.392 0.406 0.280 0.766 0.430 0.133 0.295 0.168 0.269 
ofv: -19163.000000
Best time: 5.710
Total time:10.017 


Instance: ../Instances/CKP_Classical_Instances/75/9_70_75
RKO: PSO | 
Sol: 0.339 0.195 0.413 0.098 0.167 0.942 0.119 0.037 0.369 0.154 0.668 0.623 0.402 0.549 0.996 0.762 0.978 0.502 0.981 0.689 0.651 0.611 0.013 0.874 0.412 0.179 0.296 0.582 0.058 0.633 0.924 0.753 0.617 0.597 0.019 0.143 0.922 0.129 0.983 0.916 0.850 0.626 0.308 0.936 0.180 0.903 0.425 0.364 0.271 0.609 0.964 0.142 0.760 0.905 0.548 0.120 0.865 0.122 0.878 0.846 0.885 0.698 0.898 0.871 0.070 0.905 0.106 0.811 0.626 0.060 
ofv: -2541328.000000
Best time: 10.032
Total time:10.032 


Instance: ../Instances/CKP_Classical_Instances/75/10_70_75
RKO: PSO | 
Sol: 0.566 0.212 0.809 0.540 0.831 0.737 0.473 0.738 0.894 0.561 0.655 0.527 0.874 0.881 0.794 0.683 0.495 0.416 0.719 0.508 0.763 0.838 0.945 0.653 0.037 0.157 0.534 0.454 0.340 0.892 0.666 0.876 0.953 0.799 0.379 0.670 0.579 0.985 0.256 0.860 0.797 0.761 0.065 0.789 0.514 0.629 0.923 0.938 0.997 0.583 0.935 0.356 0.866 0.830 0.964 0.575 0.699 0.948 0.773 0.557 0.677 0.665 0.930 0.611 0.018 0.716 0.611 0.853 0.657 0.537 
ofv: -6873496.000000
Best time: 10.114
Total time:10.114 


Instance: ../Instances/CKP_Classical_Instances/100/1_70_100
RKO: PSO | 
Sol: 0.626 0.678 0.870 0.884 0.644 0.309 0.513 0.891 0.846 0.448 0.655 0.270 0.928 0.677 0.742 0.897 0.943 0.543 0.441 0.891 0.897 0.025 0.507 0.972 0.722 0.677 0.329 0.789 0.912 0.890 0.525 0.939 0.884 0.880 0.557 0.383 0.876 0.402 0.897 0.950 0.136 0.714 0.525 0.451 0.859 0.593 0.942 0.673 0.652 0.736 0.571 0.569 0.718 0.941 0.734 0.874 0.738 0.827 0.976 0.463 0.231 0.914 0.838 0.792 0.927 0.071 0.818 0.942 0.942 0.720 
ofv: -9083108.000000
Best time: 8.660
Total time:10.100 


Instance: ../Instances/CKP_Classical_Instances/100/2_70_100
RKO: PSO | 
Sol: 0.845 0.171 0.728 0.276 0.298 0.871 0.363 0.262 0.137 0.525 0.777 0.233 0.769 0.099 0.652 0.052 0.059 0.415 0.987 0.143 0.243 0.268 0.866 0.652 0.228 0.891 0.198 0.888 0.619 0.664 0.805 0.721 0.201 0.067 0.126 0.453 0.086 0.226 0.781 0.527 0.208 0.887 0.080 0.717 0.113 0.182 0.604 0.888 0.070 0.466 0.895 0.073 0.879 0.497 0.227 0.136 0.112 0.366 0.767 0.862 0.496 0.464 0.378 0.286 0.605 0.280 0.258 0.259 0.476 0.426 
ofv: -956034.000000
Best time: 4.987
Total time:10.053 


Instance: ../Instances/CKP_Classical_Instances/100/3_70_100
RKO: PSO | 
Sol: 0.278 0.593 0.194 0.403 0.241 0.325 0.414 0.969 0.159 0.280 0.684 0.422 0.177 0.956 0.407 0.129 0.311 0.419 0.728 0.016 0.683 0.362 0.111 0.261 0.951 0.035 0.979 0.624 0.635 0.942 0.070 0.905 0.935 0.643 0.128 0.248 0.194 0.297 0.092 0.040 0.340 0.103 0.722 0.172 0.597 0.144 0.671 0.380 0.443 0.638 0.575 0.347 0.389 0.226 0.311 0.768 0.120 0.578 0.421 0.279 0.854 0.836 0.337 0.091 0.830 0.308 0.278 0.667 0.800 0.546 
ofv: -928037.000000
Best time: 9.948
Total time:10.032 


Instance: ../Instances/CKP_Classical_Instances/100/4_70_100
RKO: PSO | 
Sol: 0.304 0.605 0.687 0.937 0.635 0.801 0.833 0.934 0.178 0.188 0.393 0.112 0.334 0.189 0.322 0.119 0.245 0.902 0.690 0.702 0.743 0.925 0.182 0.788 0.497 0.329 0.829 0.622 0.685 0.519 0.741 0.520 0.713 0.646 0.607 0.279 0.889 0.389 0.599 0.842 0.343 0.757 0.129 0.915 0.979 0.200 0.932 0.819 0.327 0.252 0.696 0.266 0.064 0.656 0.810 0.289 0.111 0.893 0.054 0.801 0.625 0.200 0.811 0.759 0.916 0.180 0.329 0.425 0.264 0.669 
ofv: -3099498.000000
Best time: 7.802
Total time:10.056 


Instance: ../Instances/CKP_Classical_Instances/100/5_70_100
RKO: PSO | 
Sol: 0.600 0.194 0.005 0.312 0.737 0.114 0.281 0.327 0.025 0.213 0.016 0.119 0.237 0.515 0.360 0.198 0.789 0.180 0.168 0.246 0.378 0.548 0.123 0.243 0.105 0.294 0.121 0.715 0.950 0.185 0.076 0.247 0.438 0.305 0.696 0.109 0.196 0.473 0.343 0.579 0.320 0.331 0.374 0.150 0.095 0.652 0.099 0.090 0.066 0.133 0.163 0.571 0.236 0.085 0.110 0.436 0.091 0.675 0.033 0.300 0.168 0.601 0.120 0.095 0.788 0.826 0.348 0.200 0.290 0.040 
ofv: -162014.000000
Best time: 9.871
Total time:10.024 


Instance: ../Instances/CKP_Classical_Instances/100/6_70_100
RKO: PSO | 
Sol: 0.634 0.523 0.155 0.460 0.429 0.123 0.110 0.008 0.068 0.169 0.021 0.062 0.227 0.552 0.051 0.383 0.251 0.133 0.294 0.190 0.010 0.036 0.235 0.051 0.053 0.274 0.437 0.433 0.814 0.177 0.159 0.168 0.348 0.021 0.437 0.305 0.183 0.157 0.217 0.123 0.361 0.392 0.320 0.307 0.134 0.491 0.440 0.447 0.134 0.359 0.189 0.338 0.479 0.555 0.166 0.379 0.223 0.734 0.267 0.189 0.099 0.912 0.473 0.102 0.024 0.466 0.316 0.640 0.112 0.578 
ofv: -34527.000000
Best time: 9.145
Total time:10.155 


Instance: ../Instances/CKP_Classical_Instances/100/7_70_100
RKO: PSO | 
Sol: 0.820 0.148 0.686 0.603 0.399 0.744 0.799 0.692 0.090 0.121 0.640 0.350 0.621 0.468 0.432 0.244 0.766 0.581 0.606 0.188 0.091 0.961 0.928 0.912 0.209 0.919 0.267 0.826 0.923 0.386 0.890 0.124 0.440 0.816 0.796 0.788 0.103 0.804 0.166 0.213 0.229 0.913 0.706 0.033 0.880 0.031 0.874 0.040 0.732 0.880 0.324 0.318 0.675 0.164 0.080 0.634 0.052 0.354 0.883 0.954 0.024 0.639 0.383 0.361 0.330 0.635 0.146 0.765 0.916 0.052 
ofv: -2271532.000000
Best time: 9.418
Total time:10.153 


Instance: ../Instances/CKP_Classical_Instances/100/8_70_100
RKO: PSO | 
Sol: 0.136 0.700 0.185 0.344 0.843 0.730 0.466 0.348 0.366 0.227 0.945 0.562 0.558 0.353 0.430 0.397 0.539 0.640 0.620 0.615 0.843 0.108 0.328 0.312 0.409 0.722 0.814 0.548 0.237 0.255 0.265 0.695 0.303 0.224 0.111 0.324 0.046 0.264 0.425 0.427 0.881 0.251 0.265 0.714 0.790 0.451 0.293 0.865 0.210 0.406 0.424 0.001 0.217 0.153 0.179 0.294 0.420 0.283 0.625 0.256 0.780 0.640 0.301 0.768 0.127 0.305 0.748 0.359 0.844 0.342 
ofv: -744524.000000
Best time: 9.753
Total time:10.018 


Instance: ../Instances/CKP_Classical_Instances/100/9_70_100
RKO: PSO | 
Sol: 0.901 0.739 0.714 0.630 0.806 0.570 0.799 0.607 0.894 0.684 0.307 0.695 0.955 0.767 0.872 0.974 0.806 0.787 0.879 0.934 0.739 0.897 0.888 0.903 0.813 0.942 0.762 0.863 0.893 0.837 0.685 0.966 0.589 0.847 0.586 0.982 0.335 0.821 0.815 0.762 0.861 0.994 0.670 0.902 0.974 0.936 0.617 0.688 0.858 0.951 0.916 0.815 0.654 0.591 0.961 0.527 0.893 0.996 0.737 0.567 0.596 0.753 0.769 0.710 0.943 0.914 0.885 0.743 0.976 0.972 
ofv: -15446837.000000
Best time: 7.608
Total time:10.062 


Instance: ../Instances/CKP_Classical_Instances/100/10_70_100
RKO: PSO | 
Sol: 0.938 0.328 0.738 0.906 0.183 0.859 0.564 0.629 0.245 0.199 0.781 0.677 0.675 0.970 0.763 0.243 0.159 0.582 0.687 0.780 0.400 0.799 0.808 0.650 0.409 0.741 0.748 0.098 0.121 0.677 0.646 0.140 0.597 0.497 0.194 0.582 0.423 0.681 0.150 0.909 0.331 0.227 0.298 0.779 0.534 0.185 0.435 0.653 0.912 0.864 0.884 0.377 0.961 0.219 0.141 0.295 0.649 0.923 0.152 0.643 0.128 0.054 0.126 0.485 0.049 0.567 0.930 0.900 0.808 0.204 
ofv: -2905082.000000
Best time: 9.395
Total time:10.064 


Instance: ../Instances/CKP_Classical_Instances/25/1_70_25
RKO: GA | 
Sol: 0.351 0.870 0.667 0.538 0.975 0.607 0.155 0.332 0.350 0.755 0.744 0.748 0.976 0.839 0.461 0.266 0.586 0.665 0.653 0.867 0.424 0.685 0.821 0.874 0.416 0.123 0.150 0.666 0.715 0.454 0.274 0.512 0.522 0.527 0.673 0.640 0.932 0.853 0.720 0.502 0.113 0.870 0.460 0.688 0.954 0.577 0.911 0.550 0.602 0.814 0.283 0.193 0.961 0.634 0.540 0.870 0.305 0.799 0.314 0.741 0.829 0.503 0.732 0.720 0.214 0.812 0.308 0.578 0.535 0.969 
ofv: -1540812.000000
Best time: 8.834
Total time:10.055 


Instance: ../Instances/CKP_Classical_Instances/25/2_70_25
RKO: GA | 
Sol: 0.583 0.763 0.810 0.974 0.773 0.099 0.611 0.412 0.629 0.184 0.781 0.751 0.638 0.981 0.027 0.133 0.419 0.752 0.743 0.817 0.664 0.892 0.957 0.586 0.772 0.835 0.625 0.763 0.505 0.562 0.849 0.693 0.602 0.707 0.527 0.795 0.132 0.881 0.747 0.652 0.501 0.870 0.811 0.900 0.690 0.974 0.299 0.952 0.520 0.553 0.947 0.751 0.829 0.530 0.913 0.037 0.641 0.602 0.782 0.755 0.798 0.734 0.873 0.864 0.559 0.935 0.650 0.782 0.960 0.648 
ofv: -2818802.000000
Best time: 9.374
Total time:10.157 


Instance: ../Instances/CKP_Classical_Instances/25/3_70_25
RKO: GA | 
Sol: 0.586 0.022 0.190 0.794 0.016 0.768 0.379 0.858 0.959 0.538 0.555 0.950 0.529 0.699 0.989 0.885 0.244 0.421 0.016 0.857 0.478 0.504 0.555 0.124 0.842 0.148 0.901 0.757 0.847 0.055 0.165 0.675 0.616 0.300 0.726 0.818 0.606 0.787 0.705 0.918 0.645 0.195 0.078 0.434 0.031 0.967 0.418 0.387 0.785 0.368 0.924 0.930 0.998 0.482 0.170 0.936 0.822 0.483 0.151 0.058 0.730 0.106 0.589 0.728 0.338 0.180 0.769 0.405 0.177 0.913 
ofv: -783928.000000
Best time: 9.340
Total time:10.164 


Instance: ../Instances/CKP_Classical_Instances/25/4_70_25
RKO: GA | 
Sol: 0.935 0.728 0.978 0.629 0.933 0.832 0.523 0.850 0.996 0.648 0.573 0.528 0.990 0.738 0.546 0.875 0.859 0.918 0.808 0.536 0.886 0.510 0.899 0.955 0.528 0.512 0.705 0.604 0.968 0.842 0.947 0.687 0.801 0.531 0.955 0.997 0.648 0.516 0.649 0.942 0.995 0.505 0.690 0.705 0.939 0.999 0.778 0.811 0.992 0.523 0.700 0.662 0.930 0.649 0.668 0.547 0.748 0.854 0.923 0.123 0.562 0.559 0.957 0.801 0.620 0.508 0.808 0.634 0.728 0.847 
ofv: -4046545.000000
Best time: 5.429
Total time:10.253 


Instance: ../Instances/CKP_Classical_Instances/25/5_70_25
RKO: GA | 
Sol: 0.981 0.816 0.780 0.651 0.626 0.693 0.022 0.910 0.772 0.760 0.911 1.000 0.608 0.785 0.572 0.974 0.460 0.891 0.528 0.952 0.763 0.763 0.057 0.632 0.790 0.343 0.670 0.433 0.562 0.942 0.182 0.932 0.668 0.618 0.030 0.775 0.037 0.335 0.942 0.776 0.717 0.915 0.858 0.792 0.716 0.602 0.899 0.822 0.987 0.557 0.997 0.986 0.696 0.838 0.169 0.265 0.546 0.966 0.896 0.900 0.670 0.705 0.782 0.795 0.791 0.977 0.939 0.710 0.863 0.615 
ofv: -2542946.000000
Best time: 9.268
Total time:10.237 


Instance: ../Instances/CKP_Classical_Instances/25/6_70_25
RKO: GA | 
Sol: 0.528 0.599 0.570 0.605 0.930 0.168 0.839 0.811 0.726 0.524 0.701 0.530 0.783 0.217 0.941 0.692 0.993 0.647 0.900 0.751 0.622 0.886 0.048 0.593 0.778 0.652 0.634 0.031 0.876 0.793 0.143 0.987 0.971 0.878 0.449 0.937 0.749 0.955 0.568 0.547 0.959 0.700 0.753 0.519 0.247 0.994 0.567 0.848 0.774 0.753 0.668 0.599 0.992 0.930 0.843 0.676 0.991 0.953 0.632 0.003 0.746 0.700 0.920 0.342 0.715 0.850 0.726 0.409 0.524 0.514 
ofv: -2680218.000000
Best time: 9.345
Total time:10.086 


Instance: ../Instances/CKP_Classical_Instances/25/7_70_25
RKO: GA | 
Sol: 0.986 0.719 0.875 0.690 0.573 0.329 0.886 0.944 0.936 0.236 0.668 0.917 0.871 0.463 0.529 0.678 0.762 0.413 0.942 0.821 0.766 0.840 0.579 0.729 0.966 0.614 0.874 0.652 0.920 0.739 0.582 0.796 0.526 0.740 0.762 0.577 0.243 0.851 0.918 0.716 0.668 0.864 0.906 0.971 0.910 0.740 0.856 0.560 0.960 0.675 0.785 0.852 0.556 0.275 0.876 0.064 0.997 0.915 0.926 0.953 0.774 0.739 0.817 0.904 0.420 0.460 0.040 0.511 0.607 0.521 
ofv: -2702801.000000
Best time: 9.966
Total time:10.073 


Instance: ../Instances/CKP_Classical_Instances/25/8_70_25
RKO: GA | 
Sol: 0.376 0.855 0.005 0.426 0.967 0.375 0.760 0.677 0.474 0.252 0.645 0.415 0.717 0.585 0.961 0.103 0.230 0.531 0.380 0.937 0.969 0.181 0.425 0.415 0.283 0.407 0.107 0.926 0.523 0.075 0.215 0.518 0.912 0.931 0.239 0.418 0.178 0.984 0.451 0.715 0.058 0.865 0.970 0.744 0.019 0.375 0.262 0.916 0.680 0.059 0.853 0.424 0.731 0.645 0.319 0.234 0.111 0.153 0.870 0.931 0.909 0.951 0.655 0.508 0.325 0.678 0.374 0.956 0.887 0.242 
ofv: -519990.000000
Best time: 10.163
Total time:10.164 


Instance: ../Instances/CKP_Classical_Instances/25/9_70_25
RKO: GA | 
Sol: 0.904 0.395 0.772 0.913 0.423 0.583 0.593 0.862 0.327 0.248 0.591 0.158 0.782 0.328 0.168 0.216 0.189 0.851 0.813 0.121 0.645 0.072 0.043 0.721 0.132 0.328 0.818 0.442 0.440 0.185 0.146 0.266 0.378 0.319 0.202 0.919 0.182 0.795 0.023 0.895 0.802 0.981 0.411 0.430 0.502 0.126 0.286 0.583 0.060 0.306 0.790 0.006 0.002 0.409 0.440 0.232 0.078 0.294 0.471 0.027 0.482 0.308 0.896 0.379 0.602 0.298 0.118 0.817 0.996 0.960 
ofv: -219503.000000
Best time: 10.076
Total time:10.076 


Instance: ../Instances/CKP_Classical_Instances/25/10_70_25
RKO: GA | 
Sol: 0.517 0.686 0.697 0.730 0.692 0.991 0.680 0.892 0.564 0.732 0.648 0.883 0.811 0.784 0.515 0.479 0.701 0.747 0.895 0.757 0.684 0.629 0.680 0.397 0.926 0.510 0.979 0.914 0.234 0.868 0.581 0.223 0.743 0.973 0.696 0.607 0.438 0.846 0.984 0.534 0.690 0.511 0.785 0.719 0.973 0.896 0.617 0.525 0.963 0.853 0.646 0.879 0.547 0.953 0.560 0.686 0.630 0.283 0.851 0.665 0.579 0.719 0.538 0.660 0.826 0.909 0.216 0.652 0.792 0.503 
ofv: -3102879.000000
Best time: 9.604
Total time:10.171 


Instance: ../Instances/CKP_Classical_Instances/50/1_70_50
RKO: GA | 
Sol: 0.854 0.992 0.884 0.635 0.183 0.953 0.517 0.029 0.837 0.426 0.543 0.961 0.789 0.100 0.554 0.751 0.740 0.162 0.518 0.990 0.731 0.509 0.980 0.674 0.929 0.799 0.844 0.581 0.893 0.514 0.749 0.030 0.936 0.684 0.959 0.506 0.457 0.403 0.970 0.987 0.381 0.786 0.792 0.796 0.595 0.957 0.524 0.810 0.308 0.703 0.237 0.740 0.026 0.827 0.532 0.725 0.871 0.919 0.762 0.903 0.797 0.958 0.914 0.325 0.699 0.756 0.561 0.528 0.506 0.956 
ofv: -4566071.000000
Best time: 9.594
Total time:10.092 


Instance: ../Instances/CKP_Classical_Instances/50/2_70_50
RKO: GA | 
Sol: 0.298 0.184 0.306 0.305 0.534 0.610 0.191 0.129 0.816 0.150 0.005 0.805 0.490 0.478 0.202 0.942 0.308 0.804 0.464 0.449 0.354 0.334 0.315 0.740 0.292 0.302 0.262 0.692 0.343 0.630 0.006 0.733 0.414 0.316 0.266 0.566 0.372 0.488 0.335 0.524 0.434 0.599 0.176 0.191 0.323 0.972 0.904 0.923 0.871 0.113 0.098 0.682 0.057 0.013 0.328 0.363 0.248 0.922 0.764 0.597 0.477 0.786 0.829 0.054 0.288 0.844 0.016 0.188 0.380 0.682 
ofv: -389783.000000
Best time: 7.289
Total time:10.017 


Instance: ../Instances/CKP_Classical_Instances/50/3_70_50
RKO: GA | 
Sol: 0.760 0.908 0.748 0.643 0.525 0.719 0.923 0.905 0.799 0.537 0.864 0.581 0.218 0.983 0.974 0.422 0.072 0.881 0.246 0.505 0.599 0.161 0.523 0.148 0.223 0.938 0.481 0.720 0.540 0.765 0.689 0.018 0.926 0.732 0.865 0.795 0.222 0.777 0.929 0.731 0.215 0.755 0.972 0.322 0.556 0.343 0.475 0.319 0.639 0.821 0.490 0.959 0.876 0.664 0.584 0.598 0.693 0.672 0.824 0.056 0.601 0.497 0.522 0.549 0.508 0.598 0.589 0.988 0.619 0.919 
ofv: -3491432.000000
Best time: 10.063
Total time:10.063 


Instance: ../Instances/CKP_Classical_Instances/50/4_70_50
RKO: GA | 
Sol: 0.064 0.593 0.358 0.187 0.742 0.325 0.061 0.481 0.340 0.358 0.147 0.021 0.178 0.299 0.204 0.335 0.044 0.294 0.221 0.225 0.228 0.204 0.053 0.453 0.421 0.365 0.234 0.267 0.132 0.405 0.164 0.265 0.185 0.414 0.822 0.027 0.202 0.160 0.143 0.675 0.066 0.430 0.422 0.559 0.432 0.115 0.267 0.494 0.325 0.067 0.788 0.272 0.161 0.266 0.326 0.144 0.237 0.246 0.364 0.452 0.124 0.380 0.395 0.197 0.468 0.064 0.445 0.258 0.438 0.248 
ofv: -5901.000000
Best time: 9.525
Total time:10.113 


Instance: ../Instances/CKP_Classical_Instances/50/5_70_50
RKO: GA | 
Sol: 0.722 0.519 0.810 0.879 0.621 0.672 0.863 0.546 0.579 0.704 0.589 0.952 0.777 0.909 0.561 0.618 0.977 0.734 0.562 0.587 0.828 0.579 0.191 0.940 0.689 0.808 0.838 0.861 0.742 0.566 0.646 0.415 0.619 0.998 0.739 0.740 0.802 0.993 0.631 0.785 0.836 0.548 0.822 0.810 0.611 0.905 0.432 0.892 0.970 0.551 0.936 0.603 0.632 0.549 0.951 0.695 0.596 0.841 0.791 0.688 0.541 0.926 0.642 0.564 0.776 0.169 0.851 0.969 0.789 0.814 
ofv: -7142236.000000
Best time: 9.941
Total time:10.309 


Instance: ../Instances/CKP_Classical_Instances/50/6_70_50
RKO: GA | 
Sol: 0.225 0.474 0.848 0.751 0.963 0.651 0.980 0.005 0.404 0.696 0.025 0.530 0.556 0.747 0.920 0.649 0.823 0.211 0.157 0.627 0.249 0.638 0.375 0.223 0.462 0.904 0.115 0.281 0.021 0.981 0.904 0.227 0.306 0.472 0.631 0.789 0.777 0.773 0.449 0.100 0.972 0.655 0.917 0.292 0.599 0.103 0.422 0.622 0.768 0.537 0.979 0.956 0.600 0.726 0.392 0.716 0.646 0.741 0.919 0.538 0.993 0.394 0.859 0.393 0.678 0.359 0.744 0.294 0.712 0.878 
ofv: -1941438.000000
Best time: 9.539
Total time:10.095 


Instance: ../Instances/CKP_Classical_Instances/50/7_70_50
RKO: GA | 
Sol: 0.878 0.703 0.810 0.961 0.891 0.300 0.591 0.642 0.783 0.590 0.775 0.590 0.871 0.705 0.766 0.850 0.561 0.907 0.859 0.882 0.702 0.535 0.766 0.786 0.802 0.748 0.969 0.915 0.561 0.553 0.522 0.799 0.687 0.562 0.530 0.693 0.949 0.949 0.673 0.536 0.556 0.730 0.663 0.714 0.571 0.916 0.910 0.701 0.654 0.879 0.846 0.603 0.933 0.519 0.501 0.692 0.898 0.841 0.792 0.717 0.778 0.623 0.983 0.968 0.735 0.812 0.854 0.813 0.541 0.922 
ofv: -8082857.000000
Best time: 2.202
Total time:10.156 


Instance: ../Instances/CKP_Classical_Instances/50/8_70_50
RKO: GA | 
Sol: 0.778 0.685 0.442 0.753 0.583 0.654 0.654 0.654 0.827 0.614 0.863 0.300 0.769 0.645 0.700 0.933 0.830 0.841 0.557 0.184 0.950 0.794 0.408 0.649 0.615 0.359 0.803 0.688 0.927 0.421 0.911 0.723 0.433 0.772 0.521 0.854 0.805 0.921 0.949 0.441 0.687 0.530 0.838 0.728 0.689 0.702 0.809 0.589 0.773 0.603 0.973 0.644 0.608 0.194 0.932 0.557 0.613 0.864 0.616 0.889 0.917 0.611 0.986 0.978 0.961 0.739 0.984 0.698 0.914 0.897 
ofv: -5635971.000000
Best time: 10.031
Total time:10.062 


Instance: ../Instances/CKP_Classical_Instances/50/9_70_50
RKO: GA | 
Sol: 0.687 0.757 0.699 0.600 0.687 0.686 0.838 0.719 0.726 0.348 0.707 0.684 0.703 0.832 0.857 0.529 0.827 0.660 0.528 0.505 0.710 0.965 0.614 0.570 0.837 0.882 0.692 0.767 0.678 0.540 0.755 0.874 0.902 0.967 0.953 0.928 0.748 0.674 0.645 0.497 0.753 0.624 0.812 0.710 0.891 0.778 0.811 0.722 0.930 0.254 0.840 0.896 0.734 0.671 0.717 0.756 0.513 0.272 0.548 0.843 0.653 0.633 0.725 0.812 0.811 0.696 0.612 0.882 0.512 0.624 
ofv: -7069902.000000
Best time: 3.828
Total time:10.434 


Instance: ../Instances/CKP_Classical_Instances/50/10_70_50
RKO: GA | 
Sol: 0.563 0.771 0.679 0.939 0.269 0.686 0.854 0.023 0.573 0.657 0.479 0.672 0.571 0.885 0.685 0.712 0.510 0.807 0.858 0.582 0.769 0.626 0.573 0.614 0.688 0.532 0.791 0.950 0.516 0.873 0.774 0.897 0.546 0.809 0.843 0.816 0.945 0.944 0.760 0.965 0.626 0.888 0.659 0.917 0.514 0.540 0.600 0.969 0.692 0.788 0.617 0.812 0.573 0.942 0.645 0.565 0.554 0.599 0.783 0.009 0.730 0.657 0.892 0.715 0.916 0.962 0.816 0.940 0.518 0.540 
ofv: -7055031.000000
Best time: 6.100
Total time:10.145 


Instance: ../Instances/CKP_Classical_Instances/75/1_70_75
RKO: GA | 
Sol: 0.676 0.208 0.595 0.617 0.756 0.905 0.625 0.968 0.875 0.786 0.731 0.711 0.782 0.682 0.236 0.810 0.712 0.869 0.545 0.844 0.775 0.935 0.890 0.866 0.837 0.530 0.816 0.995 0.604 0.609 0.682 0.286 0.874 0.657 0.620 0.801 0.747 0.561 0.797 0.543 0.115 0.971 0.887 0.563 0.524 0.624 0.719 0.705 0.840 0.866 0.862 0.719 0.984 0.746 0.909 0.775 0.765 0.639 0.799 0.634 0.753 0.672 0.511 0.653 0.787 0.125 0.640 0.925 0.598 0.323 
ofv: -9628762.000000
Best time: 8.714
Total time:10.125 


Instance: ../Instances/CKP_Classical_Instances/75/2_70_75
RKO: GA | 
Sol: 0.582 0.027 0.402 0.763 0.672 0.593 0.461 0.496 0.572 0.011 0.586 0.807 0.941 0.698 0.820 0.685 0.563 0.604 0.525 0.744 0.657 0.705 0.468 0.964 0.253 0.446 0.626 0.929 0.989 0.526 0.668 0.520 0.895 0.819 0.767 0.954 0.666 0.566 0.524 0.560 0.802 0.731 0.540 0.922 0.515 0.615 0.590 0.349 0.006 0.625 0.546 0.386 0.674 0.386 0.851 0.669 0.308 0.816 0.942 0.832 0.604 0.870 0.654 0.007 0.941 0.578 0.568 0.252 0.422 0.617 
ofv: -5789076.000000
Best time: 8.478
Total time:10.187 


Instance: ../Instances/CKP_Classical_Instances/75/3_70_75
RKO: GA | 
Sol: 0.913 0.674 0.615 0.466 0.801 0.790 0.899 0.879 0.506 0.942 0.911 0.955 0.098 0.927 0.833 0.933 0.516 0.824 0.208 0.746 0.553 0.554 0.989 0.883 0.545 0.915 0.149 0.873 0.758 0.810 0.830 0.920 0.563 0.531 0.452 0.938 0.108 0.489 0.669 0.631 0.665 0.805 0.822 0.576 0.687 0.889 0.360 0.735 0.687 0.683 0.615 0.355 0.540 0.812 0.525 0.468 0.768 0.774 0.889 0.981 0.664 0.773 0.727 0.540 0.744 0.813 0.618 0.612 0.059 0.201 
ofv: -7213206.000000
Best time: 9.052
Total time:10.166 


Instance: ../Instances/CKP_Classical_Instances/75/4_70_75
RKO: GA | 
Sol: 0.036 0.117 0.401 0.390 0.181 0.050 0.076 0.652 0.379 0.340 0.837 0.128 0.043 0.045 0.485 0.461 0.045 0.619 0.280 0.010 0.357 0.560 0.115 0.068 0.257 0.438 0.431 0.263 0.346 0.009 0.580 0.218 0.645 0.106 0.049 0.347 0.021 0.412 0.379 0.427 0.059 0.004 0.157 0.409 0.184 0.580 0.244 0.374 0.268 0.456 0.320 0.309 0.478 0.235 0.388 0.740 0.389 0.722 0.421 0.170 0.202 0.188 0.414 0.079 0.418 0.234 0.459 0.283 0.447 0.266 
ofv: -29030.000000
Best time: 10.452
Total time:10.482 


Instance: ../Instances/CKP_Classical_Instances/75/5_70_75
RKO: GA | 
Sol: 0.701 0.688 0.520 0.989 0.965 0.348 0.825 0.178 0.849 0.467 0.932 0.450 0.087 0.307 0.105 0.701 0.700 0.182 0.283 0.258 0.596 0.382 0.636 0.935 0.502 0.243 0.979 0.545 0.470 0.624 0.229 0.317 0.468 0.072 0.698 0.478 0.675 0.038 0.447 0.368 0.290 0.326 1.000 0.475 0.952 0.242 0.563 0.260 0.768 0.689 0.163 0.579 0.850 0.100 0.481 0.690 0.835 0.011 0.075 0.325 0.876 0.743 0.340 0.458 0.147 0.904 0.529 0.612 0.895 0.199 
ofv: -1430891.000000
Best time: 9.784
Total time:10.127 


Instance: ../Instances/CKP_Classical_Instances/75/6_70_75
RKO: GA | 
Sol: 0.454 0.964 0.873 0.981 0.964 0.220 0.997 0.941 0.521 0.910 0.219 0.731 0.032 0.262 0.752 0.578 0.036 0.337 0.586 0.513 0.963 0.596 0.667 0.768 0.975 0.288 0.665 0.805 0.586 0.557 0.574 0.860 0.621 0.839 0.913 0.971 0.789 0.525 0.864 0.950 0.193 0.796 0.956 0.362 0.593 0.839 0.575 0.102 0.601 0.257 0.648 0.851 0.961 0.841 0.196 0.894 0.516 0.601 0.620 0.670 0.657 0.595 0.789 0.865 0.587 0.935 0.200 0.108 0.766 0.096 
ofv: -5778770.000000
Best time: 9.803
Total time:10.045 


Instance: ../Instances/CKP_Classical_Instances/75/7_70_75
RKO: GA | 
Sol: 0.326 0.237 0.189 0.283 0.351 0.006 0.252 0.245 0.248 0.183 0.136 0.138 0.135 0.173 0.324 0.349 0.436 0.303 0.154 0.225 0.412 0.767 0.339 0.229 0.223 0.060 0.723 0.544 0.061 0.378 0.778 0.150 0.171 0.483 0.475 0.393 0.214 0.480 0.306 0.315 0.303 0.709 0.037 0.015 0.105 0.154 0.122 0.314 0.468 0.019 0.427 0.487 0.262 0.412 0.062 0.799 0.208 0.381 0.922 0.314 0.166 0.003 0.043 0.243 0.165 0.383 0.458 0.174 0.672 0.781 
ofv: -23989.000000
Best time: 7.610
Total time:10.007 


Instance: ../Instances/CKP_Classical_Instances/75/8_70_75
RKO: GA | 
Sol: 0.234 0.174 0.428 0.166 0.422 0.023 0.069 0.338 0.417 0.435 0.299 0.435 0.000 0.402 0.680 0.888 0.465 0.211 0.248 0.371 0.439 0.487 0.009 0.184 0.478 0.276 0.351 0.172 0.457 0.126 0.695 0.917 0.421 0.086 0.027 0.302 0.362 0.456 0.029 0.273 0.761 0.295 0.181 0.039 0.020 0.328 0.164 0.715 0.367 0.295 0.462 0.415 0.834 0.398 0.036 0.204 0.446 0.369 0.264 0.208 0.434 0.120 0.158 0.027 0.881 0.061 0.260 0.046 0.479 0.234 
ofv: -19170.000000
Best time: 9.429
Total time:10.267 


Instance: ../Instances/CKP_Classical_Instances/75/9_70_75
RKO: GA | 
Sol: 0.140 0.645 0.252 0.334 0.050 0.710 0.378 0.466 0.393 0.256 0.909 0.866 0.080 0.591 0.545 0.813 0.648 0.225 0.723 0.555 0.734 0.705 0.197 0.684 0.059 0.295 0.631 0.858 0.296 0.549 0.831 0.638 0.390 0.971 0.065 0.436 0.646 0.216 0.467 0.917 0.970 0.519 0.635 0.816 0.344 0.901 0.287 0.211 0.043 0.647 0.588 0.353 0.998 0.967 0.848 0.128 0.917 0.869 0.896 0.921 0.759 0.340 0.598 0.741 0.082 0.942 0.479 0.755 0.791 0.796 
ofv: -2696373.000000
Best time: 7.765
Total time:10.072 


Instance: ../Instances/CKP_Classical_Instances/75/10_70_75
RKO: GA | 
Sol: 0.663 0.548 0.712 0.582 0.974 0.137 0.648 0.637 0.077 0.385 0.689 0.611 0.693 0.636 0.839 0.750 0.511 0.082 0.078 0.610 0.906 0.770 0.878 0.978 0.567 0.384 0.859 0.255 0.873 0.872 0.689 0.673 0.701 0.630 0.285 0.826 0.136 0.948 0.965 0.869 0.811 0.566 0.843 0.616 0.700 0.861 0.872 0.608 0.826 0.917 0.662 0.033 0.529 0.878 0.859 0.904 0.809 0.668 0.797 0.751 0.645 0.764 0.912 0.414 0.020 0.763 0.918 0.940 0.076 0.904 
ofv: -6847685.000000
Best time: 9.328
Total time:10.015 


Instance: ../Instances/CKP_Classical_Instances/100/1_70_100
RKO: GA | 
Sol: 0.694 0.630 0.851 0.979 0.676 0.743 0.253 0.698 0.821 0.312 0.552 0.166 0.572 0.799 0.780 0.653 0.751 0.886 0.104 0.906 0.521 0.086 0.983 0.995 0.787 0.798 0.440 0.042 0.962 0.698 0.755 0.952 0.984 0.534 0.841 0.697 0.650 0.709 0.684 0.766 0.388 0.716 0.527 0.113 0.202 0.991 0.845 0.782 0.930 0.838 0.561 0.985 0.521 0.631 0.789 0.831 0.520 0.821 0.153 0.016 0.236 0.594 0.968 0.977 0.651 0.404 0.821 0.622 0.996 0.896 
ofv: -8638642.000000
Best time: 10.141
Total time:10.141 


Instance: ../Instances/CKP_Classical_Instances/100/2_70_100
RKO: GA | 
Sol: 0.839 0.393 0.574 0.111 0.325 0.718 0.119 0.012 0.179 0.924 0.686 0.289 0.384 0.122 0.550 0.051 0.489 0.621 0.922 0.183 0.085 0.263 0.622 0.983 0.075 0.601 0.401 0.537 0.733 0.742 0.582 0.889 0.442 0.268 0.151 0.211 0.192 0.929 0.894 0.771 0.192 0.880 0.093 0.168 0.088 0.034 0.663 0.664 0.421 0.640 0.935 0.009 0.758 0.389 0.373 0.050 0.218 0.205 0.625 0.223 0.252 0.462 0.282 0.234 0.785 0.031 0.103 0.211 0.046 0.212 
ofv: -958285.000000
Best time: 10.122
Total time:10.123 


Instance: ../Instances/CKP_Classical_Instances/100/3_70_100
RKO: GA | 
Sol: 0.436 0.822 0.365 0.181 0.937 0.421 0.217 0.899 0.398 0.109 0.537 0.090 0.177 1.000 0.275 0.542 0.094 0.189 0.670 0.227 0.831 0.296 0.403 0.336 0.092 0.082 0.065 0.697 0.261 0.501 0.093 0.398 0.011 0.736 0.098 0.394 0.514 0.319 0.041 0.453 0.625 0.490 0.838 0.469 0.664 0.792 0.753 0.091 0.093 0.501 0.115 0.124 0.474 0.510 0.213 0.101 0.159 0.779 0.784 0.152 0.687 0.843 0.049 0.243 0.560 0.089 0.343 0.931 0.564 0.573 
ofv: -913444.000000
Best time: 8.783
Total time:10.113 


Instance: ../Instances/CKP_Classical_Instances/100/4_70_100
RKO: GA | 
Sol: 0.261 0.887 0.968 0.292 0.961 0.839 0.779 0.617 0.652 0.352 0.409 0.497 0.241 0.429 0.004 0.055 0.202 0.946 0.823 0.904 0.682 0.669 0.108 0.663 0.217 0.945 0.888 0.914 0.635 0.796 0.574 0.914 0.823 0.844 0.044 0.025 0.645 0.116 0.540 0.648 0.003 0.553 0.242 0.005 0.736 0.191 0.903 0.708 0.250 0.048 0.735 0.481 0.195 0.711 0.006 0.984 0.372 0.555 0.100 0.858 0.429 0.005 0.572 0.637 0.732 0.158 0.254 0.762 0.068 0.636 
ofv: -2868586.000000
Best time: 8.488
Total time:10.065 


Instance: ../Instances/CKP_Classical_Instances/100/5_70_100
RKO: GA | 
Sol: 0.845 0.366 0.437 0.184 0.900 0.293 0.082 0.226 0.164 0.681 0.425 0.405 0.020 0.375 0.396 0.325 0.118 0.113 0.059 0.277 0.145 0.667 0.098 0.111 0.433 0.486 0.966 0.526 0.577 0.184 0.373 0.082 0.483 0.534 0.381 0.042 0.072 0.155 0.669 0.847 0.313 0.356 0.182 0.254 0.189 0.777 0.385 0.085 0.018 0.148 0.449 0.551 0.121 0.291 0.141 0.342 0.367 0.557 0.231 0.059 0.065 0.680 0.291 0.030 0.922 0.524 0.308 0.074 0.337 0.060 
ofv: -191338.000000
Best time: 8.831
Total time:10.078 


Instance: ../Instances/CKP_Classical_Instances/100/6_70_100
RKO: GA | 
Sol: 0.832 0.483 0.324 0.003 0.274 0.500 0.961 0.301 0.166 0.235 0.509 0.128 0.122 0.693 0.099 0.016 0.235 0.422 0.325 0.807 0.378 0.168 0.184 0.158 0.434 0.016 0.228 0.290 0.846 0.401 0.129 0.377 0.344 0.072 0.482 0.186 0.322 0.448 0.265 0.040 0.434 0.310 0.256 0.073 0.001 0.293 0.420 0.448 0.200 0.129 0.053 0.272 0.464 0.695 0.218 0.181 0.117 0.642 0.190 0.121 0.025 0.518 0.280 0.442 0.031 0.177 0.044 0.808 0.205 0.295 
ofv: -45562.000000
Best time: 6.511
Total time:10.087 


Instance: ../Instances/CKP_Classical_Instances/100/7_70_100
RKO: GA | 
Sol: 0.866 0.053 0.718 0.553 0.378 0.291 0.907 0.091 0.143 0.420 0.588 0.182 0.669 0.812 0.166 0.248 0.987 0.509 0.728 0.177 0.354 0.997 0.856 0.328 0.339 0.702 0.137 0.921 0.886 0.546 0.682 0.479 0.738 0.711 0.183 0.637 0.058 0.789 0.099 0.194 0.042 0.840 0.618 0.635 0.067 0.107 0.813 0.117 0.929 0.704 0.121 0.610 0.672 0.177 0.287 0.696 0.047 0.030 0.745 0.722 0.974 0.615 0.365 0.312 0.075 0.720 0.178 0.784 0.537 0.369 
ofv: -2441346.000000
Best time: 7.896
Total time:10.099 


Instance: ../Instances/CKP_Classical_Instances/100/8_70_100
RKO: GA | 
Sol: 0.229 0.492 0.223 0.082 0.707 0.824 0.279 0.342 0.482 0.076 0.940 0.994 0.813 0.387 0.469 0.363 0.618 0.412 0.564 0.908 0.606 0.546 0.063 0.404 0.224 0.647 0.569 0.447 0.162 0.773 0.203 0.324 0.377 0.099 0.199 0.156 0.434 0.036 0.262 0.459 0.770 0.246 0.093 0.904 0.860 0.489 0.102 0.369 0.178 0.834 0.547 0.347 0.266 0.300 0.136 0.105 0.316 0.302 0.137 0.981 0.596 0.567 0.249 0.700 0.291 0.387 0.998 0.144 0.636 0.341 
ofv: -658718.000000
Best time: 8.677
Total time:10.021 


Instance: ../Instances/CKP_Classical_Instances/100/9_70_100
RKO: GA | 
Sol: 0.525 0.931 0.658 0.792 0.526 0.658 0.953 0.718 0.515 0.563 0.112 0.831 0.610 0.814 0.713 0.524 0.966 0.548 0.518 0.788 0.983 0.574 0.626 0.923 0.957 0.643 0.525 0.991 0.999 0.993 0.981 0.807 0.857 0.653 0.855 0.551 0.768 0.845 0.980 0.715 0.549 0.690 0.702 0.595 0.687 0.758 0.768 0.832 0.935 0.914 0.811 0.660 0.648 0.669 0.160 0.856 0.587 0.872 0.859 0.851 0.963 0.616 0.916 0.643 0.990 0.774 0.772 0.646 0.937 0.751 
ofv: -15444746.000000
Best time: 9.369
Total time:10.045 


Instance: ../Instances/CKP_Classical_Instances/100/10_70_100
RKO: GA | 
Sol: 0.195 0.119 0.710 0.509 0.906 0.850 0.517 0.969 0.012 0.846 0.719 0.537 0.624 0.719 0.769 0.461 0.223 0.682 0.662 0.158 0.926 0.134 0.932 0.538 0.206 0.915 0.993 0.385 0.318 0.950 0.884 0.712 0.901 0.290 0.934 0.556 0.340 0.743 0.426 0.605 0.412 0.272 0.292 0.875 0.040 0.365 0.347 0.052 0.524 0.713 0.698 0.525 0.809 0.447 0.264 0.165 0.955 0.688 0.092 0.931 0.459 0.715 0.422 0.416 0.120 0.978 0.892 0.614 0.646 0.101 
ofv: -3336905.000000
Best time: 9.959
Total time:10.146 


Instance: ../Instances/CKP_Classical_Instances/25/1_70_25
RKO: LNS | 
Sol: 0.543 0.531 0.560 0.564 0.510 0.503 0.081 0.110 0.705 0.047 0.511 0.094 0.006 0.508 0.009 0.053 0.555 0.516 0.510 0.514 0.031 0.125 0.504 0.519 0.747 0.138 0.143 0.560 0.137 0.025 0.085 0.970 0.554 0.508 0.508 0.539 0.563 0.544 0.516 0.520 0.307 0.532 0.120 0.715 0.522 0.544 0.068 0.563 0.534 0.055 0.084 0.119 0.572 0.501 0.510 0.519 0.070 0.532 0.121 0.561 0.533 0.530 0.565 0.092 0.546 0.543 0.563 0.505 0.511 0.549 
ofv: -1331093.000000
Best time: 10.009
Total time:10.009 


Instance: ../Instances/CKP_Classical_Instances/25/2_70_25
RKO: LNS | 
Sol: 0.518 0.512 0.513 0.528 0.138 0.521 0.501 0.507 0.542 0.016 0.564 0.506 0.758 0.543 0.507 0.095 0.115 0.564 0.527 0.552 0.542 0.556 0.566 0.514 0.523 0.517 0.553 0.023 0.001 0.531 0.516 0.894 0.548 0.535 0.528 0.550 0.534 0.946 0.508 0.552 0.529 0.540 0.533 0.075 0.506 0.566 0.101 0.538 0.538 0.556 0.540 0.519 0.519 0.513 0.502 0.541 0.507 0.531 0.555 0.507 0.520 0.570 0.062 0.527 0.508 0.080 0.509 0.053 0.513 0.515 
ofv: -2564217.000000
Best time: 10.096
Total time:10.096 


Instance: ../Instances/CKP_Classical_Instances/25/3_70_25
RKO: LNS | 
Sol: 0.502 0.015 0.066 0.002 0.513 0.511 0.014 0.558 0.549 0.540 0.534 0.505 0.064 0.513 0.070 0.529 0.082 0.087 0.506 0.571 0.007 0.985 0.542 0.117 0.562 0.532 0.104 0.014 0.118 0.139 0.078 0.524 0.563 0.538 0.620 0.543 0.527 0.526 0.556 0.560 0.534 0.740 0.531 0.097 0.138 0.560 0.547 0.022 0.103 0.331 0.507 0.571 0.557 0.566 0.089 0.039 0.544 0.088 0.086 0.060 0.219 0.555 0.027 0.530 0.758 0.076 0.037 0.086 0.021 0.510 
ofv: -741797.000000
Best time: 9.200
Total time:10.043 


Instance: ../Instances/CKP_Classical_Instances/25/4_70_25
RKO: LNS | 
Sol: 0.534 0.517 0.659 0.546 0.544 0.601 0.667 0.547 0.524 0.551 0.642 0.789 0.512 0.513 0.718 0.569 0.570 0.815 0.727 0.959 0.788 0.561 0.819 0.541 0.521 0.536 0.539 0.602 0.519 0.571 0.612 0.510 0.558 0.955 0.509 0.569 0.545 0.570 0.864 0.503 0.623 0.555 0.568 0.513 0.500 0.932 0.846 0.577 0.566 0.547 0.837 0.521 0.559 0.537 0.523 0.552 0.529 0.894 0.567 0.379 0.962 0.503 0.999 0.879 0.501 0.543 0.548 0.531 0.517 0.545 
ofv: -4046545.000000
Best time: 5.213
Total time:10.055 


Instance: ../Instances/CKP_Classical_Instances/25/5_70_25
RKO: LNS | 
Sol: 0.545 0.541 0.562 0.554 0.521 0.567 0.559 0.536 0.550 0.503 0.570 0.116 0.501 0.527 0.553 0.565 0.033 0.516 0.559 0.569 0.514 0.552 0.558 0.547 0.536 0.528 0.112 0.568 0.428 0.543 0.548 0.500 0.566 0.546 0.054 0.789 0.054 0.108 0.037 0.512 0.718 0.519 0.515 0.529 0.504 0.514 0.106 0.534 0.514 0.619 0.511 0.565 0.507 0.081 0.309 0.079 0.526 0.527 0.560 0.546 0.509 0.564 0.046 0.976 0.523 0.705 0.564 0.550 0.513 0.563 
ofv: -2329039.000000
Best time: 9.158
Total time:10.019 


Instance: ../Instances/CKP_Classical_Instances/25/6_70_25
RKO: LNS | 
Sol: 0.134 0.508 0.560 0.740 0.502 0.424 0.620 0.548 0.561 0.545 0.505 0.567 0.535 0.538 0.938 0.504 0.549 0.526 0.502 0.520 0.268 0.506 0.038 0.523 0.567 0.523 0.569 0.706 0.533 0.106 0.560 0.529 0.535 0.807 0.117 0.524 0.544 0.510 0.503 0.161 0.561 0.766 0.510 0.864 0.212 0.777 0.558 0.509 0.565 0.564 0.567 0.560 0.565 0.519 0.509 0.851 0.540 0.121 0.522 0.536 0.508 0.525 0.522 0.100 0.546 0.540 0.515 0.002 0.551 0.509 
ofv: -2578460.000000
Best time: 3.989
Total time:10.075 


Instance: ../Instances/CKP_Classical_Instances/25/7_70_25
RKO: LNS | 
Sol: 0.561 0.542 0.562 0.509 0.522 0.514 0.538 0.567 0.534 0.522 0.544 0.526 0.557 0.075 0.566 0.031 0.541 0.563 0.526 0.569 0.544 0.540 0.553 0.520 0.566 0.558 0.559 0.030 0.567 0.565 0.536 0.517 0.551 0.563 0.043 0.539 0.532 0.539 0.556 0.516 0.514 0.097 0.531 0.564 0.554 0.535 0.519 0.546 0.506 0.557 0.821 0.549 0.550 0.082 0.528 0.115 0.558 0.563 0.547 0.292 0.503 0.122 0.546 0.530 0.561 0.096 0.551 0.562 0.553 0.501 
ofv: -2682596.000000
Best time: 8.288
Total time:10.012 


Instance: ../Instances/CKP_Classical_Instances/25/8_70_25
RKO: LNS | 
Sol: 0.044 0.556 0.264 0.102 0.511 0.103 0.508 0.077 0.114 0.531 0.032 0.129 0.783 0.508 0.011 0.514 0.570 0.533 0.051 0.503 0.556 0.122 0.124 0.026 0.127 0.041 0.136 0.536 0.070 0.017 0.035 0.561 0.151 0.051 0.542 0.118 0.170 0.015 0.140 0.566 0.067 0.014 0.540 0.023 0.548 0.511 0.086 0.519 0.516 0.554 0.506 0.072 0.015 0.565 0.101 0.045 0.094 0.014 0.532 0.513 0.592 0.535 0.571 0.507 0.471 0.542 0.113 0.021 0.507 0.018 
ofv: -379861.000000
Best time: 8.241
Total time:10.085 


Instance: ../Instances/CKP_Classical_Instances/25/9_70_25
RKO: LNS | 
Sol: 0.981 0.023 0.523 0.004 0.538 0.010 0.123 0.010 0.527 0.131 0.556 0.100 0.305 0.066 0.510 0.092 0.092 0.132 0.548 0.527 0.047 0.070 0.018 0.570 0.024 0.105 0.513 0.557 0.128 0.057 0.102 0.024 0.096 0.136 0.112 0.536 0.008 0.563 0.902 0.555 0.567 0.524 0.126 0.505 0.039 0.113 0.512 0.104 0.561 0.063 0.135 0.552 0.359 0.001 0.013 0.530 0.069 0.005 0.067 0.140 0.063 0.132 0.256 0.324 0.117 0.053 0.522 0.059 0.568 0.506 
ofv: -202273.000000
Best time: 9.860
Total time:10.044 


Instance: ../Instances/CKP_Classical_Instances/25/10_70_25
RKO: LNS | 
Sol: 0.940 0.633 0.527 0.698 0.872 0.552 0.570 0.542 0.590 0.852 0.550 0.563 0.518 0.888 0.549 0.523 0.567 0.535 0.549 0.526 0.537 0.543 0.569 0.502 0.565 0.536 0.726 0.560 0.140 0.501 0.533 0.523 0.840 0.553 0.515 0.523 0.260 0.569 0.981 0.009 0.563 0.927 0.082 0.558 0.550 0.541 0.547 0.580 0.502 0.105 0.534 0.535 0.533 0.521 0.537 0.511 0.500 0.504 0.553 0.528 0.559 0.569 0.502 0.527 0.570 0.546 0.041 0.523 0.138 0.504 
ofv: -3097596.000000
Best time: 4.506
Total time:10.057 


Instance: ../Instances/CKP_Classical_Instances/50/1_70_50
RKO: LNS | 
Sol: 0.538 0.008 0.520 0.500 0.502 0.512 0.599 0.056 0.568 0.528 0.552 0.506 0.099 0.054 0.546 0.539 0.555 0.550 0.512 0.551 0.555 0.553 0.502 0.892 0.555 0.547 0.091 0.511 0.546 0.885 0.543 0.555 0.556 0.568 0.526 0.099 0.756 0.563 0.548 0.653 0.027 0.507 0.534 0.567 0.505 0.535 0.063 0.097 0.030 0.561 0.532 0.507 0.044 0.525 0.604 0.262 0.505 0.077 0.014 0.566 0.305 0.542 0.513 0.559 0.852 0.512 0.520 0.550 0.508 0.528 
ofv: -4194436.000000
Best time: 9.931
Total time:10.036 


Instance: ../Instances/CKP_Classical_Instances/50/2_70_50
RKO: LNS | 
Sol: 0.047 0.003 0.094 0.140 0.530 0.069 0.086 0.069 0.555 0.111 0.079 0.531 0.119 0.555 0.117 0.504 0.261 0.502 0.138 0.857 0.536 0.040 0.004 0.526 0.028 0.019 0.004 0.055 0.117 0.556 0.094 0.513 0.066 0.321 0.071 0.542 0.050 0.532 0.434 0.564 0.058 0.531 0.138 0.114 0.119 0.509 0.570 0.100 0.024 0.074 0.075 0.543 0.521 0.105 0.028 0.142 0.138 0.046 0.524 0.514 0.057 0.547 0.570 0.021 0.093 0.507 0.002 0.010 0.079 0.515 
ofv: -397770.000000
Best time: 7.248
Total time:10.056 


Instance: ../Instances/CKP_Classical_Instances/50/3_70_50
RKO: LNS | 
Sol: 0.787 0.502 0.551 0.138 0.560 0.536 0.503 0.527 0.533 0.515 0.504 0.552 0.074 0.115 0.036 0.020 0.055 0.516 0.051 0.114 0.514 0.090 0.803 0.529 0.067 0.571 0.065 0.507 0.509 0.542 0.553 0.530 0.505 0.785 0.823 0.502 0.001 0.568 0.510 0.516 0.558 0.518 0.522 0.017 0.523 0.072 0.012 0.066 0.517 0.503 0.541 0.952 0.505 0.545 0.556 0.141 0.519 0.566 0.538 0.077 0.534 0.541 0.522 0.799 0.516 0.100 0.548 0.505 0.512 0.291 
ofv: -3129206.000000
Best time: 8.202
Total time:10.092 


Instance: ../Instances/CKP_Classical_Instances/50/4_70_50
RKO: LNS | 
Sol: 0.105 0.511 0.050 0.091 0.111 0.091 0.141 0.002 0.129 0.102 0.022 0.034 0.110 0.038 0.066 0.084 0.025 0.132 0.103 0.090 0.094 0.128 0.020 0.062 0.382 0.083 0.104 0.091 0.143 0.034 0.128 0.094 0.076 0.005 0.034 0.071 0.030 0.066 0.036 0.558 0.020 0.513 0.072 0.038 0.514 0.061 0.115 0.108 0.323 0.018 0.043 0.063 0.126 0.043 0.102 0.130 0.055 0.139 0.070 0.017 0.112 0.140 0.083 0.002 0.547 0.618 0.002 0.050 0.094 0.035 
ofv: -5224.000000
Best time: 6.107
Total time:10.113 


Instance: ../Instances/CKP_Classical_Instances/50/5_70_50
RKO: LNS | 
Sol: 0.612 0.558 0.000 0.554 0.557 0.780 0.522 0.547 0.568 0.710 0.547 0.558 0.612 0.806 0.703 0.513 0.636 0.563 0.515 0.697 0.510 0.707 0.516 0.531 0.525 0.057 0.554 0.550 0.718 0.521 0.193 0.566 0.511 0.547 0.850 0.518 0.560 0.530 0.866 0.639 0.672 0.789 0.553 0.544 0.676 0.524 0.506 0.548 0.518 0.912 0.565 0.561 0.522 0.651 0.505 0.608 0.515 0.539 0.535 0.529 0.567 0.658 0.524 0.569 0.512 0.128 0.789 0.524 0.560 0.848 
ofv: -7142020.000000
Best time: 5.452
Total time:10.053 


Instance: ../Instances/CKP_Classical_Instances/50/6_70_50
RKO: LNS | 
Sol: 0.032 0.092 0.568 0.512 0.060 0.528 0.133 0.108 0.557 0.875 0.520 0.540 0.031 0.537 0.566 0.137 0.505 0.124 0.105 0.102 0.117 0.522 0.095 0.539 0.564 0.526 0.504 0.502 0.016 0.084 0.538 0.670 0.523 0.061 0.510 0.423 0.570 0.524 0.538 0.059 0.509 0.555 0.064 0.017 0.120 0.129 0.571 0.529 0.566 0.501 0.520 0.518 0.503 0.525 0.509 0.504 0.070 0.547 0.558 0.098 0.554 0.559 0.559 0.053 0.094 0.046 0.569 0.108 0.546 0.530 
ofv: -1945475.000000
Best time: 6.373
Total time:10.105 


Instance: ../Instances/CKP_Classical_Instances/50/7_70_50
RKO: LNS | 
Sol: 0.547 0.525 0.562 0.556 0.556 0.561 0.515 0.956 0.587 0.516 0.570 0.519 0.539 0.567 0.512 0.507 0.555 0.565 0.545 0.563 0.504 0.561 0.513 0.504 0.511 0.534 0.557 0.555 0.552 0.523 0.554 0.556 0.529 0.769 0.546 0.510 0.565 0.521 0.527 0.556 0.501 0.558 0.532 0.523 0.711 0.527 0.509 0.508 0.507 0.528 0.565 0.565 0.567 0.535 0.569 0.517 0.565 0.517 0.532 0.509 0.553 0.367 0.509 0.501 0.524 0.558 0.528 0.525 0.553 0.530 
ofv: -8080355.000000
Best time: 5.214
Total time:10.059 


Instance: ../Instances/CKP_Classical_Instances/50/8_70_50
RKO: LNS | 
Sol: 0.556 0.513 0.523 0.553 0.549 0.516 0.563 0.540 0.541 0.566 0.550 0.010 0.630 0.530 0.542 0.508 0.991 0.552 0.566 0.069 0.508 0.545 0.039 0.540 0.528 0.559 0.533 0.569 0.559 0.980 0.569 0.562 0.116 0.519 0.509 0.129 0.517 0.108 0.545 0.503 0.511 0.546 0.516 0.524 0.545 0.519 0.546 0.552 0.550 0.516 0.518 0.565 0.588 0.111 0.517 0.542 0.115 0.914 0.508 0.509 0.953 0.592 0.633 0.515 0.002 0.535 0.566 0.514 0.570 0.559 
ofv: -5639663.000000
Best time: 9.540
Total time:10.027 


Instance: ../Instances/CKP_Classical_Instances/50/9_70_50
RKO: LNS | 
Sol: 0.513 0.539 0.545 0.552 0.511 0.555 0.506 0.570 0.522 0.501 0.562 0.560 0.531 0.524 0.568 0.542 0.562 0.559 0.513 0.507 0.556 0.539 0.551 0.511 0.561 0.549 0.526 0.562 0.550 0.561 0.537 0.020 0.140 0.563 0.564 0.555 0.500 0.541 0.568 0.547 0.510 0.517 0.503 0.551 0.544 0.531 0.532 0.504 0.190 0.501 0.068 0.502 0.540 0.559 0.523 0.513 0.534 0.569 0.121 0.501 0.539 0.548 0.518 0.535 0.539 0.517 0.507 0.514 0.563 0.535 
ofv: -6751699.000000
Best time: 7.006
Total time:10.058 


Instance: ../Instances/CKP_Classical_Instances/50/10_70_50
RKO: LNS | 
Sol: 0.103 0.507 0.519 0.519 0.506 0.528 0.544 0.886 0.541 0.561 0.548 0.839 0.536 0.546 0.561 0.528 0.680 0.505 0.509 0.500 0.552 0.511 0.507 0.513 0.563 0.568 0.528 0.554 0.562 0.885 0.795 0.505 0.518 0.515 0.511 0.919 0.549 0.519 0.605 0.558 0.088 0.537 0.089 0.523 0.547 0.558 0.523 0.527 0.567 0.535 0.535 0.526 0.559 0.569 0.264 0.593 0.538 0.532 0.561 0.565 0.786 0.563 0.545 0.117 0.546 0.939 0.557 0.735 0.529 0.511 
ofv: -6812522.000000
Best time: 9.575
Total time:10.083 


Instance: ../Instances/CKP_Classical_Instances/75/1_70_75
RKO: LNS | 
Sol: 0.505 0.562 0.507 0.550 0.509 0.506 0.504 0.047 0.521 0.539 0.544 0.547 0.521 0.504 0.543 0.688 0.545 0.502 0.516 0.516 0.563 0.565 0.507 0.515 0.545 0.542 0.522 0.533 0.522 0.520 0.523 0.032 0.532 0.563 0.515 0.506 0.534 0.545 0.524 0.568 0.066 0.503 0.901 0.537 0.525 0.545 0.559 0.070 0.564 0.762 0.513 0.786 0.551 0.546 0.222 0.509 0.512 0.514 0.538 0.519 0.559 0.547 0.565 0.524 0.503 0.020 0.508 0.514 0.563 0.534 
ofv: -9616922.000000
Best time: 5.499
Total time:10.107 


Instance: ../Instances/CKP_Classical_Instances/75/2_70_75
RKO: LNS | 
Sol: 0.217 0.524 0.002 0.916 0.657 0.550 0.521 0.275 0.528 0.089 0.526 0.542 0.518 0.787 0.542 0.502 0.545 0.753 0.452 0.130 0.005 0.827 0.543 0.571 0.134 0.025 0.791 0.570 0.514 0.524 0.165 0.517 0.767 0.501 0.531 0.173 0.002 0.687 0.069 0.859 0.587 0.977 0.552 0.739 0.532 0.521 0.798 0.501 0.518 0.536 0.503 0.496 0.508 0.245 0.533 0.589 0.298 0.707 0.321 0.524 0.518 0.571 0.504 0.934 0.529 0.547 0.608 0.134 0.548 0.558 
ofv: -5186881.000000
Best time: 9.523
Total time:10.042 


Instance: ../Instances/CKP_Classical_Instances/75/3_70_75
RKO: LNS | 
Sol: 0.513 0.510 0.512 0.571 0.108 1.000 0.549 0.552 0.546 0.882 0.557 0.533 0.140 0.509 0.544 0.549 0.192 0.568 0.082 0.511 0.070 0.547 0.533 0.502 0.536 0.771 0.564 0.764 0.518 0.506 0.507 0.720 0.524 0.563 0.556 0.544 0.505 0.280 0.550 0.767 0.567 0.744 0.550 0.554 0.505 0.880 0.537 0.050 0.532 0.553 0.558 0.089 0.526 0.539 0.736 0.457 0.513 0.520 0.996 0.521 0.641 0.519 0.109 0.101 0.539 0.807 0.518 0.520 0.541 0.083 
ofv: -7196961.000000
Best time: 9.939
Total time:10.052 


Instance: ../Instances/CKP_Classical_Instances/75/4_70_75
RKO: LNS | 
Sol: 0.062 0.006 0.040 0.127 0.112 0.554 0.137 0.044 0.043 0.132 0.520 0.093 0.003 0.080 0.096 0.058 0.024 0.562 0.022 0.065 0.041 0.074 0.004 0.036 0.106 0.086 0.068 0.106 0.009 0.027 0.067 0.130 0.536 0.030 0.518 0.031 0.015 0.035 0.092 0.054 0.015 0.018 0.020 0.066 0.117 0.537 0.023 0.024 0.921 0.092 0.003 0.064 0.137 0.542 0.055 0.009 0.086 0.557 0.118 0.106 0.066 0.134 0.027 0.138 0.047 0.046 0.326 0.043 0.052 0.134 
ofv: -26812.000000
Best time: 9.183
Total time:10.077 


Instance: ../Instances/CKP_Classical_Instances/75/5_70_75
RKO: LNS | 
Sol: 0.070 0.543 0.142 0.536 0.914 0.110 0.016 0.058 0.029 0.002 0.555 0.545 0.021 0.133 0.022 0.551 0.503 0.083 0.554 0.005 0.553 0.053 0.562 0.126 0.502 0.141 0.511 0.201 0.019 0.046 0.109 0.011 0.516 0.134 0.511 0.019 0.558 0.123 0.556 0.065 0.052 0.541 0.541 0.021 0.522 0.070 0.502 0.096 0.512 0.571 0.092 0.532 0.541 0.501 0.061 0.558 0.570 0.127 0.003 0.061 0.508 0.566 0.113 0.524 0.136 0.566 0.519 0.541 0.007 0.008 
ofv: -1308019.000000
Best time: 9.841
Total time:10.070 


Instance: ../Instances/CKP_Classical_Instances/75/6_70_75
RKO: LNS | 
Sol: 0.911 0.538 0.566 0.540 0.527 0.118 0.563 0.544 0.549 0.567 0.072 0.559 0.112 0.117 0.525 0.504 0.567 0.060 0.552 0.512 0.521 0.536 0.551 0.525 0.535 0.136 0.525 0.553 0.510 0.511 0.541 0.511 0.504 0.554 0.094 0.539 0.513 0.521 0.537 0.520 0.003 0.527 0.506 0.021 0.502 0.114 0.124 0.122 0.513 0.010 0.555 0.568 0.519 0.507 0.515 0.560 0.530 0.555 0.000 0.729 0.538 0.127 0.102 0.536 0.511 0.518 0.548 0.074 0.510 0.500 
ofv: -5474870.000000
Best time: 9.559
Total time:10.030 


Instance: ../Instances/CKP_Classical_Instances/75/7_70_75
RKO: LNS | 
Sol: 0.013 0.056 0.014 0.108 0.021 0.151 0.037 0.136 0.027 0.044 0.055 0.018 0.305 0.138 0.455 0.139 0.130 0.101 0.069 0.509 0.047 0.949 0.061 0.060 0.032 0.027 0.099 0.004 0.174 0.120 0.132 0.054 0.118 0.024 0.541 0.060 0.195 0.029 0.012 0.018 0.083 0.055 0.090 0.016 0.051 0.012 0.294 0.055 0.001 0.119 0.035 0.010 0.554 0.085 0.140 0.077 0.747 0.001 0.038 0.201 0.093 0.120 0.052 0.092 0.389 0.055 0.034 0.531 0.111 0.534 
ofv: -14202.000000
Best time: 9.420
Total time:10.075 


Instance: ../Instances/CKP_Classical_Instances/75/8_70_75
RKO: LNS | 
Sol: 0.053 0.141 0.089 0.117 0.046 0.017 0.030 0.115 0.026 0.044 0.101 0.071 0.933 0.002 0.375 0.003 0.045 0.067 0.030 0.653 0.090 0.011 0.005 0.015 0.085 0.008 0.067 0.054 0.024 0.506 0.037 0.536 0.059 0.004 0.064 0.103 0.067 0.094 0.048 0.119 0.557 0.081 0.099 0.163 0.140 0.033 0.065 0.036 0.020 0.047 0.127 0.075 0.138 0.027 0.051 0.076 0.035 0.129 0.542 0.099 0.358 0.142 0.045 0.040 0.019 0.134 0.102 0.109 0.076 0.040 
ofv: -8538.000000
Best time: 9.647
Total time:10.062 


Instance: ../Instances/CKP_Classical_Instances/75/9_70_75
RKO: LNS | 
Sol: 0.140 0.440 0.105 0.549 0.062 0.558 0.005 0.063 0.025 0.004 0.555 0.563 0.010 0.527 0.536 0.104 0.527 0.026 0.514 0.140 0.541 0.504 0.513 0.537 0.097 0.048 0.552 0.554 0.048 0.133 0.117 0.506 0.517 0.566 0.085 0.504 0.503 0.007 0.097 0.525 0.513 0.529 0.137 0.566 0.103 0.525 0.083 0.068 0.128 0.017 0.529 0.529 0.503 0.820 0.568 0.114 0.542 0.068 0.562 0.566 0.553 0.554 0.539 0.534 0.049 0.507 0.137 0.534 0.560 0.082 
ofv: -2205186.000000
Best time: 9.534
Total time:10.046 


Instance: ../Instances/CKP_Classical_Instances/75/10_70_75
RKO: LNS | 
Sol: 0.561 0.517 0.545 0.549 0.504 0.126 0.038 0.513 0.682 0.501 0.551 0.544 0.643 0.551 0.556 0.512 0.024 0.126 0.540 0.136 0.670 0.529 0.530 0.509 0.166 0.521 0.526 0.104 0.070 0.502 0.505 0.571 0.502 0.516 0.106 0.961 0.745 0.544 0.366 0.557 0.517 0.541 0.997 0.016 0.504 0.534 0.555 0.559 0.547 0.506 0.556 0.064 0.546 0.532 0.534 0.558 0.547 0.568 0.556 0.515 0.552 0.565 0.893 0.543 0.529 0.571 0.518 0.541 0.092 0.501 
ofv: -6876221.000000
Best time: 9.982
Total time:10.101 


Instance: ../Instances/CKP_Classical_Instances/100/1_70_100
RKO: LNS | 
Sol: 0.560 0.521 0.512 0.547 0.560 0.042 0.543 0.519 0.069 0.071 0.522 0.025 0.571 0.545 0.534 0.513 0.112 0.525 0.078 0.502 0.533 0.512 0.080 0.514 0.564 0.561 0.954 0.540 0.029 0.128 0.531 0.554 0.527 0.534 0.534 0.551 0.521 0.083 0.552 0.545 0.556 0.553 0.082 0.540 0.522 0.534 0.562 0.569 0.026 0.563 0.516 0.516 0.508 0.712 0.504 0.549 0.566 0.533 0.040 0.053 0.559 0.552 0.521 0.040 0.501 0.964 0.550 0.565 0.563 0.570 
ofv: -8203534.000000
Best time: 8.887
Total time:10.039 


Instance: ../Instances/CKP_Classical_Instances/100/2_70_100
RKO: LNS | 
Sol: 0.553 0.065 0.507 0.070 0.099 0.538 0.534 0.039 0.530 0.563 0.519 0.081 0.557 0.043 0.020 0.011 0.140 0.104 0.516 0.134 0.061 0.057 0.061 0.077 0.125 0.560 0.009 0.008 0.516 0.503 0.116 0.683 0.054 0.023 0.052 0.556 0.570 0.563 0.528 0.501 0.118 0.761 0.135 0.045 0.524 0.003 0.039 0.541 0.043 0.091 0.041 0.048 0.512 0.766 0.138 0.112 0.095 0.004 0.058 0.017 0.136 0.014 0.131 0.545 0.050 0.036 0.017 0.096 0.033 0.548 
ofv: -755550.000000
Best time: 8.610
Total time:10.083 


Instance: ../Instances/CKP_Classical_Instances/100/3_70_100
RKO: LNS | 
Sol: 0.118 0.525 0.557 0.119 0.302 0.647 0.053 0.943 0.070 0.033 0.523 0.020 0.083 0.537 0.551 0.542 0.140 0.070 0.564 0.137 0.539 0.111 0.035 0.129 0.119 0.057 0.088 0.527 0.061 0.994 0.554 0.550 0.048 0.594 0.031 0.081 0.091 0.069 0.026 0.391 0.012 0.076 0.513 0.089 0.517 0.132 0.123 0.055 0.049 0.534 0.116 0.502 0.032 0.550 0.127 0.111 0.033 0.521 0.841 0.560 0.128 0.525 0.127 0.003 0.071 0.296 0.088 0.520 0.025 0.017 
ofv: -741532.000000
Best time: 7.377
Total time:10.095 


Instance: ../Instances/CKP_Classical_Instances/100/4_70_100
RKO: LNS | 
Sol: 0.071 0.581 0.539 0.109 0.560 0.820 0.010 0.501 0.142 0.474 0.033 0.137 0.122 0.248 0.966 0.082 0.143 0.500 0.561 0.510 0.511 0.027 0.564 0.066 0.013 0.099 0.547 0.570 0.557 0.538 0.535 0.655 0.548 0.545 0.557 0.089 0.500 0.435 0.540 0.126 0.104 0.570 0.014 0.563 0.534 0.022 0.565 0.550 0.064 0.200 0.540 0.315 0.032 0.560 0.549 0.834 0.027 0.537 0.098 0.537 0.999 0.031 0.115 0.561 0.534 0.020 0.082 0.238 0.007 0.557 
ofv: -2460439.000000
Best time: 8.488
Total time:10.010 


Instance: ../Instances/CKP_Classical_Instances/100/5_70_100
RKO: LNS | 
Sol: 0.527 0.034 0.127 0.111 0.024 0.543 0.126 0.110 0.080 0.568 0.007 0.528 0.110 0.024 0.040 0.028 0.562 0.094 0.004 0.002 0.047 0.007 0.126 0.015 0.230 0.089 0.529 0.999 0.085 0.099 0.015 0.057 0.137 0.538 0.536 0.103 0.072 0.100 0.037 0.085 0.069 0.069 0.047 0.080 0.135 0.501 0.005 0.515 0.073 0.105 0.071 0.532 0.114 0.107 0.052 0.005 0.018 0.828 0.075 0.027 0.476 0.515 0.076 0.542 0.008 0.522 0.045 0.462 0.082 0.042 
ofv: -194318.000000
Best time: 9.883
Total time:10.058 


Instance: ../Instances/CKP_Classical_Instances/100/6_70_100
RKO: LNS | 
Sol: 0.122 0.136 0.037 0.798 0.041 0.115 0.534 0.132 0.059 0.058 0.511 0.053 0.061 0.558 0.109 0.001 0.010 0.002 0.391 0.100 0.056 0.066 0.110 0.093 0.466 0.015 0.135 0.076 0.557 0.089 0.001 0.083 0.083 0.137 0.125 0.345 0.009 0.009 0.005 0.075 0.098 0.109 0.127 0.028 0.025 0.004 0.092 0.063 0.075 0.038 0.127 0.018 0.115 0.787 0.127 0.032 0.109 0.604 0.070 0.050 0.085 0.556 0.559 0.460 0.052 0.076 0.140 0.047 0.015 0.106 
ofv: -31968.000000
Best time: 7.205
Total time:10.012 


Instance: ../Instances/CKP_Classical_Instances/100/7_70_100
RKO: LNS | 
Sol: 0.531 0.084 0.505 0.526 0.142 0.543 0.512 0.551 0.129 0.084 0.545 0.091 0.098 0.547 0.020 0.103 0.064 0.549 0.547 0.567 0.935 0.562 0.542 0.560 0.025 0.524 0.040 0.691 0.503 0.544 0.529 0.134 0.541 0.541 0.031 0.544 0.103 0.508 0.367 0.023 0.101 0.527 0.554 0.001 0.001 0.052 0.515 0.137 0.525 0.566 0.047 0.117 0.112 0.054 0.020 0.570 0.057 0.017 0.516 0.529 0.143 0.817 0.565 0.076 0.003 0.123 0.105 0.099 0.551 0.114 
ofv: -2068458.000000
Best time: 8.961
Total time:10.076 


Instance: ../Instances/CKP_Classical_Instances/100/8_70_100
RKO: LNS | 
Sol: 0.114 0.286 0.499 0.365 0.233 0.556 0.061 0.004 0.397 0.029 0.624 0.521 0.726 0.013 0.062 0.001 0.556 0.100 0.045 0.062 0.564 0.943 0.096 0.325 0.314 0.555 0.505 0.918 0.043 0.049 0.025 0.778 0.007 0.023 0.230 0.053 0.392 0.212 0.102 0.143 0.517 0.024 0.056 0.527 0.100 0.367 0.012 0.782 0.543 0.088 0.113 0.079 0.058 0.002 0.481 0.833 0.107 0.226 0.522 0.539 0.754 0.519 0.066 0.510 0.190 0.121 0.561 0.015 0.043 0.111 
ofv: -509728.000000
Best time: 2.198
Total time:10.030 


Instance: ../Instances/CKP_Classical_Instances/100/9_70_100
RKO: LNS | 
Sol: 0.531 0.542 0.532 0.512 0.526 0.521 0.535 0.611 0.505 0.507 0.501 0.503 0.016 0.567 0.533 0.511 0.566 0.524 0.548 0.509 0.560 0.539 0.538 0.540 0.563 0.511 0.560 0.544 0.561 0.736 0.540 0.566 0.525 0.539 0.562 0.550 0.553 0.504 0.544 0.534 0.522 0.538 0.518 0.508 0.559 0.500 0.518 0.526 0.528 0.527 0.216 0.561 0.539 0.978 0.512 0.790 0.554 0.530 0.561 0.800 0.531 0.511 0.510 0.540 0.546 0.513 0.569 0.533 0.569 0.555 
ofv: -15436126.000000
Best time: 10.053
Total time:10.053 


Instance: ../Instances/CKP_Classical_Instances/100/10_70_100
RKO: LNS | 
Sol: 0.126 0.564 0.533 0.557 0.545 0.554 0.676 0.079 0.002 0.249 0.344 0.736 0.570 0.120 0.565 0.044 0.548 0.537 0.558 0.102 0.010 0.018 0.520 0.153 0.053 0.509 0.087 0.507 0.008 0.884 0.525 0.073 0.523 0.555 0.139 0.566 0.040 0.894 0.567 0.572 0.064 0.116 0.001 0.555 0.141 0.022 0.084 0.004 0.558 0.564 0.520 0.567 0.550 0.510 0.055 0.086 0.531 0.508 0.123 0.565 0.536 0.566 0.095 0.027 0.073 0.558 0.560 0.546 0.536 0.444 
ofv: -2883559.000000
Best time: 9.748
Total time:10.077 


Instance: ../Instances/CKP_Classical_Instances/25/1_70_25
RKO: GRASP | 
Sol: 0.636 0.536 0.990 0.555 0.999 0.343 0.114 0.333 0.328 0.239 0.524 0.031 0.025 0.703 0.464 0.199 0.473 0.794 0.876 0.922 0.927 0.432 0.844 0.863 0.602 0.618 0.728 0.916 0.550 0.347 0.024 0.355 0.570 0.557 0.859 0.524 0.879 0.784 0.942 0.716 0.422 0.533 0.404 0.822 0.721 0.594 0.197 0.606 0.863 0.577 0.457 0.098 0.508 0.890 0.553 0.591 0.266 0.812 0.395 0.947 0.713 0.649 0.510 0.221 0.274 0.558 0.541 0.724 0.820 0.783 
ofv: -1355145.000000
Best time: 10.983
Total time:10.983 


Instance: ../Instances/CKP_Classical_Instances/25/2_70_25
RKO: GRASP | 
Sol: 0.892 0.627 0.850 0.531 0.741 0.222 0.960 0.552 0.636 0.018 0.664 0.090 0.736 0.585 0.542 0.496 0.516 0.681 0.579 0.713 0.603 0.032 0.805 0.500 0.915 0.671 0.620 1.000 0.532 0.987 0.664 0.856 0.762 0.711 0.762 0.050 0.318 0.710 0.579 0.653 0.616 0.866 0.548 0.832 0.597 0.898 0.068 0.585 0.743 0.867 0.640 0.679 0.982 0.534 0.683 0.004 0.751 0.745 0.080 0.905 0.546 0.862 0.666 0.728 0.537 0.346 0.614 0.605 0.981 0.788 
ofv: -2604040.000000
Best time: 6.981
Total time:11.481 


Instance: ../Instances/CKP_Classical_Instances/25/3_70_25
RKO: GRASP | 
Sol: 0.940 0.246 0.162 0.018 0.610 0.201 0.333 0.525 0.562 0.744 0.965 0.788 0.682 0.662 0.144 0.730 0.034 0.089 0.628 0.461 0.443 0.635 0.714 0.273 0.793 0.048 0.958 0.232 0.456 0.153 0.116 0.616 0.358 0.812 0.703 0.808 0.474 0.704 0.567 0.372 0.892 0.705 0.776 0.044 0.589 0.138 0.519 0.233 0.869 0.476 0.614 0.424 0.753 0.718 0.536 0.223 0.272 0.655 0.417 0.301 0.694 0.693 0.050 0.007 0.880 0.329 0.080 0.736 0.022 0.485 
ofv: -637525.000000
Best time: 11.272
Total time:11.273 


Instance: ../Instances/CKP_Classical_Instances/25/4_70_25
RKO: GRASP | 
Sol: 0.785 0.596 0.611 0.510 0.521 0.861 0.603 0.549 0.535 0.573 0.982 0.916 0.534 0.756 0.729 0.821 0.860 0.573 0.642 0.503 0.557 0.515 0.570 0.580 0.536 0.551 0.528 0.641 0.681 0.633 0.739 0.658 0.830 0.742 0.681 0.587 0.810 0.652 0.529 0.802 0.960 0.512 0.912 0.603 0.752 0.634 0.930 0.853 0.589 0.857 0.721 0.524 0.944 0.997 0.923 0.561 0.857 0.814 0.681 0.461 0.649 0.743 0.567 0.620 0.564 0.597 0.658 0.549 0.710 0.632 
ofv: -4046545.000000
Best time: 5.581
Total time:11.895 


Instance: ../Instances/CKP_Classical_Instances/25/5_70_25
RKO: GRASP | 
Sol: 0.628 0.520 0.526 0.965 0.600 0.769 0.981 0.993 0.907 0.503 0.386 0.100 0.621 0.930 0.856 0.524 0.320 0.516 0.481 0.902 0.754 0.937 0.546 0.903 0.592 0.355 0.670 0.719 0.061 0.777 0.874 0.520 0.590 0.732 0.849 0.640 0.065 0.336 0.483 0.804 0.564 0.514 0.828 0.858 0.942 0.774 0.150 0.754 0.309 0.646 0.774 0.683 0.930 0.272 0.985 0.051 0.726 0.745 0.572 0.985 0.772 0.843 0.811 0.550 0.517 0.614 0.710 0.547 0.677 0.713 
ofv: -2353344.000000
Best time: 11.013
Total time:11.014 


Instance: ../Instances/CKP_Classical_Instances/25/6_70_25
RKO: GRASP | 
Sol: 0.638 0.996 0.384 0.720 0.673 0.981 0.596 0.748 0.988 0.625 0.817 0.046 0.902 0.193 0.539 0.994 0.882 0.965 0.714 0.337 0.185 0.689 0.501 0.990 0.106 0.704 0.565 0.922 0.617 0.405 0.931 0.555 0.441 0.784 0.699 0.543 0.984 0.662 0.974 0.209 0.663 0.698 0.653 0.506 0.013 0.479 0.429 0.572 0.940 0.723 0.566 0.649 0.992 0.690 0.571 0.790 0.674 0.909 0.637 0.820 0.422 0.858 0.664 0.982 0.811 0.222 0.935 0.779 0.683 0.936 
ofv: -2259947.000000
Best time: 6.200
Total time:10.399 


Instance: ../Instances/CKP_Classical_Instances/25/7_70_25
RKO: GRASP | 
Sol: 0.556 0.537 0.943 0.441 0.591 0.693 0.330 0.842 0.664 0.803 0.613 0.631 0.375 0.352 0.691 0.719 0.636 0.980 0.503 0.850 0.714 0.380 0.885 0.736 0.534 0.955 0.760 0.743 0.748 0.761 0.626 0.594 0.873 0.517 0.731 0.858 0.892 0.707 0.836 0.532 0.918 0.931 0.904 0.642 0.555 0.569 0.577 0.811 0.882 0.568 0.875 0.568 0.582 0.059 0.564 0.415 0.580 0.563 0.002 0.761 0.948 0.355 0.523 0.527 0.753 0.318 0.373 0.958 0.293 0.818 
ofv: -2493451.000000
Best time: 5.460
Total time:11.783 


Instance: ../Instances/CKP_Classical_Instances/25/8_70_25
RKO: GRASP | 
Sol: 0.123 0.097 0.539 0.291 0.645 0.613 0.355 0.048 0.427 0.234 0.891 0.099 0.450 0.667 0.531 0.181 0.803 0.690 0.461 0.558 0.469 0.370 0.400 0.459 0.476 0.122 0.238 0.732 0.599 0.393 0.052 0.969 0.276 0.270 0.251 0.322 0.523 0.632 0.436 0.506 0.571 0.951 0.187 0.019 0.100 0.299 0.300 0.496 0.286 0.381 0.971 0.777 0.021 0.364 0.859 0.417 0.419 0.279 0.628 0.956 0.955 0.685 0.683 0.268 0.593 0.589 0.360 0.198 0.959 0.410 
ofv: -325420.000000
Best time: 8.627
Total time:10.542 


Instance: ../Instances/CKP_Classical_Instances/25/9_70_25
RKO: GRASP | 
Sol: 0.176 0.054 0.052 0.513 0.869 0.042 0.755 0.854 0.141 0.353 0.856 0.043 0.402 0.314 0.693 0.186 0.085 0.265 0.771 0.313 0.513 0.333 0.472 0.881 0.003 0.426 0.786 0.842 0.267 0.033 0.062 0.117 0.207 0.072 0.997 0.651 0.454 0.286 0.395 0.581 0.123 0.084 0.470 0.565 0.533 0.205 0.174 0.258 0.844 0.329 0.549 0.078 0.482 0.336 0.468 0.061 0.224 0.144 0.280 0.353 0.355 0.347 0.282 0.256 0.821 0.999 0.604 0.151 0.915 0.243 
ofv: -162619.000000
Best time: 10.273
Total time:10.273 


Instance: ../Instances/CKP_Classical_Instances/25/10_70_25
RKO: GRASP | 
Sol: 0.791 0.755 0.542 0.795 0.714 0.792 0.745 0.594 0.592 0.273 0.807 0.644 0.518 0.766 0.847 0.990 0.617 0.896 0.757 0.757 0.603 0.952 0.426 0.866 0.789 0.853 0.760 0.531 0.014 0.558 0.681 0.672 0.660 0.466 0.942 0.633 0.433 0.695 0.873 0.653 0.718 0.541 0.461 0.995 0.668 0.840 0.569 0.696 0.673 0.937 0.943 0.526 0.582 0.566 0.893 0.510 0.880 0.080 0.621 0.716 0.610 0.821 0.670 0.663 0.849 0.651 0.002 0.879 0.741 0.690 
ofv: -2994891.000000
Best time: 5.947
Total time:10.356 


Instance: ../Instances/CKP_Classical_Instances/50/1_70_50
RKO: GRASP | 
Sol: 0.924 0.668 0.967 0.788 0.588 0.620 0.877 0.193 0.524 0.116 0.776 0.702 0.746 0.558 0.661 0.765 0.966 0.501 0.516 0.654 0.670 0.966 0.589 0.863 0.844 0.656 0.510 0.869 0.713 0.810 0.348 0.240 0.276 0.569 0.486 0.410 0.503 0.892 0.807 0.708 0.581 0.797 0.716 0.362 0.935 0.939 0.047 0.437 0.554 0.514 0.548 0.772 0.629 0.513 0.635 0.433 0.865 0.091 0.722 0.026 0.075 0.914 0.913 0.289 0.749 0.866 0.503 0.012 0.546 0.655 
ofv: -4018187.000000
Best time: 5.620
Total time:12.133 


Instance: ../Instances/CKP_Classical_Instances/50/2_70_50
RKO: GRASP | 
Sol: 0.757 0.338 0.333 0.072 0.689 0.164 0.074 0.222 0.450 0.247 0.461 0.353 0.315 0.092 0.404 0.843 0.103 0.566 0.915 0.085 0.469 0.210 0.331 0.478 0.257 0.153 0.251 0.143 0.889 0.494 0.268 0.537 0.174 0.437 0.033 0.677 0.297 0.533 0.157 0.285 0.415 0.370 0.245 0.707 0.473 0.353 0.884 0.932 0.254 0.228 0.356 0.562 0.198 0.406 0.144 0.002 0.458 0.114 0.704 0.632 0.211 0.593 0.623 0.278 0.346 0.055 0.162 0.667 0.291 0.523 
ofv: -199478.000000
Best time: 5.761
Total time:10.023 


Instance: ../Instances/CKP_Classical_Instances/50/3_70_50
RKO: GRASP | 
Sol: 0.810 0.779 0.043 0.279 0.576 0.679 0.679 0.779 0.989 0.934 0.934 0.889 0.041 0.767 0.445 0.291 0.483 0.668 0.196 0.933 0.882 0.251 0.719 0.618 0.305 0.218 0.248 0.811 0.344 0.854 0.928 0.036 0.218 0.852 0.471 0.742 0.378 0.666 0.586 0.170 0.663 0.674 0.635 0.303 0.640 0.280 0.635 0.526 0.528 0.614 0.861 0.520 0.790 0.887 0.827 0.234 0.755 0.823 0.313 0.914 0.931 0.681 0.011 0.015 0.565 0.981 0.551 0.828 0.657 0.747 
ofv: -2649918.000000
Best time: 5.758
Total time:11.769 


Instance: ../Instances/CKP_Classical_Instances/50/4_70_50
RKO: GRASP | 
Sol: 0.176 0.889 0.291 0.164 0.479 0.080 0.308 0.236 0.388 0.036 0.437 0.186 0.258 0.203 0.166 0.196 0.398 0.237 0.267 0.107 0.674 0.202 0.488 0.169 0.168 0.268 0.245 0.189 0.220 0.055 0.331 0.253 0.239 0.138 0.440 0.390 0.020 0.342 0.348 0.340 0.230 0.650 0.419 0.380 0.495 0.409 0.133 0.296 0.208 0.265 0.362 0.378 0.063 0.369 0.082 0.157 0.132 0.075 0.485 0.437 0.229 0.437 0.475 0.432 0.723 0.329 0.482 0.273 0.136 0.237 
ofv: -2829.000000
Best time: 3.922
Total time:10.275 


Instance: ../Instances/CKP_Classical_Instances/50/5_70_50
RKO: GRASP | 
Sol: 0.904 0.766 0.539 0.723 0.984 0.535 0.740 0.004 0.988 0.870 0.975 0.563 0.937 0.707 0.574 0.890 0.701 0.901 0.964 0.916 0.607 0.581 0.892 0.979 0.753 0.710 0.536 0.772 0.932 0.564 0.540 0.464 0.733 0.897 0.723 0.935 0.516 0.863 0.536 0.774 0.653 0.946 0.767 0.825 0.824 0.576 0.410 0.564 0.593 0.855 0.689 0.769 0.966 0.697 0.967 0.828 0.548 0.998 0.538 0.591 0.507 0.811 0.894 0.531 0.511 0.089 0.919 0.917 0.597 0.695 
ofv: -7154127.000000
Best time: 7.479
Total time:11.647 


Instance: ../Instances/CKP_Classical_Instances/50/6_70_50
RKO: GRASP | 
Sol: 0.938 0.171 0.494 0.594 0.494 0.365 0.272 0.830 0.960 0.308 0.871 0.583 0.209 0.732 0.607 0.747 0.408 0.042 0.430 0.852 0.470 0.893 0.354 0.332 0.834 0.703 0.279 0.425 0.160 0.881 0.524 0.188 0.502 0.780 0.635 0.208 0.923 0.142 0.322 0.323 0.614 0.800 0.994 0.059 0.906 0.408 0.236 0.530 0.566 0.580 0.864 0.891 0.664 0.322 0.851 0.298 0.972 0.803 0.693 0.744 0.869 0.830 0.897 0.572 0.997 0.385 0.566 0.272 0.660 0.685 
ofv: -1878919.000000
Best time: 16.823
Total time:16.823 


Instance: ../Instances/CKP_Classical_Instances/50/7_70_50
RKO: GRASP | 
Sol: 0.720 0.602 0.619 0.610 0.917 0.102 0.650 0.695 0.608 0.740 0.569 0.865 0.635 0.972 0.518 0.809 0.861 0.540 0.644 0.503 0.953 0.879 0.526 0.549 0.852 0.648 0.873 0.900 0.562 0.995 0.650 0.529 0.760 0.528 0.732 0.560 0.824 0.870 0.571 0.705 0.694 0.720 0.819 0.912 0.633 0.522 0.823 0.831 0.762 0.938 0.649 0.915 0.739 0.881 0.722 0.970 0.535 0.738 0.883 0.520 0.556 0.643 0.904 0.780 0.629 0.957 0.811 0.527 0.542 0.710 
ofv: -8082857.000000
Best time: 4.044
Total time:10.564 


Instance: ../Instances/CKP_Classical_Instances/50/8_70_50
RKO: GRASP | 
Sol: 0.563 0.625 0.988 0.995 0.764 0.299 0.910 0.942 0.299 0.721 0.806 0.738 0.788 0.965 0.856 0.563 0.316 0.577 0.675 0.334 0.633 0.759 0.765 0.604 0.770 0.137 0.625 0.667 0.862 0.206 0.767 0.870 0.761 0.736 0.582 0.863 0.935 0.358 0.712 0.445 0.571 0.995 0.971 0.633 0.667 0.886 0.845 0.767 0.966 0.507 0.533 0.869 0.761 0.241 0.609 0.892 0.530 0.778 0.757 0.564 0.799 0.526 0.935 0.082 0.880 0.305 0.606 0.772 0.995 0.524 
ofv: -5156097.000000
Best time: 8.813
Total time:10.762 


Instance: ../Instances/CKP_Classical_Instances/50/9_70_50
RKO: GRASP | 
Sol: 0.854 0.572 0.750 0.741 0.551 0.802 0.506 0.531 0.968 0.938 0.895 0.982 0.833 0.689 0.530 0.681 0.121 0.938 0.072 0.823 0.545 0.993 0.609 0.649 0.541 0.503 0.508 0.747 0.944 0.524 0.936 0.669 0.783 0.830 0.714 0.975 0.048 0.846 0.600 0.997 0.612 0.873 0.968 0.570 0.515 0.973 0.724 0.765 0.976 0.932 0.942 0.507 0.654 0.210 0.135 0.971 0.535 0.500 0.802 0.710 0.883 0.860 0.580 0.654 0.544 0.688 0.554 0.728 0.538 0.528 
ofv: -6495850.000000
Best time: 5.031
Total time:11.671 


Instance: ../Instances/CKP_Classical_Instances/50/10_70_50
RKO: GRASP | 
Sol: 0.656 0.547 0.722 0.503 0.897 0.936 0.831 0.513 0.672 0.727 0.529 0.826 0.666 0.878 0.127 0.517 0.916 0.502 0.725 0.685 0.533 0.664 0.526 0.735 0.781 0.595 0.979 0.662 0.561 0.631 0.523 0.584 0.920 0.733 0.781 0.741 0.859 0.797 0.844 0.702 0.859 0.662 0.176 0.325 0.992 0.850 0.501 0.618 0.897 0.771 0.918 0.164 0.617 0.850 0.788 0.794 0.513 0.501 0.882 0.244 0.925 0.774 0.616 0.666 0.965 0.671 0.745 0.882 0.511 0.882 
ofv: -6832533.000000
Best time: 6.785
Total time:11.057 


Instance: ../Instances/CKP_Classical_Instances/75/1_70_75
RKO: GRASP | 
Sol: 0.873 0.840 0.587 0.802 0.774 0.545 0.808 0.513 0.667 0.503 0.677 0.568 0.723 0.531 0.911 0.881 0.934 0.683 0.253 0.556 0.641 0.655 0.570 0.555 0.541 0.879 0.806 0.532 0.712 0.731 0.554 0.481 0.155 0.643 0.987 0.592 0.631 0.127 0.661 0.069 0.043 0.568 0.977 0.664 0.531 0.969 0.628 0.665 0.701 0.686 0.571 0.723 0.923 0.908 0.870 0.629 0.554 0.583 0.712 0.631 0.753 0.872 0.717 0.989 0.177 0.521 0.104 0.535 0.742 0.825 
ofv: -8802568.000000
Best time: 6.746
Total time:11.090 


Instance: ../Instances/CKP_Classical_Instances/75/2_70_75
RKO: GRASP | 
Sol: 0.652 0.954 0.118 0.663 0.702 0.563 0.569 0.735 0.915 0.706 0.101 0.581 0.669 0.841 0.795 0.707 0.989 0.526 0.952 0.372 0.187 0.678 0.249 0.261 0.954 0.537 0.640 0.090 0.129 0.694 0.710 0.589 0.590 0.707 0.295 0.410 0.306 0.276 0.956 0.771 0.608 0.775 0.249 0.585 0.632 0.903 0.547 0.535 0.315 0.539 0.619 0.235 0.629 0.683 0.985 0.993 0.022 0.700 0.401 0.744 0.732 0.883 0.482 0.181 0.219 0.305 0.996 0.770 0.386 0.550 
ofv: -4156561.000000
Best time: 4.083
Total time:11.051 


Instance: ../Instances/CKP_Classical_Instances/75/3_70_75
RKO: GRASP | 
Sol: 0.716 0.515 0.238 0.157 0.962 0.270 0.645 0.367 0.320 0.836 0.614 0.980 0.914 0.674 0.525 0.965 0.277 0.532 0.182 0.627 0.358 0.983 0.558 0.612 0.671 0.873 0.479 0.922 0.851 0.705 0.624 0.575 0.688 0.836 0.542 0.610 0.295 0.156 0.977 0.510 0.546 0.816 0.131 0.988 0.680 0.793 0.480 0.749 0.839 0.679 0.734 0.580 0.551 0.748 0.717 0.137 0.664 0.603 0.826 0.839 0.689 0.805 0.692 0.359 0.544 0.994 0.501 0.932 0.509 0.690 
ofv: -6229598.000000
Best time: 6.906
Total time:11.170 


Instance: ../Instances/CKP_Classical_Instances/75/4_70_75
RKO: GRASP | 
Sol: 0.385 0.410 0.379 0.499 0.128 0.276 0.421 1.000 0.278 0.381 0.403 0.342 0.475 0.289 0.218 0.344 0.043 0.668 0.041 0.149 0.362 0.461 0.362 0.404 0.260 0.355 0.560 0.234 0.302 0.203 0.297 0.377 0.218 0.428 0.215 0.269 0.262 0.356 0.042 0.341 0.479 0.259 0.340 0.299 0.473 0.505 0.488 0.001 0.344 0.537 0.741 0.122 0.409 0.050 0.388 0.607 0.072 0.368 0.106 0.320 0.465 0.196 0.414 0.476 0.210 0.383 0.382 0.126 0.040 0.361 
ofv: -14268.000000
Best time: 3.895
Total time:10.509 


Instance: ../Instances/CKP_Classical_Instances/75/5_70_75
RKO: GRASP | 
Sol: 0.062 0.275 0.603 0.585 0.317 0.520 0.474 0.978 0.083 0.340 0.464 0.417 0.479 0.346 0.635 0.986 0.275 0.284 0.935 0.077 0.854 0.064 0.545 0.832 0.829 0.080 0.650 0.466 0.339 0.100 0.439 0.033 0.139 0.535 0.916 0.281 0.598 0.441 0.273 0.444 0.158 0.532 0.722 0.150 0.524 0.081 0.903 0.545 0.097 0.596 0.272 0.713 0.407 0.972 0.268 0.829 0.992 0.404 0.120 0.560 0.161 0.489 0.183 0.552 0.254 0.075 0.176 0.765 0.604 0.263 
ofv: -936238.000000
Best time: 5.654
Total time:11.842 


Instance: ../Instances/CKP_Classical_Instances/75/6_70_75
RKO: GRASP | 
Sol: 0.913 0.732 0.524 0.732 0.003 0.095 0.427 0.801 0.590 0.598 0.203 0.517 0.447 0.120 0.639 0.042 0.819 0.098 0.899 0.819 0.473 0.883 0.930 0.697 0.647 0.867 0.739 0.866 0.687 0.798 0.676 0.771 0.595 0.680 0.596 0.756 0.725 0.634 0.631 0.543 0.130 0.518 0.878 0.528 0.977 0.826 0.777 0.130 0.993 0.179 0.696 0.660 0.952 0.992 0.271 0.882 0.737 0.781 0.986 0.680 0.676 0.044 0.113 0.919 0.991 0.739 0.130 0.343 0.868 0.390 
ofv: -5216686.000000
Best time: 8.744
Total time:10.783 


Instance: ../Instances/CKP_Classical_Instances/75/7_70_75
RKO: GRASP | 
Sol: 0.450 0.218 0.482 0.201 0.464 0.643 0.250 0.045 0.364 0.354 0.342 0.367 0.419 0.472 0.006 0.079 0.432 0.253 0.300 0.481 0.264 0.004 0.496 0.469 0.217 0.111 0.492 0.670 0.263 0.077 0.213 0.148 0.278 0.421 0.037 0.364 0.101 0.138 0.096 0.132 0.258 0.187 0.441 0.495 0.049 0.437 0.267 0.338 0.267 0.279 0.048 0.420 0.409 0.506 0.219 0.078 0.290 0.002 0.485 0.285 0.212 0.223 0.441 0.078 0.143 0.277 0.794 0.019 0.472 0.332 
ofv: -3013.000000
Best time: 3.849
Total time:10.287 


Instance: ../Instances/CKP_Classical_Instances/75/8_70_75
RKO: GRASP | 
Sol: 0.297 0.100 0.286 0.137 0.340 0.136 0.469 0.012 0.060 0.290 0.372 0.121 0.748 0.372 0.276 0.282 0.275 0.159 0.348 0.044 0.249 0.469 0.410 0.261 0.442 0.109 0.417 0.455 0.093 0.381 0.095 0.779 0.389 0.288 0.263 0.652 0.306 0.145 0.503 0.208 0.472 0.104 0.162 0.268 0.273 0.287 0.126 0.434 0.414 0.498 0.037 0.173 0.599 0.153 0.372 0.022 0.144 0.053 0.466 0.241 0.460 0.186 0.355 0.084 0.085 0.051 0.312 0.223 0.106 0.382 
ofv: -5450.000000
Best time: 3.799
Total time:10.171 


Instance: ../Instances/CKP_Classical_Instances/75/9_70_75
RKO: GRASP | 
Sol: 0.508 0.030 0.295 0.825 0.171 0.867 0.293 0.180 0.192 0.441 0.523 0.718 0.015 0.949 0.984 0.867 0.728 0.635 0.855 0.341 0.127 0.990 0.076 0.580 0.842 0.128 0.267 0.228 0.216 0.773 0.850 0.227 0.892 0.548 0.316 0.129 0.897 0.480 0.390 0.931 0.819 0.939 0.452 0.644 0.718 0.745 0.453 0.004 0.166 0.666 0.590 0.179 0.209 0.991 0.997 0.458 0.798 0.428 0.724 0.483 0.530 0.188 0.691 0.861 0.284 0.659 0.094 0.515 0.051 0.542 
ofv: -1910758.000000
Best time: 6.640
Total time:10.914 


Instance: ../Instances/CKP_Classical_Instances/75/10_70_75
RKO: GRASP | 
Sol: 0.788 0.799 0.770 0.361 0.867 0.757 0.399 0.728 0.539 0.829 0.623 0.633 0.299 0.665 0.731 0.560 0.278 0.456 0.742 0.955 0.844 0.644 0.819 0.610 0.465 0.546 0.978 0.082 0.681 0.909 0.341 0.120 0.891 0.614 0.045 0.800 0.697 0.569 0.220 0.685 0.943 0.666 0.973 0.534 0.263 0.840 0.843 0.814 0.952 0.957 0.556 0.321 0.762 0.828 0.676 0.038 0.811 0.782 0.783 0.230 0.811 0.985 0.602 0.678 0.670 0.916 0.787 0.633 0.467 0.690 
ofv: -5927928.000000
Best time: 5.837
Total time:10.042 


Instance: ../Instances/CKP_Classical_Instances/100/1_70_100
RKO: GRASP | 
Sol: 0.587 0.711 0.625 0.873 0.984 0.882 0.135 0.715 0.020 0.018 0.978 0.159 0.600 0.170 0.566 0.521 0.935 0.565 0.053 0.690 0.885 0.678 0.835 0.948 0.092 0.637 0.556 0.550 0.625 0.208 0.590 0.724 0.954 0.828 0.720 0.712 0.689 0.508 0.797 0.977 0.564 0.775 0.423 0.952 0.029 0.050 0.044 0.665 0.286 0.159 0.578 0.721 0.718 0.863 0.899 0.932 0.606 0.996 0.151 0.177 0.935 0.745 0.856 0.212 0.243 0.651 0.760 0.801 0.897 0.862 
ofv: -6993527.000000
Best time: 9.920
Total time:11.823 


Instance: ../Instances/CKP_Classical_Instances/100/2_70_100
RKO: GRASP | 
Sol: 0.428 0.372 0.660 0.174 0.348 0.933 0.180 0.150 0.520 0.919 0.950 0.320 0.477 0.914 0.387 0.208 0.294 0.235 0.381 0.223 0.740 0.705 0.874 0.647 0.952 0.831 0.321 0.920 0.404 0.414 0.282 0.200 0.439 0.404 0.448 0.395 0.209 0.376 0.839 0.178 0.096 0.581 0.154 0.489 0.296 0.272 0.080 0.985 0.142 0.729 0.462 0.970 0.305 0.495 0.199 0.066 0.275 0.369 0.360 0.715 0.544 0.434 0.396 0.259 0.948 0.401 0.469 0.257 0.284 0.467 
ofv: -470384.000000
Best time: 5.672
Total time:11.920 


Instance: ../Instances/CKP_Classical_Instances/100/3_70_100
RKO: GRASP | 
Sol: 0.409 0.690 0.814 0.062 0.116 0.342 0.027 0.562 0.228 0.896 0.520 0.457 0.037 0.043 0.410 0.248 0.338 0.112 0.243 0.073 0.554 0.317 0.411 0.128 0.424 0.275 0.564 0.290 0.351 0.447 0.781 0.638 0.328 0.941 0.079 0.428 0.048 0.930 0.290 0.135 0.988 0.190 0.274 0.232 0.423 0.355 0.711 0.007 0.965 0.878 0.686 0.000 0.170 0.489 0.999 0.395 0.265 0.111 0.098 0.232 0.891 0.528 0.012 0.273 0.689 0.462 0.211 0.634 0.266 0.156 
ofv: -458788.000000
Best time: 18.357
Total time:18.357 


Instance: ../Instances/CKP_Classical_Instances/100/4_70_100
RKO: GRASP | 
Sol: 0.113 0.371 0.998 0.110 0.848 0.830 0.548 0.732 0.720 0.375 0.369 0.135 0.830 0.079 0.818 0.404 0.048 0.584 0.905 0.706 0.623 0.911 0.172 0.078 0.220 0.222 0.507 0.602 0.550 0.073 0.946 0.786 0.538 0.943 0.851 0.440 0.643 0.313 0.442 0.605 0.247 0.625 0.479 0.582 0.144 0.112 0.710 0.710 0.434 0.004 0.930 0.038 0.089 0.817 0.094 0.736 0.407 0.299 0.535 0.914 0.229 0.477 0.568 0.756 0.528 0.413 0.010 0.565 0.133 0.290 
ofv: -2295631.000000
Best time: 13.416
Total time:13.416 


Instance: ../Instances/CKP_Classical_Instances/100/5_70_100
RKO: GRASP | 
Sol: 0.803 0.120 0.032 0.451 0.664 0.455 0.252 0.182 0.330 0.703 0.125 0.011 0.096 0.426 0.197 0.098 0.418 0.080 0.300 0.209 0.075 0.225 0.245 0.492 0.465 0.278 0.597 0.456 0.215 0.037 0.045 0.128 0.862 0.385 0.288 0.487 0.799 0.264 0.221 0.323 0.555 0.850 0.165 0.371 0.465 0.550 0.235 0.173 0.195 0.322 0.323 0.942 0.004 0.239 0.012 0.280 0.052 0.390 0.249 0.356 0.354 0.526 0.291 0.846 0.162 0.842 0.266 0.281 0.249 0.278 
ofv: -112473.000000
Best time: 15.220
Total time:15.220 


Instance: ../Instances/CKP_Classical_Instances/100/6_70_100
RKO: GRASP | 
Sol: 0.092 0.086 0.179 0.358 0.274 0.084 0.399 0.031 0.071 0.348 0.267 0.418 0.066 0.129 0.136 0.221 0.158 0.476 0.339 0.246 0.325 0.331 0.391 0.093 0.416 0.094 0.275 0.466 0.370 0.198 0.054 0.374 0.088 0.291 0.453 0.324 0.434 0.378 0.099 0.175 0.405 0.282 0.137 0.239 0.270 0.950 0.204 0.243 0.157 0.387 0.594 0.790 0.383 0.573 0.168 0.471 0.495 0.718 0.498 0.491 0.235 0.080 0.291 0.130 0.435 0.373 0.191 0.625 0.114 0.141 
ofv: -10775.000000
Best time: 5.225
Total time:11.745 


Instance: ../Instances/CKP_Classical_Instances/100/7_70_100
RKO: GRASP | 
Sol: 0.819 0.061 0.622 0.819 0.151 0.108 0.674 0.429 0.022 0.495 0.643 0.973 0.434 0.000 0.354 0.402 0.664 0.932 0.901 0.669 0.728 0.356 0.658 0.943 0.451 0.950 0.209 0.463 0.055 0.493 0.547 0.037 0.004 0.895 0.142 0.789 0.398 0.956 0.355 0.403 0.524 0.822 0.850 0.300 0.444 0.412 0.670 0.321 0.753 0.964 0.400 0.539 0.482 0.068 0.087 0.769 0.345 0.271 0.892 0.951 0.222 0.845 0.856 0.377 0.127 0.763 0.310 0.973 0.926 0.190 
ofv: -1775251.000000
Best time: 9.986
Total time:11.979 


Instance: ../Instances/CKP_Classical_Instances/100/8_70_100
RKO: GRASP | 
Sol: 0.426 0.543 0.432 0.045 0.726 0.833 0.172 0.998 0.206 0.118 0.154 0.607 0.221 0.017 0.370 0.178 0.511 0.197 0.279 0.774 0.424 0.796 0.191 0.175 0.411 0.008 0.707 0.355 0.499 0.794 0.331 0.301 0.315 0.148 0.088 0.168 0.259 0.387 0.614 0.124 0.455 0.433 0.105 0.312 0.419 0.379 0.459 0.836 0.183 0.484 0.561 0.479 0.355 0.071 0.279 0.763 0.557 0.234 0.585 0.875 0.678 0.184 0.323 0.567 0.206 0.241 0.485 0.451 0.368 0.453 
ofv: -346868.000000
Best time: 7.445
Total time:11.568 


Instance: ../Instances/CKP_Classical_Instances/100/9_70_100
RKO: GRASP | 
Sol: 0.994 0.954 0.641 0.608 0.507 0.799 0.684 0.703 0.599 0.714 0.248 0.925 0.686 0.862 0.696 0.978 0.580 0.696 0.880 0.601 0.537 0.515 0.987 0.940 0.513 0.951 0.729 0.685 0.800 0.977 0.589 0.653 0.559 0.516 0.694 0.903 0.231 0.534 0.569 0.968 0.955 0.961 0.798 0.709 0.847 0.847 0.827 0.854 0.598 0.737 0.703 0.901 0.701 0.634 0.954 0.855 0.541 0.585 0.570 0.811 0.515 0.814 0.820 0.993 0.981 0.553 0.916 0.501 0.986 0.851 
ofv: -15446837.000000
Best time: 5.461
Total time:12.073 


Instance: ../Instances/CKP_Classical_Instances/100/10_70_100
RKO: GRASP | 
Sol: 0.851 0.285 0.782 0.992 0.642 0.782 0.778 0.149 0.839 0.784 0.729 0.832 0.796 0.603 0.545 0.224 0.422 0.144 0.613 0.231 0.475 0.274 0.614 0.471 0.259 0.963 0.146 0.153 0.221 0.354 0.650 0.242 0.885 0.276 0.223 0.563 0.412 0.701 0.658 0.902 0.522 0.706 0.472 0.412 0.593 0.433 0.305 0.395 0.661 0.871 0.149 0.404 0.069 0.282 0.468 0.752 0.051 0.670 0.289 0.965 0.093 0.597 0.033 0.756 0.490 0.887 0.620 0.442 0.811 0.185 
ofv: -2141425.000000
Best time: 11.467
Total time:11.467 


Instance: ../Instances/CKP_Classical_Instances/25/1_70_25
RKO: IPR | 
Sol: 0.775 0.973 0.650 0.489 0.106 0.975 0.433 0.409 0.631 0.405 0.558 0.083 0.459 0.752 0.289 0.183 0.185 0.999 0.565 0.698 0.295 0.153 0.821 0.966 0.923 0.114 0.842 0.625 0.698 0.532 0.659 0.384 0.696 0.526 0.357 0.266 0.869 0.720 0.726 0.004 0.250 0.753 0.859 0.642 0.922 0.874 0.973 0.962 0.675 0.611 0.458 0.094 0.344 0.040 0.792 0.824 0.961 0.289 0.695 0.535 0.611 0.745 0.897 0.266 0.824 0.654 0.942 0.689 0.999 0.137 
ofv: -1140811.000000
Best time: 0.799
Total time:10.019 


Instance: ../Instances/CKP_Classical_Instances/25/2_70_25
RKO: IPR | 
Sol: 0.288 0.293 0.631 0.704 0.777 0.685 0.834 0.211 0.785 0.921 0.872 0.544 0.858 0.941 0.746 0.876 0.542 0.282 0.600 0.620 0.754 0.687 0.778 0.528 0.839 0.937 0.827 0.006 0.187 0.533 0.848 0.684 0.239 0.979 0.727 0.147 0.501 0.256 0.029 0.342 0.920 0.979 0.641 0.287 0.788 0.475 0.533 0.663 0.469 0.919 0.702 0.513 0.905 0.445 0.863 0.279 0.211 0.480 0.189 0.701 0.913 0.806 0.099 0.813 0.002 0.276 0.783 0.206 0.223 0.701 
ofv: -1216165.000000
Best time: 0.461
Total time:10.023 


Instance: ../Instances/CKP_Classical_Instances/25/3_70_25
RKO: IPR | 
Sol: 0.565 0.329 0.313 0.983 0.337 0.162 0.013 0.954 0.761 0.921 0.333 0.624 0.552 0.413 0.075 0.634 0.473 0.260 0.149 0.187 0.852 0.690 0.635 0.335 0.735 0.770 0.927 0.481 0.754 0.025 0.284 0.444 0.277 0.162 0.523 0.807 0.313 0.722 0.322 0.373 0.875 0.404 0.465 0.207 0.377 0.505 0.929 0.685 0.819 0.803 0.306 0.942 0.734 0.359 0.559 0.979 0.984 0.809 0.156 0.871 0.753 0.818 0.920 0.092 0.193 0.587 0.326 0.383 0.358 0.978 
ofv: -563507.000000
Best time: 1.126
Total time:10.017 


Instance: ../Instances/CKP_Classical_Instances/25/4_70_25
RKO: IPR | 
Sol: 0.534 0.630 0.354 0.520 0.855 0.163 0.352 0.733 0.796 0.945 0.526 0.773 0.775 0.912 0.320 0.514 0.700 0.556 0.008 0.668 0.184 0.668 0.010 0.752 0.863 0.795 0.590 0.376 0.701 0.530 0.685 0.559 0.711 0.619 0.907 0.713 0.807 0.860 0.519 0.439 0.514 0.953 0.922 0.719 0.727 0.742 0.824 0.573 0.741 0.124 0.705 0.788 0.844 0.636 0.657 0.322 0.508 0.600 0.772 0.927 0.584 0.557 0.305 0.987 0.791 0.992 0.610 0.367 0.082 0.754 
ofv: -2173456.000000
Best time: 0.394
Total time:10.025 


Instance: ../Instances/CKP_Classical_Instances/25/5_70_25
RKO: IPR | 
Sol: 0.650 0.040 0.816 0.710 0.663 0.773 0.947 0.764 0.702 0.696 0.599 0.383 0.804 0.430 0.577 0.870 0.490 0.842 0.529 0.963 0.795 0.583 0.538 0.930 0.126 0.657 0.139 0.903 0.549 0.814 0.199 0.531 0.728 0.633 0.229 0.671 0.749 0.622 0.359 0.396 0.773 0.199 0.797 0.680 0.956 0.568 0.677 0.005 0.599 0.913 0.785 0.670 0.261 0.564 0.601 0.894 0.935 0.088 0.608 0.566 0.506 0.942 0.954 0.234 0.877 0.189 0.607 0.972 0.872 0.965 
ofv: -1961017.000000
Best time: 1.587
Total time:10.007 


Instance: ../Instances/CKP_Classical_Instances/25/6_70_25
RKO: IPR | 
Sol: 0.541 0.917 0.946 0.988 0.475 0.813 0.775 0.621 0.511 0.805 0.693 0.274 0.365 0.857 0.611 0.630 0.728 0.809 0.605 0.293 0.900 0.542 0.192 0.183 0.692 0.653 0.552 0.731 0.716 0.644 0.066 0.179 0.595 0.887 0.535 0.846 0.250 0.737 0.921 0.878 0.969 0.437 0.828 0.382 0.456 0.650 0.693 0.517 0.364 0.738 0.411 0.470 0.776 0.521 0.044 0.703 0.838 0.969 0.665 0.766 0.885 0.295 0.840 0.987 0.657 0.163 0.583 0.959 0.959 0.622 
ofv: -1750061.000000
Best time: 0.382
Total time:10.016 


Instance: ../Instances/CKP_Classical_Instances/25/7_70_25
RKO: IPR | 
Sol: 0.971 0.675 0.364 0.368 0.755 0.696 0.873 0.890 0.058 0.950 0.796 0.652 0.828 0.867 0.532 0.299 0.846 0.313 0.935 0.818 0.676 0.123 0.886 0.928 0.893 0.542 0.755 0.414 0.692 0.758 0.808 0.642 0.894 0.665 0.032 0.700 0.839 0.918 0.712 0.890 0.667 0.874 0.691 0.263 0.909 0.909 0.892 0.826 0.856 0.780 0.152 0.613 0.835 0.853 0.608 0.629 0.704 0.825 0.001 0.867 0.466 0.374 0.618 0.449 0.744 0.055 0.520 0.812 0.650 0.549 
ofv: -2060538.000000
Best time: 0.351
Total time:10.018 


Instance: ../Instances/CKP_Classical_Instances/25/8_70_25
RKO: IPR | 
Sol: 0.214 0.574 0.910 0.425 0.055 0.259 0.286 0.836 0.315 0.252 0.106 0.989 0.604 0.594 0.361 0.231 0.307 0.913 0.460 0.584 0.081 0.650 0.152 0.231 0.355 0.028 0.336 0.496 0.334 0.176 0.470 0.918 0.954 0.857 0.606 0.626 0.169 0.141 0.143 0.224 0.579 0.300 0.826 0.235 0.285 0.267 0.119 0.353 0.111 0.549 0.341 0.834 0.756 0.658 0.446 0.204 0.468 0.513 0.087 0.832 0.034 0.899 0.977 0.455 0.444 0.281 0.181 0.690 0.859 0.924 
ofv: -238707.000000
Best time: 0.290
Total time:10.024 


Instance: ../Instances/CKP_Classical_Instances/25/9_70_25
RKO: IPR | 
Sol: 0.183 0.860 0.581 0.802 0.308 0.032 0.844 0.104 0.500 0.105 0.266 0.382 0.269 0.233 0.027 0.765 0.490 0.989 0.265 0.476 0.345 0.249 0.520 0.590 0.278 0.361 0.985 0.085 0.267 0.254 0.487 0.808 0.194 0.199 0.805 0.001 0.273 0.953 0.118 0.984 0.184 0.386 0.352 0.382 0.755 0.222 0.926 0.574 0.684 0.456 0.346 0.425 0.249 0.845 0.158 0.575 0.451 0.565 0.492 0.010 0.471 0.497 0.143 0.162 0.716 0.075 0.094 0.464 0.155 0.481 
ofv: -109885.000000
Best time: 0.938
Total time:10.010 


Instance: ../Instances/CKP_Classical_Instances/25/10_70_25
RKO: IPR | 
Sol: 0.436 0.818 0.874 0.984 0.721 0.045 0.541 0.828 0.648 0.386 0.878 0.994 0.946 0.663 0.595 0.284 0.948 0.507 0.752 0.237 0.919 0.502 0.840 0.933 0.643 0.638 0.776 0.277 0.041 0.574 0.631 0.591 0.618 0.218 0.482 0.645 0.720 0.670 0.754 0.819 0.078 0.278 0.305 0.738 0.280 0.308 0.615 0.870 0.598 0.799 0.603 0.956 0.025 0.475 0.971 0.842 0.800 0.701 0.516 0.914 0.479 0.573 0.601 0.880 0.703 0.483 0.947 0.937 0.848 0.578 
ofv: -1740259.000000
Best time: 0.476
Total time:10.012 


Instance: ../Instances/CKP_Classical_Instances/50/1_70_50
RKO: IPR | 
Sol: 0.933 0.382 0.199 0.286 0.567 0.510 0.947 0.523 0.598 0.519 0.271 0.781 0.738 0.186 0.461 0.009 0.688 0.968 0.568 0.513 0.835 0.074 0.976 0.403 0.951 0.362 0.644 0.929 0.714 0.945 0.595 0.993 0.653 0.038 0.934 0.468 0.083 0.886 0.420 0.557 0.579 0.733 0.648 0.598 0.643 0.749 0.595 0.860 0.583 0.747 0.593 0.739 0.969 0.276 0.405 0.851 0.797 0.993 0.846 0.924 0.947 0.848 0.640 0.774 0.603 0.709 0.099 0.657 0.836 0.076 
ofv: -3441894.000000
Best time: 0.745
Total time:10.011 


Instance: ../Instances/CKP_Classical_Instances/50/2_70_50
RKO: IPR | 
Sol: 0.008 0.319 0.043 0.253 0.498 0.276 0.274 0.354 0.089 0.797 0.062 0.406 0.464 0.128 0.485 0.258 0.187 0.134 0.907 0.184 0.947 0.964 0.131 0.601 0.352 0.353 0.184 0.880 0.039 0.591 0.077 0.341 0.454 0.430 0.131 0.583 0.375 0.848 0.468 0.977 0.030 0.311 0.411 0.367 0.341 0.817 0.822 0.448 0.937 0.393 0.581 0.543 0.857 0.058 0.403 0.445 0.105 0.447 0.293 0.698 0.048 0.876 0.862 0.401 0.334 0.023 0.096 0.354 0.287 0.683 
ofv: -191550.000000
Best time: 0.556
Total time:10.013 


Instance: ../Instances/CKP_Classical_Instances/50/3_70_50
RKO: IPR | 
Sol: 0.821 0.524 0.203 0.424 0.986 0.671 0.066 0.408 0.624 0.531 0.559 0.058 0.862 0.846 0.326 0.008 0.403 0.524 0.846 0.649 0.919 0.054 0.551 0.647 0.386 0.752 0.937 0.249 0.642 0.579 0.972 0.212 0.309 0.661 0.080 0.901 0.441 0.399 0.057 0.963 0.080 0.827 0.267 0.352 0.557 0.845 0.516 0.744 0.252 0.830 0.848 0.219 0.784 0.910 0.686 0.827 0.871 0.655 0.513 0.105 0.522 0.935 0.945 0.819 0.064 0.445 0.623 0.648 0.532 0.909 
ofv: -2232809.000000
Best time: 0.628
Total time:10.008 


Instance: ../Instances/CKP_Classical_Instances/50/4_70_50
RKO: IPR | 
Sol: 0.253 0.406 0.369 0.445 0.393 0.447 0.009 0.216 0.190 0.082 0.136 0.603 0.610 0.176 0.426 0.428 0.085 0.319 0.537 0.849 0.926 0.133 0.090 0.058 0.530 0.009 0.261 0.827 0.268 0.263 0.098 0.900 0.096 0.114 0.938 0.367 0.474 0.154 0.431 0.405 0.825 0.398 0.354 0.088 0.211 0.321 0.599 0.631 0.422 0.318 0.402 0.651 0.264 0.483 0.086 0.259 0.597 0.034 0.158 0.305 0.433 0.858 0.341 0.130 0.029 0.815 0.333 0.297 0.080 0.158 
ofv: 34307235.000000
Best time: 0.194
Total time:10.005 


Instance: ../Instances/CKP_Classical_Instances/50/5_70_50
RKO: IPR | 
Sol: 0.539 0.197 0.434 0.855 0.253 0.898 0.753 0.856 0.540 0.686 0.635 0.372 0.944 0.524 0.910 0.736 0.991 0.004 0.515 0.761 0.454 0.624 0.208 0.996 0.954 0.209 0.795 0.508 0.749 0.959 0.860 0.081 0.920 0.668 0.623 0.174 0.690 0.270 0.900 0.768 0.671 0.384 0.713 0.952 0.800 0.514 0.510 0.723 0.517 0.927 0.381 0.739 0.873 0.948 0.266 0.139 0.967 0.773 0.165 0.701 0.723 0.668 0.029 0.783 0.660 0.212 0.712 0.806 0.609 0.767 
ofv: -3497988.000000
Best time: 0.592
Total time:10.023 


Instance: ../Instances/CKP_Classical_Instances/50/6_70_50
RKO: IPR | 
Sol: 0.781 0.755 0.112 0.840 0.032 0.772 0.552 0.498 0.482 0.455 0.854 0.985 0.480 0.946 0.446 0.466 0.268 0.186 0.674 0.570 0.894 0.771 0.777 0.170 0.624 0.119 0.613 0.773 0.777 0.086 0.747 0.280 0.696 0.120 0.946 0.328 0.557 0.675 0.588 0.044 0.934 0.256 0.469 0.835 0.782 0.081 0.010 0.818 0.672 0.976 0.712 0.017 0.840 0.201 0.826 0.113 0.469 0.743 0.838 0.971 0.565 0.144 0.254 0.118 0.754 0.113 0.105 0.390 0.668 0.912 
ofv: -1434718.000000
Best time: 0.625
Total time:10.013 


Instance: ../Instances/CKP_Classical_Instances/50/7_70_50
RKO: IPR | 
Sol: 0.743 0.568 0.267 0.171 0.503 0.437 0.685 0.562 0.849 0.197 0.020 0.570 0.716 0.234 0.771 0.711 0.643 0.470 0.618 0.602 0.424 0.618 0.507 0.929 0.238 0.321 0.846 0.823 0.518 0.586 0.343 0.694 0.677 0.570 0.962 0.335 0.946 0.346 0.994 0.638 0.864 0.552 0.585 0.625 0.314 0.534 0.708 0.770 0.948 0.506 0.686 0.228 0.643 0.595 0.770 0.608 0.746 0.860 0.793 0.436 0.299 0.301 0.895 0.515 0.873 0.353 0.730 0.928 0.211 0.544 
ofv: -3073823.000000
Best time: 0.367
Total time:10.011 


Instance: ../Instances/CKP_Classical_Instances/50/8_70_50
RKO: IPR | 
Sol: 0.245 0.970 0.808 0.516 0.657 0.786 0.633 0.862 0.264 0.952 0.705 0.007 0.722 0.976 0.206 0.565 0.023 0.801 0.747 0.970 0.949 0.376 0.472 0.821 0.544 0.892 0.309 0.974 0.738 0.716 0.978 0.809 0.003 0.695 0.049 0.536 0.896 0.880 0.988 0.765 0.884 0.534 0.667 0.575 0.722 0.113 0.726 0.767 0.156 0.952 0.144 0.763 0.555 0.601 0.658 0.537 0.584 0.591 0.919 0.271 0.731 0.547 0.581 0.218 0.406 0.929 0.828 0.687 0.200 0.937 
ofv: -3701728.000000
Best time: 0.783
Total time:10.021 


Instance: ../Instances/CKP_Classical_Instances/50/9_70_50
RKO: IPR | 
Sol: 0.954 0.822 0.027 0.147 0.627 0.834 0.210 0.768 0.813 0.288 0.557 0.777 0.289 0.856 0.695 0.938 0.513 0.847 0.323 0.980 0.395 0.629 0.886 0.799 0.549 0.159 0.529 0.686 0.270 0.625 0.510 0.817 0.310 0.561 0.862 0.761 0.044 0.098 0.546 0.419 0.747 0.947 0.659 0.869 0.728 0.764 0.179 0.481 0.713 0.241 0.977 0.215 0.610 0.626 0.920 0.747 0.531 0.895 0.101 0.908 0.541 0.945 0.988 0.883 0.760 0.424 0.972 0.679 0.951 0.608 
ofv: -3268623.000000
Best time: 0.337
Total time:10.027 


Instance: ../Instances/CKP_Classical_Instances/50/10_70_50
RKO: IPR | 
Sol: 0.919 0.595 0.198 0.868 0.996 0.981 0.728 0.604 0.475 0.988 0.683 0.849 0.533 0.425 0.101 0.925 0.567 0.981 0.598 0.536 0.983 0.721 0.702 0.785 0.550 0.675 0.823 0.997 0.797 0.094 0.737 0.823 0.207 0.148 0.667 0.740 0.614 0.082 0.873 0.923 0.463 0.884 0.364 0.742 0.723 0.572 0.548 0.019 0.966 0.158 0.747 0.825 0.697 0.365 0.638 0.707 0.681 0.851 0.117 0.938 0.682 0.713 0.541 0.727 0.545 0.249 0.742 0.877 0.357 0.955 
ofv: -3888051.000000
Best time: 0.522
Total time:10.024 


Instance: ../Instances/CKP_Classical_Instances/75/1_70_75
RKO: IPR | 
Sol: 0.975 0.484 0.608 0.663 0.242 0.902 0.663 0.943 0.155 0.618 0.273 0.978 0.818 0.792 0.039 0.551 0.516 0.639 0.165 0.503 0.969 0.874 0.065 0.323 0.853 0.782 0.635 0.914 0.878 0.566 0.188 0.072 0.700 0.974 0.772 0.511 0.624 0.120 0.547 0.806 0.979 0.997 0.853 0.555 0.580 0.501 0.772 0.254 0.255 0.755 0.707 0.747 0.551 0.413 0.714 0.749 0.790 0.408 0.634 0.964 0.518 0.303 0.318 0.310 0.782 0.047 0.118 0.935 0.817 0.920 
ofv: -4579923.000000
Best time: 1.124
Total time:10.009 


Instance: ../Instances/CKP_Classical_Instances/75/2_70_75
RKO: IPR | 
Sol: 0.751 0.299 0.310 0.564 0.324 0.595 0.084 0.987 0.936 0.866 0.659 0.850 0.971 0.907 0.544 0.831 0.943 0.429 0.662 0.382 0.234 0.065 0.850 0.131 0.509 0.509 0.705 0.041 0.392 0.386 0.670 0.965 0.785 0.800 0.230 0.842 0.953 0.793 0.085 0.736 0.694 0.968 0.659 0.864 0.346 0.413 0.985 0.851 0.771 0.958 0.998 0.992 0.678 0.142 0.516 0.887 0.479 0.800 0.924 0.541 0.456 0.783 0.736 0.627 0.312 0.994 0.988 0.029 0.288 0.984 
ofv: -4049339.000000
Best time: 1.328
Total time:10.025 


Instance: ../Instances/CKP_Classical_Instances/75/3_70_75
RKO: IPR | 
Sol: 0.629 0.550 0.260 0.375 0.861 0.520 0.572 0.229 0.509 0.503 0.803 0.663 0.701 0.814 0.328 0.667 0.351 0.986 0.562 0.816 0.839 0.535 0.513 0.693 0.682 0.345 0.961 0.179 0.979 0.867 0.280 0.564 0.918 0.817 0.687 0.763 0.871 0.053 0.257 0.921 0.626 0.920 0.987 0.770 0.455 0.686 0.950 0.560 0.780 0.513 0.958 0.894 0.928 0.897 0.803 0.168 0.481 0.889 0.503 0.342 0.861 0.918 0.456 0.596 0.434 0.662 0.734 0.845 0.160 0.899 
ofv: -5468257.000000
Best time: 0.739
Total time:10.009 


Instance: ../Instances/CKP_Classical_Instances/75/4_70_75
RKO: IPR | 
Sol: 0.131 0.431 0.495 0.988 0.860 0.704 0.204 0.087 0.563 0.233 0.151 0.195 0.491 0.965 0.181 0.823 0.322 0.775 0.626 0.336 0.108 0.957 0.080 0.442 0.179 0.109 0.589 0.338 0.709 0.200 0.401 0.432 0.492 0.277 0.351 0.321 0.433 0.810 0.303 0.316 0.309 0.932 0.178 0.137 0.345 0.698 0.296 0.686 0.251 0.047 0.771 0.235 0.064 0.037 0.467 0.853 0.259 0.977 0.146 0.245 0.022 0.351 0.430 0.050 0.173 0.953 0.424 0.401 0.704 0.357 
ofv: 39022938.000000
Best time: 0.756
Total time:10.011 


Instance: ../Instances/CKP_Classical_Instances/75/5_70_75
RKO: IPR | 
Sol: 0.435 0.509 0.329 0.149 0.798 0.349 0.341 0.743 0.694 0.235 0.805 0.065 0.402 0.373 0.040 0.033 0.734 0.664 0.025 0.788 0.592 0.225 0.285 0.487 0.917 0.337 0.858 0.432 0.112 0.994 0.039 0.970 0.835 0.466 0.582 0.067 0.791 0.169 0.085 0.077 0.370 0.042 0.816 0.108 0.679 0.044 0.074 0.225 0.340 0.277 0.573 0.990 0.988 0.798 0.239 0.264 0.145 0.071 0.603 0.731 0.800 0.702 0.022 0.326 0.418 0.986 0.184 0.848 0.793 0.399 
ofv: -880878.000000
Best time: 0.576
Total time:10.016 


Instance: ../Instances/CKP_Classical_Instances/75/6_70_75
RKO: IPR | 
Sol: 0.862 0.656 0.495 0.902 0.754 0.140 0.332 0.252 0.586 0.554 0.645 0.962 0.012 0.236 0.788 0.803 0.568 0.177 0.605 0.843 0.358 0.081 0.632 0.570 0.926 0.132 0.155 0.925 0.308 0.631 0.506 0.953 0.433 0.823 0.294 0.632 0.168 0.919 0.339 0.924 0.736 0.024 0.911 0.521 0.559 0.938 0.903 0.665 0.269 0.932 0.891 0.622 0.461 0.901 0.649 0.835 0.920 0.037 0.272 0.985 0.656 0.793 0.866 0.526 0.823 0.886 0.516 0.674 0.765 0.158 
ofv: -3838843.000000
Best time: 0.540
Total time:10.014 


Instance: ../Instances/CKP_Classical_Instances/75/7_70_75
RKO: IPR | 
Sol: 0.159 0.251 0.198 0.353 0.072 0.150 0.774 0.155 0.301 0.805 0.388 0.499 0.210 0.942 0.067 0.251 0.266 0.300 0.574 0.452 0.215 0.078 0.572 0.105 0.443 0.061 0.255 0.889 0.083 0.047 0.607 0.538 0.016 0.003 0.777 0.741 0.243 0.060 0.364 0.944 0.036 0.948 0.851 0.431 0.997 0.448 0.155 0.954 0.302 0.053 0.159 0.091 0.991 0.870 0.435 0.476 0.908 0.183 0.654 0.393 0.143 0.192 0.460 0.311 0.569 0.223 0.285 0.724 0.318 0.402 
ofv: 37883294.000000
Best time: 0.209
Total time:10.030 


Instance: ../Instances/CKP_Classical_Instances/75/8_70_75
RKO: IPR | 
Sol: 0.989 0.327 0.857 0.447 0.008 0.196 0.303 0.932 0.096 0.479 0.353 0.175 0.906 0.426 0.361 0.144 0.178 0.107 0.801 0.066 0.495 0.276 0.170 0.102 0.787 0.673 0.472 0.069 0.159 0.175 0.948 0.459 0.450 0.033 0.229 0.145 0.171 0.970 0.874 0.390 0.630 0.246 0.093 0.712 0.779 0.829 0.003 0.724 0.131 0.907 0.342 0.543 0.236 0.082 0.405 0.183 0.009 0.983 0.369 0.992 0.176 0.083 0.202 0.207 0.224 0.196 0.820 0.114 0.473 0.625 
ofv: 39788178.000000
Best time: 0.349
Total time:10.025 


Instance: ../Instances/CKP_Classical_Instances/75/9_70_75
RKO: IPR | 
Sol: 0.449 0.053 0.242 0.060 0.814 0.990 0.860 0.728 0.558 0.302 0.078 0.682 0.427 0.879 0.127 0.687 0.948 0.875 0.999 0.777 0.024 0.551 0.347 0.725 0.221 0.094 0.001 0.459 0.429 0.916 0.643 0.590 0.297 0.524 0.138 0.084 0.848 0.147 0.058 0.460 0.823 0.864 0.141 0.980 0.826 0.068 0.080 0.111 0.394 0.026 0.284 0.259 0.791 0.504 0.972 0.309 0.484 0.202 0.365 0.560 0.980 0.977 0.315 0.283 0.075 0.924 0.792 0.898 0.685 0.707 
ofv: -1437059.000000
Best time: 1.400
Total time:10.022 


Instance: ../Instances/CKP_Classical_Instances/75/10_70_75
RKO: IPR | 
Sol: 0.200 0.585 0.675 0.922 0.087 0.936 0.311 0.805 0.562 0.682 0.266 0.967 0.104 0.653 0.895 0.988 0.919 0.519 0.922 0.249 0.957 0.561 0.625 0.757 0.826 0.428 0.968 0.632 0.453 0.728 0.718 0.740 0.545 0.366 0.816 0.939 0.489 0.781 0.180 0.928 0.728 0.630 0.376 0.587 0.570 0.685 0.988 0.613 0.362 0.508 0.233 0.067 0.536 0.286 0.030 0.575 0.519 0.947 0.088 0.669 0.972 0.600 0.882 0.792 0.916 0.263 0.825 0.603 0.583 0.207 
ofv: -4590146.000000
Best time: 0.595
Total time:10.009 


Instance: ../Instances/CKP_Classical_Instances/100/1_70_100
RKO: IPR | 
Sol: 0.919 0.510 0.845 0.848 0.208 0.604 0.417 0.711 0.982 0.896 0.326 0.392 0.512 0.751 0.814 0.697 0.920 0.552 0.087 0.611 0.992 0.710 0.629 0.821 0.280 0.077 0.992 0.036 0.903 0.106 0.690 0.696 0.202 0.635 0.371 0.445 0.656 0.660 0.955 0.639 0.882 0.840 0.819 0.632 0.111 0.991 0.565 0.302 0.386 0.248 0.566 0.720 0.280 0.851 0.976 0.623 0.908 0.059 0.594 0.560 0.150 0.656 0.985 0.773 0.304 0.759 0.719 0.758 0.528 0.931 
ofv: -6135915.000000
Best time: 1.179
Total time:10.011 


Instance: ../Instances/CKP_Classical_Instances/100/2_70_100
RKO: IPR | 
Sol: 0.329 0.052 0.330 0.417 0.480 0.053 0.903 0.186 0.517 0.610 0.182 0.372 0.378 0.494 0.703 0.445 0.938 0.104 0.143 0.398 0.700 0.093 0.603 0.382 0.523 0.147 0.356 0.090 0.012 0.937 0.304 0.528 0.705 0.363 0.025 0.495 0.307 0.606 0.357 0.330 0.189 0.294 0.197 0.429 0.701 0.042 0.493 0.496 0.078 0.458 0.998 0.190 0.266 0.451 0.302 0.842 0.670 0.006 0.860 0.103 0.269 0.441 0.226 0.198 0.418 0.399 0.381 0.600 0.947 0.050 
ofv: 4877965.000000
Best time: 0.574
Total time:10.023 


Instance: ../Instances/CKP_Classical_Instances/100/3_70_100
RKO: IPR | 
Sol: 0.125 0.360 0.340 0.217 0.322 0.516 0.139 0.434 0.125 0.600 0.695 0.348 0.315 0.966 0.895 0.225 0.426 0.203 0.843 0.132 0.373 0.051 0.266 0.776 0.660 0.183 0.672 0.417 0.309 0.493 0.755 0.297 0.289 0.895 0.263 0.174 0.019 0.844 0.446 0.092 0.440 0.055 0.552 0.334 0.250 0.968 0.462 0.473 0.250 0.839 0.861 0.289 0.174 0.081 0.840 0.466 0.128 0.286 0.119 0.065 0.579 0.390 0.255 0.463 0.462 0.087 0.132 0.215 0.954 0.123 
ofv: -314474.000000
Best time: 0.409
Total time:10.008 


Instance: ../Instances/CKP_Classical_Instances/100/4_70_100
RKO: IPR | 
Sol: 0.350 0.491 0.973 0.534 0.205 0.721 0.226 0.543 0.060 0.134 0.980 0.556 0.343 0.148 0.714 0.363 0.259 0.690 0.001 0.839 0.461 0.310 0.022 0.298 0.122 0.476 0.632 0.623 0.904 0.673 0.347 0.168 0.649 0.842 0.168 0.148 0.369 0.178 0.320 0.623 0.361 0.203 0.772 0.918 0.720 0.325 0.624 0.629 0.042 0.452 0.794 0.554 0.140 0.746 0.112 0.835 0.340 0.886 0.949 0.627 0.396 0.022 0.671 0.158 0.731 0.432 0.959 0.398 0.335 0.732 
ofv: -1568846.000000
Best time: 2.632
Total time:10.027 


Instance: ../Instances/CKP_Classical_Instances/100/5_70_100
RKO: IPR | 
Sol: 0.023 0.829 0.473 0.034 0.220 0.413 0.466 0.251 0.318 0.191 0.172 0.486 0.735 0.210 0.354 0.268 0.640 0.090 0.728 0.438 0.472 0.144 0.031 0.138 0.596 0.007 0.835 0.475 0.877 0.139 0.115 0.315 0.539 0.863 0.936 0.491 0.060 0.939 0.406 0.102 0.031 0.925 0.258 0.475 0.258 0.076 0.790 0.223 0.201 0.431 0.117 0.252 0.336 0.374 0.931 0.293 0.586 0.455 0.247 0.471 0.162 0.217 0.044 0.157 0.352 0.820 0.154 0.458 0.303 0.102 
ofv: 11921419.000000
Best time: 0.417
Total time:10.019 


Instance: ../Instances/CKP_Classical_Instances/100/6_70_100
RKO: IPR | 
Sol: 0.287 0.372 0.008 0.756 0.566 0.240 0.231 0.420 0.286 0.768 0.430 0.410 0.616 0.761 0.180 0.189 0.457 0.446 0.279 0.518 0.306 0.831 0.176 0.019 0.213 0.468 0.865 0.068 0.109 0.264 0.439 0.790 0.065 0.150 0.291 0.042 0.215 0.235 0.470 0.749 0.463 0.737 0.237 0.156 0.547 0.354 0.234 0.022 0.233 0.537 0.254 0.343 0.129 0.278 0.636 0.470 0.060 0.171 0.275 0.305 0.343 0.291 0.065 0.205 0.796 0.104 0.005 0.933 0.055 0.063 
ofv: 29911915.000000
Best time: 0.339
Total time:10.017 


Instance: ../Instances/CKP_Classical_Instances/100/7_70_100
RKO: IPR | 
Sol: 0.040 0.423 0.943 0.065 0.323 0.577 0.851 0.147 0.360 0.393 0.360 0.762 0.082 0.805 0.141 0.753 0.639 0.684 0.787 0.271 0.454 0.382 0.071 0.556 0.146 0.916 0.274 0.595 0.159 0.870 0.870 0.078 0.124 0.130 0.380 0.893 0.249 0.875 0.235 0.445 0.971 0.316 0.833 0.690 0.597 0.297 0.367 0.387 0.898 0.747 0.008 0.582 0.190 0.048 0.798 0.760 0.095 0.221 0.937 0.712 0.473 0.433 0.045 0.258 0.470 0.919 0.570 0.736 0.149 0.158 
ofv: -1281396.000000
Best time: 1.928
Total time:10.010 


Instance: ../Instances/CKP_Classical_Instances/100/8_70_100
RKO: IPR | 
Sol: 0.367 0.131 0.178 0.376 0.150 0.196 0.942 0.265 0.171 0.278 0.000 0.483 0.471 0.093 0.467 0.284 0.866 0.042 0.262 0.264 0.040 0.406 0.126 0.286 0.485 0.037 0.067 0.099 0.858 0.021 0.511 0.110 0.191 0.047 0.965 0.002 0.454 0.781 0.202 0.597 0.173 0.067 0.034 0.343 0.908 0.120 0.242 0.614 0.270 0.429 0.417 0.291 0.758 0.476 0.451 0.749 0.431 0.484 0.721 0.244 0.510 0.272 0.311 0.003 0.391 0.707 0.349 0.004 0.542 0.482 
ofv: 2251329.000000
Best time: 0.678
Total time:10.023 


Instance: ../Instances/CKP_Classical_Instances/100/9_70_100
RKO: IPR | 
Sol: 0.775 0.770 0.455 0.549 0.681 0.862 0.714 0.929 0.143 0.562 0.998 0.978 0.135 0.996 0.615 0.787 0.429 0.206 0.990 0.784 0.155 0.936 0.872 0.488 0.507 0.934 0.852 0.211 0.949 0.078 0.917 0.677 0.893 0.919 0.992 0.898 0.347 0.115 0.951 0.910 0.558 0.828 0.641 0.289 0.531 0.975 0.657 0.103 0.878 0.924 0.571 0.001 0.942 0.781 0.047 0.714 0.659 0.257 0.359 0.977 0.698 0.011 0.960 0.336 0.809 0.205 0.989 0.289 0.578 0.975 
ofv: -5725239.000000
Best time: 0.338
Total time:10.015 


Instance: ../Instances/CKP_Classical_Instances/100/10_70_100
RKO: IPR | 
Sol: 0.022 0.445 0.526 0.908 0.200 0.715 0.965 0.772 0.328 0.756 0.323 0.534 0.606 0.006 0.907 0.089 0.227 0.879 0.916 0.413 0.903 0.860 0.916 0.051 0.714 0.910 0.304 0.198 0.627 0.859 0.630 0.814 0.168 0.804 0.287 0.244 0.857 0.051 0.851 0.220 0.875 0.143 0.318 0.031 0.966 0.749 0.421 0.570 0.720 0.877 0.964 0.033 0.004 0.194 0.086 0.159 0.140 0.947 0.154 0.727 0.468 0.491 0.354 0.407 0.127 0.666 0.864 0.341 0.813 0.310 
ofv: -2070103.000000
Best time: 1.905
Total time:10.017 
